*******************************************************************************
16.10.2025 09:20:25 - Start aerodynamic_analysis
16.10.2025 09:20:25 - [MODULE RUNTIMEINFO] - aerodynamic_analysis
16.10.2025 09:20:25 -    [CONSOLE  ] - [ON]
16.10.2025 09:20:25 -    [LOG      ] - [ON]
16.10.2025 09:20:25 -    [PLOT     ] - [OFF]
16.10.2025 09:20:25 -       [COPY  ] - [ON]
16.10.2025 09:20:25 -       [DELETE] - [ON]
16.10.2025 09:20:25 -    [REPORT   ] - [OFF]
16.10.2025 09:20:25 -    [TEX      ] - [OFF]
16.10.2025 09:20:25 -    [INFOFILES] - [OFF]
16.10.2025 09:20:25 -    [GNUPLOT]
16.10.2025 09:20:25 -       [PATH    ] - C:/Programs/UNICADOworkflow/gnuplot
16.10.2025 09:20:25 -       [FILENAME] - 
16.10.2025 09:20:25 -    [INKSCAPE]
16.10.2025 09:20:25 -       [PATH    ] - C:/Programs/UNICADOworkflow/inkscape
16.10.2025 09:20:25 -       [FILENAME] - 
16.10.2025 09:20:25 -    [LOGFILE]
16.10.2025 09:20:25 -       [PATH    ] - C:/Programs/UNICADOworkflow/workingDirectoryRCE/UNICADOworkflow_2025-10-16_09-20-18_13
16.10.2025 09:20:25 -       [FILENAME] - aerodynamic_analysis.log
16.10.2025 09:20:25 -    [IO/ACXML]
16.10.2025 09:20:25 -       [PATH    ] - C:/Programs/UNICADOworkflow/workingDirectoryRCE/UNICADOworkflow_2025-10-16_09-20-18_13/UNICADO-SMR-01
16.10.2025 09:20:25 -       [FILENAME] - UNICADO-SMR-01.xml
16.10.2025 09:20:25 -    [MODCONFIG]
16.10.2025 09:20:25 -       [PATH    ] - ../workingDirectoryRCE/UNICADOworkflow_2025-10-16_09-20-18_13
16.10.2025 09:20:25 -       [FILENAME] - aerodynamic_analysis_conf.xml
16.10.2025 09:20:25 - Checking directory... [REPORT]
16.10.2025 09:20:25 - Checking directory... [TEX]
16.10.2025 09:20:25 - Checking directory... [LOGFILES]
16.10.2025 09:20:25 - Calculate Polar for TAW: Initialize...
16.10.2025 09:20:25 - WARNING: Node to read not existing ... analysis/aerodynamics/lift_coefficients/C_LoptimumCruise
16.10.2025 09:20:25 - WARNING: Node to read not existing ... analysis/masses_cg_inertia/design_mission/takeoff_mass/mass_properties/center_of_gravity/x
16.10.2025 09:20:25 - WARNING: Node to read not existing ... analysis/masses_cg_inertia/design_mission/takeoff_mass/mass_properties/center_of_gravity/y
16.10.2025 09:20:25 - WARNING: Node to read not existing ... analysis/masses_cg_inertia/design_mission/takeoff_mass/mass_properties/center_of_gravity/z
16.10.2025 09:20:25 - WARNING: Node to read not existing ... analysis/masses_cg_inertia/design_mission/most_forward_mass/mass_properties/center_of_gravity/x
16.10.2025 09:20:25 - WARNING: Node to read not existing ... analysis/masses_cg_inertia/design_mission/most_forward_mass/mass_properties/center_of_gravity/y
16.10.2025 09:20:25 - WARNING: Node to read not existing ... analysis/masses_cg_inertia/design_mission/most_forward_mass/mass_properties/center_of_gravity/z
16.10.2025 09:20:25 - WARNING: Node to read not existing ... analysis/masses_cg_inertia/design_mission/most_afterward_mass/mass_properties/center_of_gravity/x
16.10.2025 09:20:25 - WARNING: Node to read not existing ... analysis/masses_cg_inertia/design_mission/most_afterward_mass/mass_properties/center_of_gravity/y
16.10.2025 09:20:25 - WARNING: Node to read not existing ... analysis/masses_cg_inertia/design_mission/most_afterward_mass/mass_properties/center_of_gravity/z
16.10.2025 09:20:25 - WARNING: Node to read not existing ... analysis/mission/design_mission/cruise/average_lift_coefficient
16.10.2025 09:20:25 - Calculate Polar for TAW: Run...

16.10.2025 09:20:25 - Run aero calculations for design CoG and stabilizer angle of -6 deg...
16.10.2025 09:20:25 - Run lifting line for TAW...
16.10.2025 09:20:25 - Set panel distribution for the main_wing lifting surface ...
16.10.2025 09:20:25 - Set panel distribution for the horizontal_stabiliser lifting surface ...
16.10.2025 09:20:25 - -> Total number of panels: 275
16.10.2025 09:20:25 - Write LILI Input file calcPolar_inc_LL.inp ...(calcPolar_inc_LL.inp)
16.10.2025 09:20:25 - Start LiftingLine (calcPolar_inc_LL) ... DONE
16.10.2025 09:20:27 - Read LiftingLine results (calcPolar_inc_LL) ...
16.10.2025 09:20:27 - Set panel distribution for the main_wing lifting surface ...
16.10.2025 09:20:27 - Set panel distribution for the horizontal_stabiliser lifting surface ...
16.10.2025 09:20:27 - -> Total number of panels: 275
16.10.2025 09:20:27 - Write LILI Input file calcPolar_M078_LL.inp ...(calcPolar_M078_LL.inp)
16.10.2025 09:20:27 - Start LiftingLine (calcPolar_M078_LL) ... DONE
16.10.2025 09:20:29 - Read LiftingLine results (calcPolar_M078_LL) ...
16.10.2025 09:20:29 - WARNING: For Ma = 0.20: CL_max=1.57 > CL_max (LI_LI)=1.19. Using Extrapolation!
16.10.2025 09:20:29 - WARNING: For Ma = 0.50: CL_max=1.44 > CL_max (LI_LI)=1.19. Using Extrapolation!
16.10.2025 09:20:29 - WARNING: For Ma = 0.60: CL_max=1.40 > CL_max (LI_LI)=1.19. Using Extrapolation!
16.10.2025 09:20:29 - WARNING: For Ma = 0.63: CL_max=1.31 > CL_max (LI_LI)=1.19. Using Extrapolation!
16.10.2025 09:20:29 - Create Aero-Sections ...
16.10.2025 09:20:29 - * Section 1 (Surface Segment (1st))
16.10.2025 09:20:29 - * Section 2 (Surface Segment)
16.10.2025 09:20:29 - * Section 3 (Surface Segment (last))
16.10.2025 09:20:29 - * Section 4 (Surface Segment (virtual tip))
16.10.2025 09:20:29 - Calculate polar for Ma = 0.20 | CL-Range [-0.40;1.57]
16.10.2025 09:20:29 - Calculate polar for Ma = 0.50 | CL-Range [-0.40;1.44]
16.10.2025 09:20:29 - Calculate polar for Ma = 0.60 | CL-Range [-0.40;1.39]
16.10.2025 09:20:29 - Calculate polar for Ma = 0.63 | CL-Range [-0.40;1.31]
16.10.2025 09:20:29 - Calculate polar for Ma = 0.68 | CL-Range [-0.40;1.15]
16.10.2025 09:20:29 - Calculate polar for Ma = 0.73 | CL-Range [-0.40;0.96]
16.10.2025 09:20:29 - Calculate polar for Ma = 0.76 | CL-Range [-0.40;0.84]
16.10.2025 09:20:30 - Calculate polar for Ma = 0.78 | CL-Range [-0.40;0.75]
16.10.2025 09:20:30 - Calculate polar for Ma = 0.79 | CL-Range [-0.40;0.70]
16.10.2025 09:20:30 - Calculate polar for Ma = 0.83 | CL-Range [-0.40;0.50]
16.10.2025 09:20:30 - ... moments and induced drag have been calculated successfully!
16.10.2025 09:20:30 - Viscous drag calculation by Raymer successfully initialized for:
16.10.2025 09:20:30 -  -wing
16.10.2025 09:20:30 -  -HTP
16.10.2025 09:20:30 -  -VTP
16.10.2025 09:20:30 -  -fuselage
16.10.2025 09:20:30 -  -nacelles
16.10.2025 09:20:30 -  -miscellaneous
16.10.2025 09:20:30 - ... Viscous drag has been calculated sucessfully!
16.10.2025 09:20:30 - ... Wave drag has been calculated sucessfully!
16.10.2025 09:20:30 - Sum up drag components
16.10.2025 09:20:30 - Calculate aerodynamic performance
16.10.2025 09:20:30 - Run high lift calculation
16.10.2025 09:20:30 - Calculate high lift polar for takeoff
16.10.2025 09:20:30 - CL_max (t/o) = 2.43
16.10.2025 09:20:30 - Calculate high lift polar for takeoff_landing_gear_retracted
16.10.2025 09:20:30 - Calculate high lift polar for climb
16.10.2025 09:20:30 - Calculate high lift polar for approach
16.10.2025 09:20:30 - Calculate high lift polar for approach_landing_gear_out
16.10.2025 09:20:30 - Calculate high lift polar for landing
16.10.2025 09:20:30 - CL_max (ldg) = 2.80

16.10.2025 09:20:30 - Run aero calculations for design CoG and stabilizer angle of 0.00 deg...
16.10.2025 09:20:30 - Run lifting line for TAW...
16.10.2025 09:20:30 - Set panel distribution for the main_wing lifting surface ...
16.10.2025 09:20:30 - Set panel distribution for the horizontal_stabiliser lifting surface ...
16.10.2025 09:20:30 - -> Total number of panels: 275
16.10.2025 09:20:30 - Write LILI Input file calcPolar_inc_LL.inp ...(calcPolar_inc_LL.inp)
16.10.2025 09:20:30 - Start LiftingLine (calcPolar_inc_LL) ... DONE
16.10.2025 09:20:32 - Read LiftingLine results (calcPolar_inc_LL) ...
16.10.2025 09:20:32 - Set panel distribution for the main_wing lifting surface ...
16.10.2025 09:20:32 - Set panel distribution for the horizontal_stabiliser lifting surface ...
16.10.2025 09:20:32 - -> Total number of panels: 275
16.10.2025 09:20:32 - Write LILI Input file calcPolar_M078_LL.inp ...(calcPolar_M078_LL.inp)
16.10.2025 09:20:32 - Start LiftingLine (calcPolar_M078_LL) ... DONE
16.10.2025 09:20:33 - Read LiftingLine results (calcPolar_M078_LL) ...
16.10.2025 09:20:33 - WARNING: For Ma = 0.20: CL_max=1.57 > CL_max (LI_LI)=1.30. Using Extrapolation!
16.10.2025 09:20:33 - WARNING: For Ma = 0.50: CL_max=1.44 > CL_max (LI_LI)=1.30. Using Extrapolation!
16.10.2025 09:20:33 - WARNING: For Ma = 0.60: CL_max=1.40 > CL_max (LI_LI)=1.30. Using Extrapolation!
16.10.2025 09:20:33 - WARNING: For Ma = 0.63: CL_max=1.31 > CL_max (LI_LI)=1.30. Using Extrapolation!
16.10.2025 09:20:33 - Create Aero-Sections ...
16.10.2025 09:20:33 - * Section 1 (Surface Segment (1st))
16.10.2025 09:20:33 - * Section 2 (Surface Segment)
16.10.2025 09:20:33 - * Section 3 (Surface Segment (last))
16.10.2025 09:20:33 - * Section 4 (Surface Segment (virtual tip))
16.10.2025 09:20:33 - Calculate polar for Ma = 0.20 | CL-Range [-0.30;1.57]
16.10.2025 09:20:33 - Calculate polar for Ma = 0.50 | CL-Range [-0.30;1.44]
16.10.2025 09:20:34 - Calculate polar for Ma = 0.60 | CL-Range [-0.30;1.39]
16.10.2025 09:20:34 - Calculate polar for Ma = 0.63 | CL-Range [-0.30;1.31]
16.10.2025 09:20:34 - Calculate polar for Ma = 0.68 | CL-Range [-0.30;1.15]
16.10.2025 09:20:34 - Calculate polar for Ma = 0.73 | CL-Range [-0.30;0.96]
16.10.2025 09:20:34 - Calculate polar for Ma = 0.76 | CL-Range [-0.30;0.84]
16.10.2025 09:20:34 - Calculate polar for Ma = 0.78 | CL-Range [-0.30;0.75]
16.10.2025 09:20:34 - Calculate polar for Ma = 0.79 | CL-Range [-0.30;0.70]
16.10.2025 09:20:34 - Calculate polar for Ma = 0.83 | CL-Range [-0.30;0.50]
16.10.2025 09:20:34 - ... moments and induced drag have been calculated successfully!
16.10.2025 09:20:34 - Viscous drag calculation by Raymer successfully initialized for:
16.10.2025 09:20:34 -  -wing
16.10.2025 09:20:34 -  -HTP
16.10.2025 09:20:34 -  -VTP
16.10.2025 09:20:34 -  -fuselage
16.10.2025 09:20:34 -  -nacelles
16.10.2025 09:20:34 -  -miscellaneous
16.10.2025 09:20:34 - ... Viscous drag has been calculated sucessfully!
16.10.2025 09:20:34 - ... Wave drag has been calculated sucessfully!
16.10.2025 09:20:34 - Sum up drag components
16.10.2025 09:20:34 - Calculate aerodynamic performance
16.10.2025 09:20:34 - Run high lift calculation
16.10.2025 09:20:34 - Calculate high lift polar for takeoff
16.10.2025 09:20:34 - CL_max (t/o) = 2.43
16.10.2025 09:20:34 - Calculate high lift polar for takeoff_landing_gear_retracted
16.10.2025 09:20:34 - Calculate high lift polar for climb
16.10.2025 09:20:34 - Calculate high lift polar for approach
16.10.2025 09:20:34 - Calculate high lift polar for approach_landing_gear_out
16.10.2025 09:20:34 - Calculate high lift polar for landing
16.10.2025 09:20:34 - CL_max (ldg) = 2.80

16.10.2025 09:20:34 - Run aero calculations for design CoG and stabilizer angle of 6.00 deg...
16.10.2025 09:20:34 - Run lifting line for TAW...
16.10.2025 09:20:34 - Set panel distribution for the main_wing lifting surface ...
16.10.2025 09:20:34 - Set panel distribution for the horizontal_stabiliser lifting surface ...
16.10.2025 09:20:34 - -> Total number of panels: 275
16.10.2025 09:20:34 - Write LILI Input file calcPolar_inc_LL.inp ...(calcPolar_inc_LL.inp)
16.10.2025 09:20:34 - Start LiftingLine (calcPolar_inc_LL) ... DONE
16.10.2025 09:20:36 - Read LiftingLine results (calcPolar_inc_LL) ...
16.10.2025 09:20:36 - Set panel distribution for the main_wing lifting surface ...
16.10.2025 09:20:36 - Set panel distribution for the horizontal_stabiliser lifting surface ...
16.10.2025 09:20:36 - -> Total number of panels: 275
16.10.2025 09:20:36 - Write LILI Input file calcPolar_M078_LL.inp ...(calcPolar_M078_LL.inp)
16.10.2025 09:20:36 - Start LiftingLine (calcPolar_M078_LL) ... DONE
16.10.2025 09:20:38 - Read LiftingLine results (calcPolar_M078_LL) ...
16.10.2025 09:20:38 - WARNING: For Ma = 0.20: CL_max=1.57 > CL_max (LI_LI)=1.41. Using Extrapolation!
16.10.2025 09:20:38 - WARNING: For Ma = 0.50: CL_max=1.44 > CL_max (LI_LI)=1.41. Using Extrapolation!
16.10.2025 09:20:38 - Create Aero-Sections ...
16.10.2025 09:20:38 - * Section 1 (Surface Segment (1st))
16.10.2025 09:20:38 - * Section 2 (Surface Segment)
16.10.2025 09:20:38 - * Section 3 (Surface Segment (last))
16.10.2025 09:20:38 - * Section 4 (Surface Segment (virtual tip))
16.10.2025 09:20:38 - Calculate polar for Ma = 0.20 | CL-Range [-0.20;1.57]
16.10.2025 09:20:38 - Calculate polar for Ma = 0.50 | CL-Range [-0.20;1.44]
16.10.2025 09:20:38 - Calculate polar for Ma = 0.60 | CL-Range [-0.20;1.39]
16.10.2025 09:20:38 - Calculate polar for Ma = 0.63 | CL-Range [-0.20;1.31]
16.10.2025 09:20:38 - Calculate polar for Ma = 0.68 | CL-Range [-0.20;1.15]
16.10.2025 09:20:38 - Calculate polar for Ma = 0.73 | CL-Range [-0.20;0.96]
16.10.2025 09:20:38 - Calculate polar for Ma = 0.76 | CL-Range [-0.20;0.84]
16.10.2025 09:20:38 - Calculate polar for Ma = 0.78 | CL-Range [-0.20;0.75]
16.10.2025 09:20:38 - Calculate polar for Ma = 0.79 | CL-Range [-0.20;0.70]
16.10.2025 09:20:38 - Calculate polar for Ma = 0.83 | CL-Range [-0.20;0.50]
16.10.2025 09:20:38 - ... moments and induced drag have been calculated successfully!
16.10.2025 09:20:38 - Viscous drag calculation by Raymer successfully initialized for:
16.10.2025 09:20:38 -  -wing
16.10.2025 09:20:38 -  -HTP
16.10.2025 09:20:38 -  -VTP
16.10.2025 09:20:38 -  -fuselage
16.10.2025 09:20:38 -  -nacelles
16.10.2025 09:20:38 -  -miscellaneous
16.10.2025 09:20:38 - ... Viscous drag has been calculated sucessfully!
16.10.2025 09:20:38 - ... Wave drag has been calculated sucessfully!
16.10.2025 09:20:38 - Sum up drag components
16.10.2025 09:20:38 - Calculate aerodynamic performance
16.10.2025 09:20:38 - Run high lift calculation
16.10.2025 09:20:38 - Calculate high lift polar for takeoff
16.10.2025 09:20:38 - CL_max (t/o) = 2.43
16.10.2025 09:20:38 - Calculate high lift polar for takeoff_landing_gear_retracted
16.10.2025 09:20:38 - Calculate high lift polar for climb
16.10.2025 09:20:38 - Calculate high lift polar for approach
16.10.2025 09:20:38 - Calculate high lift polar for approach_landing_gear_out
16.10.2025 09:20:38 - Calculate high lift polar for landing
16.10.2025 09:20:38 - CL_max (ldg) = 2.80
16.10.2025 09:20:38 - Interpolate trim for clean polars at design CoG at Ma 0.20...
16.10.2025 09:20:38 - Interpolate trim for clean polars at design CoG at Ma 0.50...
16.10.2025 09:20:38 - Interpolate trim for clean polars at design CoG at Ma 0.60...
16.10.2025 09:20:38 - Interpolate trim for clean polars at design CoG at Ma 0.63...
16.10.2025 09:20:38 - Interpolate trim for clean polars at design CoG at Ma 0.68...
16.10.2025 09:20:38 - Interpolate trim for clean polars at design CoG at Ma 0.73...
16.10.2025 09:20:38 - Interpolate trim for clean polars at design CoG at Ma 0.76...
16.10.2025 09:20:38 - Interpolate trim for clean polars at design CoG at Ma 0.78...
16.10.2025 09:20:38 - Interpolate trim for clean polars at design CoG at Ma 0.79...
16.10.2025 09:20:38 - Interpolate trim for clean polars at design CoG at Ma 0.83...
16.10.2025 09:20:38 - All polars are trimmed!
16.10.2025 09:20:38 - Calculate Polar for TAW: Update...
16.10.2025 09:20:38 - Create XML-Polar file ...
16.10.2025 09:20:38 - Calculate Polar for TAW: Report...
16.10.2025 09:20:38 - Calculate Polar for TAW: Save...
16.10.2025 09:20:38 - Finish aerodynamic_analysis
*******************************************************************************
16.10.2025 09:20:47 - Start aerodynamic_analysis
16.10.2025 09:20:47 - [MODULE RUNTIMEINFO] - aerodynamic_analysis
16.10.2025 09:20:47 -    [CONSOLE  ] - [ON]
16.10.2025 09:20:47 -    [LOG      ] - [ON]
16.10.2025 09:20:47 -    [PLOT     ] - [OFF]
16.10.2025 09:20:47 -       [COPY  ] - [ON]
16.10.2025 09:20:47 -       [DELETE] - [ON]
16.10.2025 09:20:47 -    [REPORT   ] - [OFF]
16.10.2025 09:20:47 -    [TEX      ] - [OFF]
16.10.2025 09:20:47 -    [INFOFILES] - [OFF]
16.10.2025 09:20:47 -    [GNUPLOT]
16.10.2025 09:20:47 -       [PATH    ] - C:/Programs/UNICADOworkflow/gnuplot
16.10.2025 09:20:47 -       [FILENAME] - 
16.10.2025 09:20:47 -    [INKSCAPE]
16.10.2025 09:20:47 -       [PATH    ] - C:/Programs/UNICADOworkflow/inkscape
16.10.2025 09:20:47 -       [FILENAME] - 
16.10.2025 09:20:47 -    [LOGFILE]
16.10.2025 09:20:47 -       [PATH    ] - C:/Programs/UNICADOworkflow/workingDirectoryRCE/UNICADOworkflow_2025-10-16_09-20-18_13
16.10.2025 09:20:47 -       [FILENAME] - aerodynamic_analysis.log
16.10.2025 09:20:47 -    [IO/ACXML]
16.10.2025 09:20:47 -       [PATH    ] - C:/Programs/UNICADOworkflow/workingDirectoryRCE/UNICADOworkflow_2025-10-16_09-20-18_13/UNICADO-SMR-01
16.10.2025 09:20:47 -       [FILENAME] - UNICADO-SMR-01.xml
16.10.2025 09:20:47 -    [MODCONFIG]
16.10.2025 09:20:47 -       [PATH    ] - ../workingDirectoryRCE/UNICADOworkflow_2025-10-16_09-20-18_13
16.10.2025 09:20:47 -       [FILENAME] - aerodynamic_analysis_conf.xml
16.10.2025 09:20:47 - Checking directory... [REPORT]
16.10.2025 09:20:47 - Checking directory... [TEX]
16.10.2025 09:20:47 - Checking directory... [LOGFILES]
16.10.2025 09:20:47 - Calculate Polar for TAW: Initialize...
16.10.2025 09:20:47 - WARNING: Node to read not existing ... analysis/mission/design_mission/cruise/average_lift_coefficient
16.10.2025 09:20:47 - Calculate Polar for TAW: Run...

16.10.2025 09:20:47 - Run aero calculations for design CoG and stabilizer angle of -6 deg...
16.10.2025 09:20:47 - Run lifting line for TAW...
16.10.2025 09:20:47 - Set panel distribution for the main_wing lifting surface ...
16.10.2025 09:20:47 - Set panel distribution for the horizontal_stabiliser lifting surface ...
16.10.2025 09:20:47 - -> Total number of panels: 264
16.10.2025 09:20:47 - Write LILI Input file calcPolar_inc_LL.inp ...(calcPolar_inc_LL.inp)
16.10.2025 09:20:47 - Start LiftingLine (calcPolar_inc_LL) ... DONE
16.10.2025 09:20:49 - Read LiftingLine results (calcPolar_inc_LL) ...
16.10.2025 09:20:49 - Set panel distribution for the main_wing lifting surface ...
16.10.2025 09:20:49 - Set panel distribution for the horizontal_stabiliser lifting surface ...
16.10.2025 09:20:49 - -> Total number of panels: 264
16.10.2025 09:20:49 - Write LILI Input file calcPolar_M078_LL.inp ...(calcPolar_M078_LL.inp)
16.10.2025 09:20:49 - Start LiftingLine (calcPolar_M078_LL) ... DONE
16.10.2025 09:20:50 - Read LiftingLine results (calcPolar_M078_LL) ...
16.10.2025 09:20:51 - WARNING: For Ma = 0.20: CL_max=1.57 > CL_max (LI_LI)=1.18. Using Extrapolation!
16.10.2025 09:20:51 - WARNING: For Ma = 0.50: CL_max=1.44 > CL_max (LI_LI)=1.18. Using Extrapolation!
16.10.2025 09:20:51 - WARNING: For Ma = 0.60: CL_max=1.40 > CL_max (LI_LI)=1.18. Using Extrapolation!
16.10.2025 09:20:51 - WARNING: For Ma = 0.63: CL_max=1.31 > CL_max (LI_LI)=1.18. Using Extrapolation!
16.10.2025 09:20:51 - Create Aero-Sections ...
16.10.2025 09:20:51 - * Section 1 (Surface Segment (1st))
16.10.2025 09:20:51 - * Section 2 (Surface Segment)
16.10.2025 09:20:51 - * Section 3 (Surface Segment (last))
16.10.2025 09:20:51 - * Section 4 (Surface Segment (virtual tip))
16.10.2025 09:20:51 - Calculate polar for Ma = 0.20 | CL-Range [-0.40;1.57]
16.10.2025 09:20:51 - Calculate polar for Ma = 0.50 | CL-Range [-0.40;1.44]
16.10.2025 09:20:51 - Calculate polar for Ma = 0.60 | CL-Range [-0.40;1.39]
16.10.2025 09:20:51 - Calculate polar for Ma = 0.63 | CL-Range [-0.40;1.31]
16.10.2025 09:20:51 - Calculate polar for Ma = 0.68 | CL-Range [-0.40;1.15]
16.10.2025 09:20:51 - Calculate polar for Ma = 0.73 | CL-Range [-0.40;0.96]
16.10.2025 09:20:51 - Calculate polar for Ma = 0.76 | CL-Range [-0.40;0.84]
16.10.2025 09:20:51 - Calculate polar for Ma = 0.78 | CL-Range [-0.40;0.75]
16.10.2025 09:20:51 - Calculate polar for Ma = 0.79 | CL-Range [-0.40;0.70]
16.10.2025 09:20:51 - Calculate polar for Ma = 0.83 | CL-Range [-0.40;0.50]
16.10.2025 09:20:51 - ... moments and induced drag have been calculated successfully!
16.10.2025 09:20:51 - Viscous drag calculation by Raymer successfully initialized for:
16.10.2025 09:20:51 -  -wing
16.10.2025 09:20:51 -  -HTP
16.10.2025 09:20:51 -  -VTP
16.10.2025 09:20:51 -  -fuselage
16.10.2025 09:20:51 -  -nacelles
16.10.2025 09:20:51 -  -miscellaneous
16.10.2025 09:20:51 - ... Viscous drag has been calculated sucessfully!
16.10.2025 09:20:51 - ... Wave drag has been calculated sucessfully!
16.10.2025 09:20:51 - Sum up drag components
16.10.2025 09:20:51 - Calculate aerodynamic performance
16.10.2025 09:20:51 - Run high lift calculation
16.10.2025 09:20:51 - Calculate high lift polar for takeoff
16.10.2025 09:20:51 - CL_max (t/o) = 2.46
16.10.2025 09:20:51 - Calculate high lift polar for takeoff_landing_gear_retracted
16.10.2025 09:20:51 - Calculate high lift polar for climb
16.10.2025 09:20:51 - Calculate high lift polar for approach
16.10.2025 09:20:51 - Calculate high lift polar for approach_landing_gear_out
16.10.2025 09:20:51 - Calculate high lift polar for landing
16.10.2025 09:20:51 - CL_max (ldg) = 2.84

16.10.2025 09:20:51 - Run aero calculations for design CoG and stabilizer angle of 0.00 deg...
16.10.2025 09:20:51 - Run lifting line for TAW...
16.10.2025 09:20:51 - Set panel distribution for the main_wing lifting surface ...
16.10.2025 09:20:51 - Set panel distribution for the horizontal_stabiliser lifting surface ...
16.10.2025 09:20:51 - -> Total number of panels: 264
16.10.2025 09:20:51 - Write LILI Input file calcPolar_inc_LL.inp ...(calcPolar_inc_LL.inp)
16.10.2025 09:20:51 - Start LiftingLine (calcPolar_inc_LL) ... DONE
16.10.2025 09:20:53 - Read LiftingLine results (calcPolar_inc_LL) ...
16.10.2025 09:20:53 - Set panel distribution for the main_wing lifting surface ...
16.10.2025 09:20:53 - Set panel distribution for the horizontal_stabiliser lifting surface ...
16.10.2025 09:20:53 - -> Total number of panels: 264
16.10.2025 09:20:53 - Write LILI Input file calcPolar_M078_LL.inp ...(calcPolar_M078_LL.inp)
16.10.2025 09:20:53 - Start LiftingLine (calcPolar_M078_LL) ... DONE
16.10.2025 09:20:55 - Read LiftingLine results (calcPolar_M078_LL) ...
16.10.2025 09:20:55 - WARNING: For Ma = 0.20: CL_max=1.57 > CL_max (LI_LI)=1.28. Using Extrapolation!
16.10.2025 09:20:55 - WARNING: For Ma = 0.50: CL_max=1.44 > CL_max (LI_LI)=1.28. Using Extrapolation!
16.10.2025 09:20:55 - WARNING: For Ma = 0.60: CL_max=1.40 > CL_max (LI_LI)=1.28. Using Extrapolation!
16.10.2025 09:20:55 - WARNING: For Ma = 0.63: CL_max=1.31 > CL_max (LI_LI)=1.28. Using Extrapolation!
16.10.2025 09:20:55 - Create Aero-Sections ...
16.10.2025 09:20:55 - * Section 1 (Surface Segment (1st))
16.10.2025 09:20:55 - * Section 2 (Surface Segment)
16.10.2025 09:20:55 - * Section 3 (Surface Segment (last))
16.10.2025 09:20:55 - * Section 4 (Surface Segment (virtual tip))
16.10.2025 09:20:55 - Calculate polar for Ma = 0.20 | CL-Range [-0.30;1.57]
16.10.2025 09:20:55 - Calculate polar for Ma = 0.50 | CL-Range [-0.30;1.44]
16.10.2025 09:20:55 - Calculate polar for Ma = 0.60 | CL-Range [-0.30;1.39]
16.10.2025 09:20:55 - Calculate polar for Ma = 0.63 | CL-Range [-0.30;1.31]
16.10.2025 09:20:55 - Calculate polar for Ma = 0.68 | CL-Range [-0.30;1.15]
16.10.2025 09:20:55 - Calculate polar for Ma = 0.73 | CL-Range [-0.30;0.96]
16.10.2025 09:20:55 - Calculate polar for Ma = 0.76 | CL-Range [-0.30;0.84]
16.10.2025 09:20:55 - Calculate polar for Ma = 0.78 | CL-Range [-0.30;0.75]
16.10.2025 09:20:55 - Calculate polar for Ma = 0.79 | CL-Range [-0.30;0.70]
16.10.2025 09:20:55 - Calculate polar for Ma = 0.83 | CL-Range [-0.30;0.50]
16.10.2025 09:20:55 - ... moments and induced drag have been calculated successfully!
16.10.2025 09:20:55 - Viscous drag calculation by Raymer successfully initialized for:
16.10.2025 09:20:55 -  -wing
16.10.2025 09:20:55 -  -HTP
16.10.2025 09:20:55 -  -VTP
16.10.2025 09:20:55 -  -fuselage
16.10.2025 09:20:55 -  -nacelles
16.10.2025 09:20:55 -  -miscellaneous
16.10.2025 09:20:55 - ... Viscous drag has been calculated sucessfully!
16.10.2025 09:20:55 - ... Wave drag has been calculated sucessfully!
16.10.2025 09:20:55 - Sum up drag components
16.10.2025 09:20:55 - Calculate aerodynamic performance
16.10.2025 09:20:55 - Run high lift calculation
16.10.2025 09:20:55 - Calculate high lift polar for takeoff
16.10.2025 09:20:55 - CL_max (t/o) = 2.46
16.10.2025 09:20:55 - Calculate high lift polar for takeoff_landing_gear_retracted
16.10.2025 09:20:55 - Calculate high lift polar for climb
16.10.2025 09:20:55 - Calculate high lift polar for approach
16.10.2025 09:20:55 - Calculate high lift polar for approach_landing_gear_out
16.10.2025 09:20:55 - Calculate high lift polar for landing
16.10.2025 09:20:55 - CL_max (ldg) = 2.84

16.10.2025 09:20:55 - Run aero calculations for design CoG and stabilizer angle of 6.00 deg...
16.10.2025 09:20:55 - Run lifting line for TAW...
16.10.2025 09:20:55 - Set panel distribution for the main_wing lifting surface ...
16.10.2025 09:20:55 - Set panel distribution for the horizontal_stabiliser lifting surface ...
16.10.2025 09:20:55 - -> Total number of panels: 264
16.10.2025 09:20:55 - Write LILI Input file calcPolar_inc_LL.inp ...(calcPolar_inc_LL.inp)
16.10.2025 09:20:55 - Start LiftingLine (calcPolar_inc_LL) ... DONE
16.10.2025 09:20:57 - Read LiftingLine results (calcPolar_inc_LL) ...
16.10.2025 09:20:57 - Set panel distribution for the main_wing lifting surface ...
16.10.2025 09:20:57 - Set panel distribution for the horizontal_stabiliser lifting surface ...
16.10.2025 09:20:57 - -> Total number of panels: 264
16.10.2025 09:20:57 - Write LILI Input file calcPolar_M078_LL.inp ...(calcPolar_M078_LL.inp)
16.10.2025 09:20:57 - Start LiftingLine (calcPolar_M078_LL) ... DONE
16.10.2025 09:20:59 - Read LiftingLine results (calcPolar_M078_LL) ...
16.10.2025 09:20:59 - WARNING: For Ma = 0.20: CL_max=1.57 > CL_max (LI_LI)=1.38. Using Extrapolation!
16.10.2025 09:20:59 - WARNING: For Ma = 0.50: CL_max=1.44 > CL_max (LI_LI)=1.38. Using Extrapolation!
16.10.2025 09:20:59 - WARNING: For Ma = 0.60: CL_max=1.40 > CL_max (LI_LI)=1.38. Using Extrapolation!
16.10.2025 09:20:59 - Create Aero-Sections ...
16.10.2025 09:20:59 - * Section 1 (Surface Segment (1st))
16.10.2025 09:20:59 - * Section 2 (Surface Segment)
16.10.2025 09:20:59 - * Section 3 (Surface Segment (last))
16.10.2025 09:20:59 - * Section 4 (Surface Segment (virtual tip))
16.10.2025 09:20:59 - Calculate polar for Ma = 0.20 | CL-Range [-0.20;1.57]
16.10.2025 09:20:59 - Calculate polar for Ma = 0.50 | CL-Range [-0.20;1.44]
16.10.2025 09:20:59 - Calculate polar for Ma = 0.60 | CL-Range [-0.20;1.39]
16.10.2025 09:20:59 - Calculate polar for Ma = 0.63 | CL-Range [-0.20;1.31]
16.10.2025 09:20:59 - Calculate polar for Ma = 0.68 | CL-Range [-0.20;1.15]
16.10.2025 09:20:59 - Calculate polar for Ma = 0.73 | CL-Range [-0.20;0.96]
16.10.2025 09:20:59 - Calculate polar for Ma = 0.76 | CL-Range [-0.20;0.84]
16.10.2025 09:20:59 - Calculate polar for Ma = 0.78 | CL-Range [-0.20;0.75]
16.10.2025 09:20:59 - Calculate polar for Ma = 0.79 | CL-Range [-0.20;0.70]
16.10.2025 09:20:59 - Calculate polar for Ma = 0.83 | CL-Range [-0.20;0.50]
16.10.2025 09:20:59 - ... moments and induced drag have been calculated successfully!
16.10.2025 09:20:59 - Viscous drag calculation by Raymer successfully initialized for:
16.10.2025 09:20:59 -  -wing
16.10.2025 09:20:59 -  -HTP
16.10.2025 09:20:59 -  -VTP
16.10.2025 09:20:59 -  -fuselage
16.10.2025 09:20:59 -  -nacelles
16.10.2025 09:20:59 -  -miscellaneous
16.10.2025 09:20:59 - ... Viscous drag has been calculated sucessfully!
16.10.2025 09:20:59 - ... Wave drag has been calculated sucessfully!
16.10.2025 09:20:59 - Sum up drag components
16.10.2025 09:20:59 - Calculate aerodynamic performance
16.10.2025 09:20:59 - Run high lift calculation
16.10.2025 09:20:59 - Calculate high lift polar for takeoff
16.10.2025 09:20:59 - CL_max (t/o) = 2.46
16.10.2025 09:20:59 - Calculate high lift polar for takeoff_landing_gear_retracted
16.10.2025 09:20:59 - Calculate high lift polar for climb
16.10.2025 09:20:59 - Calculate high lift polar for approach
16.10.2025 09:20:59 - Calculate high lift polar for approach_landing_gear_out
16.10.2025 09:20:59 - Calculate high lift polar for landing
16.10.2025 09:20:59 - CL_max (ldg) = 2.84
16.10.2025 09:20:59 - Interpolate trim for clean polars at design CoG at Ma 0.20...
16.10.2025 09:20:59 - Interpolate trim for clean polars at design CoG at Ma 0.50...
16.10.2025 09:20:59 - Interpolate trim for clean polars at design CoG at Ma 0.60...
16.10.2025 09:20:59 - Interpolate trim for clean polars at design CoG at Ma 0.63...
16.10.2025 09:20:59 - Interpolate trim for clean polars at design CoG at Ma 0.68...
16.10.2025 09:20:59 - Interpolate trim for clean polars at design CoG at Ma 0.73...
16.10.2025 09:20:59 - Interpolate trim for clean polars at design CoG at Ma 0.76...
16.10.2025 09:20:59 - Interpolate trim for clean polars at design CoG at Ma 0.78...
16.10.2025 09:20:59 - Interpolate trim for clean polars at design CoG at Ma 0.79...
16.10.2025 09:20:59 - Interpolate trim for clean polars at design CoG at Ma 0.83...
16.10.2025 09:20:59 - All polars are trimmed!
16.10.2025 09:20:59 - Calculate Polar for TAW: Update...
16.10.2025 09:20:59 - Create XML-Polar file ...
16.10.2025 09:20:59 - Calculate Polar for TAW: Report...
16.10.2025 09:20:59 - Calculate Polar for TAW: Save...
16.10.2025 09:20:59 - Finish aerodynamic_analysis
*******************************************************************************
16.10.2025 09:21:26 - Start aerodynamic_analysis
16.10.2025 09:21:26 - [MODULE RUNTIMEINFO] - aerodynamic_analysis
16.10.2025 09:21:26 -    [CONSOLE  ] - [ON]
16.10.2025 09:21:26 -    [LOG      ] - [ON]
16.10.2025 09:21:26 -    [PLOT     ] - [OFF]
16.10.2025 09:21:26 -       [COPY  ] - [ON]
16.10.2025 09:21:26 -       [DELETE] - [ON]
16.10.2025 09:21:26 -    [REPORT   ] - [OFF]
16.10.2025 09:21:26 -    [TEX      ] - [OFF]
16.10.2025 09:21:26 -    [INFOFILES] - [OFF]
16.10.2025 09:21:26 -    [GNUPLOT]
16.10.2025 09:21:26 -       [PATH    ] - C:/Programs/UNICADOworkflow/gnuplot
16.10.2025 09:21:26 -       [FILENAME] - 
16.10.2025 09:21:26 -    [INKSCAPE]
16.10.2025 09:21:26 -       [PATH    ] - C:/Programs/UNICADOworkflow/inkscape
16.10.2025 09:21:26 -       [FILENAME] - 
16.10.2025 09:21:26 -    [LOGFILE]
16.10.2025 09:21:26 -       [PATH    ] - C:/Programs/UNICADOworkflow/workingDirectoryRCE/UNICADOworkflow_2025-10-16_09-20-18_13
16.10.2025 09:21:26 -       [FILENAME] - aerodynamic_analysis.log
16.10.2025 09:21:26 -    [IO/ACXML]
16.10.2025 09:21:26 -       [PATH    ] - C:/Programs/UNICADOworkflow/workingDirectoryRCE/UNICADOworkflow_2025-10-16_09-20-18_13/UNICADO-SMR-01
16.10.2025 09:21:26 -       [FILENAME] - UNICADO-SMR-01.xml
16.10.2025 09:21:26 -    [MODCONFIG]
16.10.2025 09:21:26 -       [PATH    ] - ../workingDirectoryRCE/UNICADOworkflow_2025-10-16_09-20-18_13
16.10.2025 09:21:26 -       [FILENAME] - aerodynamic_analysis_conf.xml
16.10.2025 09:21:26 - Checking directory... [REPORT]
16.10.2025 09:21:26 - Checking directory... [TEX]
16.10.2025 09:21:26 - Checking directory... [LOGFILES]
16.10.2025 09:21:26 - Calculate Polar for TAW: Initialize...
16.10.2025 09:21:26 - Calculate Polar for TAW: Run...

16.10.2025 09:21:26 - Run aero calculations for design CoG and stabilizer angle of -6 deg...
16.10.2025 09:21:26 - Run lifting line for TAW...
16.10.2025 09:21:26 - Set panel distribution for the main_wing lifting surface ...
16.10.2025 09:21:26 - Set panel distribution for the horizontal_stabiliser lifting surface ...
16.10.2025 09:21:26 - -> Total number of panels: 275
16.10.2025 09:21:26 - Write LILI Input file calcPolar_inc_LL.inp ...(calcPolar_inc_LL.inp)
16.10.2025 09:21:26 - Start LiftingLine (calcPolar_inc_LL) ... DONE
16.10.2025 09:21:28 - Read LiftingLine results (calcPolar_inc_LL) ...
16.10.2025 09:21:28 - Set panel distribution for the main_wing lifting surface ...
16.10.2025 09:21:28 - Set panel distribution for the horizontal_stabiliser lifting surface ...
16.10.2025 09:21:28 - -> Total number of panels: 275
16.10.2025 09:21:28 - Write LILI Input file calcPolar_M078_LL.inp ...(calcPolar_M078_LL.inp)
16.10.2025 09:21:28 - Start LiftingLine (calcPolar_M078_LL) ... DONE
16.10.2025 09:21:29 - Read LiftingLine results (calcPolar_M078_LL) ...
16.10.2025 09:21:30 - WARNING: For Ma = 0.20: CL_max=1.57 > CL_max (LI_LI)=1.18. Using Extrapolation!
16.10.2025 09:21:30 - WARNING: For Ma = 0.50: CL_max=1.44 > CL_max (LI_LI)=1.18. Using Extrapolation!
16.10.2025 09:21:30 - WARNING: For Ma = 0.60: CL_max=1.40 > CL_max (LI_LI)=1.18. Using Extrapolation!
16.10.2025 09:21:30 - WARNING: For Ma = 0.63: CL_max=1.31 > CL_max (LI_LI)=1.18. Using Extrapolation!
16.10.2025 09:21:30 - Create Aero-Sections ...
16.10.2025 09:21:30 - * Section 1 (Surface Segment (1st))
16.10.2025 09:21:30 - * Section 2 (Surface Segment)
16.10.2025 09:21:30 - * Section 3 (Surface Segment (last))
16.10.2025 09:21:30 - * Section 4 (Surface Segment (virtual tip))
16.10.2025 09:21:30 - Calculate polar for Ma = 0.20 | CL-Range [-0.40;1.57]
16.10.2025 09:21:30 - Calculate polar for Ma = 0.50 | CL-Range [-0.40;1.44]
16.10.2025 09:21:30 - Calculate polar for Ma = 0.60 | CL-Range [-0.40;1.39]
16.10.2025 09:21:30 - Calculate polar for Ma = 0.63 | CL-Range [-0.40;1.31]
16.10.2025 09:21:30 - Calculate polar for Ma = 0.68 | CL-Range [-0.40;1.15]
16.10.2025 09:21:30 - Calculate polar for Ma = 0.73 | CL-Range [-0.40;0.96]
16.10.2025 09:21:30 - Calculate polar for Ma = 0.76 | CL-Range [-0.40;0.84]
16.10.2025 09:21:30 - Calculate polar for Ma = 0.78 | CL-Range [-0.40;0.75]
16.10.2025 09:21:30 - Calculate polar for Ma = 0.79 | CL-Range [-0.40;0.70]
16.10.2025 09:21:30 - Calculate polar for Ma = 0.83 | CL-Range [-0.40;0.50]
16.10.2025 09:21:30 - ... moments and induced drag have been calculated successfully!
16.10.2025 09:21:30 - Viscous drag calculation by Raymer successfully initialized for:
16.10.2025 09:21:30 -  -wing
16.10.2025 09:21:30 -  -HTP
16.10.2025 09:21:30 -  -VTP
16.10.2025 09:21:30 -  -fuselage
16.10.2025 09:21:30 -  -nacelles
16.10.2025 09:21:30 -  -miscellaneous
16.10.2025 09:21:30 - ... Viscous drag has been calculated sucessfully!
16.10.2025 09:21:30 - ... Wave drag has been calculated sucessfully!
16.10.2025 09:21:30 - Sum up drag components
16.10.2025 09:21:30 - Calculate aerodynamic performance
16.10.2025 09:21:30 - Run high lift calculation
16.10.2025 09:21:30 - Calculate high lift polar for takeoff
16.10.2025 09:21:30 - CL_max (t/o) = 2.46
16.10.2025 09:21:30 - Calculate high lift polar for takeoff_landing_gear_retracted
16.10.2025 09:21:30 - Calculate high lift polar for climb
16.10.2025 09:21:30 - Calculate high lift polar for approach
16.10.2025 09:21:30 - Calculate high lift polar for approach_landing_gear_out
16.10.2025 09:21:30 - Calculate high lift polar for landing
16.10.2025 09:21:30 - CL_max (ldg) = 2.85

16.10.2025 09:21:30 - Run aero calculations for design CoG and stabilizer angle of 0.00 deg...
16.10.2025 09:21:30 - Run lifting line for TAW...
16.10.2025 09:21:30 - Set panel distribution for the main_wing lifting surface ...
16.10.2025 09:21:30 - Set panel distribution for the horizontal_stabiliser lifting surface ...
16.10.2025 09:21:30 - -> Total number of panels: 275
16.10.2025 09:21:30 - Write LILI Input file calcPolar_inc_LL.inp ...(calcPolar_inc_LL.inp)
16.10.2025 09:21:30 - Start LiftingLine (calcPolar_inc_LL) ... DONE
16.10.2025 09:21:32 - Read LiftingLine results (calcPolar_inc_LL) ...
16.10.2025 09:21:32 - Set panel distribution for the main_wing lifting surface ...
16.10.2025 09:21:32 - Set panel distribution for the horizontal_stabiliser lifting surface ...
16.10.2025 09:21:32 - -> Total number of panels: 275
16.10.2025 09:21:32 - Write LILI Input file calcPolar_M078_LL.inp ...(calcPolar_M078_LL.inp)
16.10.2025 09:21:32 - Start LiftingLine (calcPolar_M078_LL) ... DONE
16.10.2025 09:21:34 - Read LiftingLine results (calcPolar_M078_LL) ...
16.10.2025 09:21:34 - WARNING: For Ma = 0.20: CL_max=1.57 > CL_max (LI_LI)=1.28. Using Extrapolation!
16.10.2025 09:21:34 - WARNING: For Ma = 0.50: CL_max=1.44 > CL_max (LI_LI)=1.28. Using Extrapolation!
16.10.2025 09:21:34 - WARNING: For Ma = 0.60: CL_max=1.40 > CL_max (LI_LI)=1.28. Using Extrapolation!
16.10.2025 09:21:34 - WARNING: For Ma = 0.63: CL_max=1.31 > CL_max (LI_LI)=1.28. Using Extrapolation!
16.10.2025 09:21:34 - Create Aero-Sections ...
16.10.2025 09:21:34 - * Section 1 (Surface Segment (1st))
16.10.2025 09:21:34 - * Section 2 (Surface Segment)
16.10.2025 09:21:34 - * Section 3 (Surface Segment (last))
16.10.2025 09:21:34 - * Section 4 (Surface Segment (virtual tip))
16.10.2025 09:21:34 - Calculate polar for Ma = 0.20 | CL-Range [-0.30;1.57]
16.10.2025 09:21:34 - Calculate polar for Ma = 0.50 | CL-Range [-0.30;1.44]
16.10.2025 09:21:34 - Calculate polar for Ma = 0.60 | CL-Range [-0.30;1.39]
16.10.2025 09:21:34 - Calculate polar for Ma = 0.63 | CL-Range [-0.30;1.31]
16.10.2025 09:21:34 - Calculate polar for Ma = 0.68 | CL-Range [-0.30;1.15]
16.10.2025 09:21:34 - Calculate polar for Ma = 0.73 | CL-Range [-0.30;0.96]
16.10.2025 09:21:34 - Calculate polar for Ma = 0.76 | CL-Range [-0.30;0.84]
16.10.2025 09:21:34 - Calculate polar for Ma = 0.78 | CL-Range [-0.30;0.75]
16.10.2025 09:21:34 - Calculate polar for Ma = 0.79 | CL-Range [-0.30;0.70]
16.10.2025 09:21:34 - Calculate polar for Ma = 0.83 | CL-Range [-0.30;0.50]
16.10.2025 09:21:34 - ... moments and induced drag have been calculated successfully!
16.10.2025 09:21:34 - Viscous drag calculation by Raymer successfully initialized for:
16.10.2025 09:21:34 -  -wing
16.10.2025 09:21:34 -  -HTP
16.10.2025 09:21:34 -  -VTP
16.10.2025 09:21:34 -  -fuselage
16.10.2025 09:21:34 -  -nacelles
16.10.2025 09:21:34 -  -miscellaneous
16.10.2025 09:21:34 - ... Viscous drag has been calculated sucessfully!
16.10.2025 09:21:34 - ... Wave drag has been calculated sucessfully!
16.10.2025 09:21:34 - Sum up drag components
16.10.2025 09:21:34 - Calculate aerodynamic performance
16.10.2025 09:21:34 - Run high lift calculation
16.10.2025 09:21:34 - Calculate high lift polar for takeoff
16.10.2025 09:21:34 - CL_max (t/o) = 2.46
16.10.2025 09:21:34 - Calculate high lift polar for takeoff_landing_gear_retracted
16.10.2025 09:21:34 - Calculate high lift polar for climb
16.10.2025 09:21:34 - Calculate high lift polar for approach
16.10.2025 09:21:34 - Calculate high lift polar for approach_landing_gear_out
16.10.2025 09:21:34 - Calculate high lift polar for landing
16.10.2025 09:21:34 - CL_max (ldg) = 2.85

16.10.2025 09:21:34 - Run aero calculations for design CoG and stabilizer angle of 6.00 deg...
16.10.2025 09:21:34 - Run lifting line for TAW...
16.10.2025 09:21:34 - Set panel distribution for the main_wing lifting surface ...
16.10.2025 09:21:35 - Set panel distribution for the horizontal_stabiliser lifting surface ...
16.10.2025 09:21:35 - -> Total number of panels: 275
16.10.2025 09:21:35 - Write LILI Input file calcPolar_inc_LL.inp ...(calcPolar_inc_LL.inp)
16.10.2025 09:21:35 - Start LiftingLine (calcPolar_inc_LL) ... DONE
16.10.2025 09:21:36 - Read LiftingLine results (calcPolar_inc_LL) ...
16.10.2025 09:21:36 - Set panel distribution for the main_wing lifting surface ...
16.10.2025 09:21:36 - Set panel distribution for the horizontal_stabiliser lifting surface ...
16.10.2025 09:21:36 - -> Total number of panels: 275
16.10.2025 09:21:36 - Write LILI Input file calcPolar_M078_LL.inp ...(calcPolar_M078_LL.inp)
16.10.2025 09:21:36 - Start LiftingLine (calcPolar_M078_LL) ... DONE
16.10.2025 09:21:38 - Read LiftingLine results (calcPolar_M078_LL) ...
16.10.2025 09:21:38 - WARNING: For Ma = 0.20: CL_max=1.57 > CL_max (LI_LI)=1.37. Using Extrapolation!
16.10.2025 09:21:38 - WARNING: For Ma = 0.50: CL_max=1.44 > CL_max (LI_LI)=1.37. Using Extrapolation!
16.10.2025 09:21:38 - WARNING: For Ma = 0.60: CL_max=1.40 > CL_max (LI_LI)=1.37. Using Extrapolation!
16.10.2025 09:21:38 - Create Aero-Sections ...
16.10.2025 09:21:38 - * Section 1 (Surface Segment (1st))
16.10.2025 09:21:38 - * Section 2 (Surface Segment)
16.10.2025 09:21:38 - * Section 3 (Surface Segment (last))
16.10.2025 09:21:38 - * Section 4 (Surface Segment (virtual tip))
16.10.2025 09:21:38 - Calculate polar for Ma = 0.20 | CL-Range [-0.20;1.57]
16.10.2025 09:21:38 - Calculate polar for Ma = 0.50 | CL-Range [-0.20;1.44]
16.10.2025 09:21:38 - Calculate polar for Ma = 0.60 | CL-Range [-0.20;1.39]
16.10.2025 09:21:38 - Calculate polar for Ma = 0.63 | CL-Range [-0.20;1.31]
16.10.2025 09:21:38 - Calculate polar for Ma = 0.68 | CL-Range [-0.20;1.15]
16.10.2025 09:21:38 - Calculate polar for Ma = 0.73 | CL-Range [-0.20;0.96]
16.10.2025 09:21:38 - Calculate polar for Ma = 0.76 | CL-Range [-0.20;0.84]
16.10.2025 09:21:38 - Calculate polar for Ma = 0.78 | CL-Range [-0.20;0.75]
16.10.2025 09:21:38 - Calculate polar for Ma = 0.79 | CL-Range [-0.20;0.70]
16.10.2025 09:21:38 - Calculate polar for Ma = 0.83 | CL-Range [-0.20;0.50]
16.10.2025 09:21:38 - ... moments and induced drag have been calculated successfully!
16.10.2025 09:21:39 - Viscous drag calculation by Raymer successfully initialized for:
16.10.2025 09:21:39 -  -wing
16.10.2025 09:21:39 -  -HTP
16.10.2025 09:21:39 -  -VTP
16.10.2025 09:21:39 -  -fuselage
16.10.2025 09:21:39 -  -nacelles
16.10.2025 09:21:39 -  -miscellaneous
16.10.2025 09:21:39 - ... Viscous drag has been calculated sucessfully!
16.10.2025 09:21:39 - ... Wave drag has been calculated sucessfully!
16.10.2025 09:21:39 - Sum up drag components
16.10.2025 09:21:39 - Calculate aerodynamic performance
16.10.2025 09:21:39 - Run high lift calculation
16.10.2025 09:21:39 - Calculate high lift polar for takeoff
16.10.2025 09:21:39 - CL_max (t/o) = 2.46
16.10.2025 09:21:39 - Calculate high lift polar for takeoff_landing_gear_retracted
16.10.2025 09:21:39 - Calculate high lift polar for climb
16.10.2025 09:21:39 - Calculate high lift polar for approach
16.10.2025 09:21:39 - Calculate high lift polar for approach_landing_gear_out
16.10.2025 09:21:39 - Calculate high lift polar for landing
16.10.2025 09:21:39 - CL_max (ldg) = 2.85
16.10.2025 09:21:39 - Interpolate trim for clean polars at design CoG at Ma 0.20...
16.10.2025 09:21:39 - Interpolate trim for clean polars at design CoG at Ma 0.50...
16.10.2025 09:21:39 - Interpolate trim for clean polars at design CoG at Ma 0.60...
16.10.2025 09:21:39 - Interpolate trim for clean polars at design CoG at Ma 0.63...
16.10.2025 09:21:39 - Interpolate trim for clean polars at design CoG at Ma 0.68...
16.10.2025 09:21:39 - Interpolate trim for clean polars at design CoG at Ma 0.73...
16.10.2025 09:21:39 - Interpolate trim for clean polars at design CoG at Ma 0.76...
16.10.2025 09:21:39 - Interpolate trim for clean polars at design CoG at Ma 0.78...
16.10.2025 09:21:39 - Interpolate trim for clean polars at design CoG at Ma 0.79...
16.10.2025 09:21:39 - Interpolate trim for clean polars at design CoG at Ma 0.83...
16.10.2025 09:21:39 - All polars are trimmed!
16.10.2025 09:21:39 - Calculate Polar for TAW: Update...
16.10.2025 09:21:39 - Create XML-Polar file ...
16.10.2025 09:21:39 - Calculate Polar for TAW: Report...
16.10.2025 09:21:39 - Calculate Polar for TAW: Save...
16.10.2025 09:21:39 - Finish aerodynamic_analysis
*******************************************************************************
16.10.2025 09:21:58 - Start aerodynamic_analysis
16.10.2025 09:21:58 - [MODULE RUNTIMEINFO] - aerodynamic_analysis
16.10.2025 09:21:58 -    [CONSOLE  ] - [ON]
16.10.2025 09:21:58 -    [LOG      ] - [ON]
16.10.2025 09:21:58 -    [PLOT     ] - [OFF]
16.10.2025 09:21:58 -       [COPY  ] - [ON]
16.10.2025 09:21:58 -       [DELETE] - [ON]
16.10.2025 09:21:58 -    [REPORT   ] - [OFF]
16.10.2025 09:21:58 -    [TEX      ] - [OFF]
16.10.2025 09:21:58 -    [INFOFILES] - [OFF]
16.10.2025 09:21:58 -    [GNUPLOT]
16.10.2025 09:21:58 -       [PATH    ] - C:/Programs/UNICADOworkflow/gnuplot
16.10.2025 09:21:58 -       [FILENAME] - 
16.10.2025 09:21:58 -    [INKSCAPE]
16.10.2025 09:21:58 -       [PATH    ] - C:/Programs/UNICADOworkflow/inkscape
16.10.2025 09:21:58 -       [FILENAME] - 
16.10.2025 09:21:58 -    [LOGFILE]
16.10.2025 09:21:58 -       [PATH    ] - C:/Programs/UNICADOworkflow/workingDirectoryRCE/UNICADOworkflow_2025-10-16_09-20-18_13
16.10.2025 09:21:58 -       [FILENAME] - aerodynamic_analysis.log
16.10.2025 09:21:58 -    [IO/ACXML]
16.10.2025 09:21:58 -       [PATH    ] - C:/Programs/UNICADOworkflow/workingDirectoryRCE/UNICADOworkflow_2025-10-16_09-20-18_13/UNICADO-SMR-01
16.10.2025 09:21:58 -       [FILENAME] - UNICADO-SMR-01.xml
16.10.2025 09:21:58 -    [MODCONFIG]
16.10.2025 09:21:58 -       [PATH    ] - ../workingDirectoryRCE/UNICADOworkflow_2025-10-16_09-20-18_13
16.10.2025 09:21:58 -       [FILENAME] - aerodynamic_analysis_conf.xml
16.10.2025 09:21:58 - Checking directory... [REPORT]
16.10.2025 09:21:58 - Checking directory... [TEX]
16.10.2025 09:21:58 - Checking directory... [LOGFILES]
16.10.2025 09:21:58 - Calculate Polar for TAW: Initialize...
16.10.2025 09:21:58 - Calculate Polar for TAW: Run...

16.10.2025 09:21:58 - Run aero calculations for design CoG and stabilizer angle of -6 deg...
16.10.2025 09:21:58 - Run lifting line for TAW...
16.10.2025 09:21:58 - Set panel distribution for the main_wing lifting surface ...
16.10.2025 09:21:58 - Set panel distribution for the horizontal_stabiliser lifting surface ...
16.10.2025 09:21:58 - -> Total number of panels: 275
16.10.2025 09:21:58 - Write LILI Input file calcPolar_inc_LL.inp ...(calcPolar_inc_LL.inp)
16.10.2025 09:21:58 - Start LiftingLine (calcPolar_inc_LL) ... DONE
16.10.2025 09:22:00 - Read LiftingLine results (calcPolar_inc_LL) ...
16.10.2025 09:22:00 - Set panel distribution for the main_wing lifting surface ...
16.10.2025 09:22:00 - Set panel distribution for the horizontal_stabiliser lifting surface ...
16.10.2025 09:22:00 - -> Total number of panels: 275
16.10.2025 09:22:00 - Write LILI Input file calcPolar_M078_LL.inp ...(calcPolar_M078_LL.inp)
16.10.2025 09:22:00 - Start LiftingLine (calcPolar_M078_LL) ... DONE
16.10.2025 09:22:02 - Read LiftingLine results (calcPolar_M078_LL) ...
16.10.2025 09:22:02 - WARNING: For Ma = 0.20: CL_max=1.57 > CL_max (LI_LI)=1.18. Using Extrapolation!
16.10.2025 09:22:02 - WARNING: For Ma = 0.50: CL_max=1.44 > CL_max (LI_LI)=1.18. Using Extrapolation!
16.10.2025 09:22:02 - WARNING: For Ma = 0.60: CL_max=1.40 > CL_max (LI_LI)=1.18. Using Extrapolation!
16.10.2025 09:22:02 - WARNING: For Ma = 0.63: CL_max=1.31 > CL_max (LI_LI)=1.18. Using Extrapolation!
16.10.2025 09:22:02 - Create Aero-Sections ...
16.10.2025 09:22:02 - * Section 1 (Surface Segment (1st))
16.10.2025 09:22:02 - * Section 2 (Surface Segment)
16.10.2025 09:22:02 - * Section 3 (Surface Segment (last))
16.10.2025 09:22:02 - * Section 4 (Surface Segment (virtual tip))
16.10.2025 09:22:02 - Calculate polar for Ma = 0.20 | CL-Range [-0.40;1.57]
16.10.2025 09:22:02 - Calculate polar for Ma = 0.50 | CL-Range [-0.40;1.44]
16.10.2025 09:22:02 - Calculate polar for Ma = 0.60 | CL-Range [-0.40;1.39]
16.10.2025 09:22:02 - Calculate polar for Ma = 0.63 | CL-Range [-0.40;1.31]
16.10.2025 09:22:02 - Calculate polar for Ma = 0.68 | CL-Range [-0.40;1.15]
16.10.2025 09:22:02 - Calculate polar for Ma = 0.73 | CL-Range [-0.40;0.96]
16.10.2025 09:22:02 - Calculate polar for Ma = 0.76 | CL-Range [-0.40;0.84]
16.10.2025 09:22:02 - Calculate polar for Ma = 0.78 | CL-Range [-0.40;0.75]
16.10.2025 09:22:02 - Calculate polar for Ma = 0.79 | CL-Range [-0.40;0.70]
16.10.2025 09:22:02 - Calculate polar for Ma = 0.83 | CL-Range [-0.40;0.50]
16.10.2025 09:22:02 - ... moments and induced drag have been calculated successfully!
16.10.2025 09:22:02 - Viscous drag calculation by Raymer successfully initialized for:
16.10.2025 09:22:02 -  -wing
16.10.2025 09:22:02 -  -HTP
16.10.2025 09:22:02 -  -VTP
16.10.2025 09:22:02 -  -fuselage
16.10.2025 09:22:02 -  -nacelles
16.10.2025 09:22:02 -  -miscellaneous
16.10.2025 09:22:02 - ... Viscous drag has been calculated sucessfully!
16.10.2025 09:22:02 - ... Wave drag has been calculated sucessfully!
16.10.2025 09:22:02 - Sum up drag components
16.10.2025 09:22:02 - Calculate aerodynamic performance
16.10.2025 09:22:02 - Run high lift calculation
16.10.2025 09:22:02 - Calculate high lift polar for takeoff
16.10.2025 09:22:02 - CL_max (t/o) = 2.47
16.10.2025 09:22:02 - Calculate high lift polar for takeoff_landing_gear_retracted
16.10.2025 09:22:02 - Calculate high lift polar for climb
16.10.2025 09:22:02 - Calculate high lift polar for approach
16.10.2025 09:22:02 - Calculate high lift polar for approach_landing_gear_out
16.10.2025 09:22:02 - Calculate high lift polar for landing
16.10.2025 09:22:02 - CL_max (ldg) = 2.85

16.10.2025 09:22:02 - Run aero calculations for design CoG and stabilizer angle of 0.00 deg...
16.10.2025 09:22:02 - Run lifting line for TAW...
16.10.2025 09:22:02 - Set panel distribution for the main_wing lifting surface ...
16.10.2025 09:22:02 - Set panel distribution for the horizontal_stabiliser lifting surface ...
16.10.2025 09:22:02 - -> Total number of panels: 275
16.10.2025 09:22:02 - Write LILI Input file calcPolar_inc_LL.inp ...(calcPolar_inc_LL.inp)
16.10.2025 09:22:02 - Start LiftingLine (calcPolar_inc_LL) ... DONE
16.10.2025 09:22:04 - Read LiftingLine results (calcPolar_inc_LL) ...
16.10.2025 09:22:04 - Set panel distribution for the main_wing lifting surface ...
16.10.2025 09:22:04 - Set panel distribution for the horizontal_stabiliser lifting surface ...
16.10.2025 09:22:04 - -> Total number of panels: 275
16.10.2025 09:22:04 - Write LILI Input file calcPolar_M078_LL.inp ...(calcPolar_M078_LL.inp)
16.10.2025 09:22:04 - Start LiftingLine (calcPolar_M078_LL) ... DONE
16.10.2025 09:22:06 - Read LiftingLine results (calcPolar_M078_LL) ...
16.10.2025 09:22:06 - WARNING: For Ma = 0.20: CL_max=1.57 > CL_max (LI_LI)=1.27. Using Extrapolation!
16.10.2025 09:22:06 - WARNING: For Ma = 0.50: CL_max=1.44 > CL_max (LI_LI)=1.27. Using Extrapolation!
16.10.2025 09:22:06 - WARNING: For Ma = 0.60: CL_max=1.40 > CL_max (LI_LI)=1.27. Using Extrapolation!
16.10.2025 09:22:06 - WARNING: For Ma = 0.63: CL_max=1.31 > CL_max (LI_LI)=1.27. Using Extrapolation!
16.10.2025 09:22:06 - Create Aero-Sections ...
16.10.2025 09:22:06 - * Section 1 (Surface Segment (1st))
16.10.2025 09:22:06 - * Section 2 (Surface Segment)
16.10.2025 09:22:06 - * Section 3 (Surface Segment (last))
16.10.2025 09:22:06 - * Section 4 (Surface Segment (virtual tip))
16.10.2025 09:22:06 - Calculate polar for Ma = 0.20 | CL-Range [-0.30;1.57]
16.10.2025 09:22:06 - Calculate polar for Ma = 0.50 | CL-Range [-0.30;1.44]
16.10.2025 09:22:06 - Calculate polar for Ma = 0.60 | CL-Range [-0.30;1.39]
16.10.2025 09:22:06 - Calculate polar for Ma = 0.63 | CL-Range [-0.30;1.31]
16.10.2025 09:22:06 - Calculate polar for Ma = 0.68 | CL-Range [-0.30;1.15]
16.10.2025 09:22:06 - Calculate polar for Ma = 0.73 | CL-Range [-0.30;0.96]
16.10.2025 09:22:06 - Calculate polar for Ma = 0.76 | CL-Range [-0.30;0.84]
16.10.2025 09:22:06 - Calculate polar for Ma = 0.78 | CL-Range [-0.30;0.75]
16.10.2025 09:22:06 - Calculate polar for Ma = 0.79 | CL-Range [-0.30;0.70]
16.10.2025 09:22:06 - Calculate polar for Ma = 0.83 | CL-Range [-0.30;0.50]
16.10.2025 09:22:06 - ... moments and induced drag have been calculated successfully!
16.10.2025 09:22:06 - Viscous drag calculation by Raymer successfully initialized for:
16.10.2025 09:22:06 -  -wing
16.10.2025 09:22:06 -  -HTP
16.10.2025 09:22:06 -  -VTP
16.10.2025 09:22:06 -  -fuselage
16.10.2025 09:22:06 -  -nacelles
16.10.2025 09:22:06 -  -miscellaneous
16.10.2025 09:22:06 - ... Viscous drag has been calculated sucessfully!
16.10.2025 09:22:06 - ... Wave drag has been calculated sucessfully!
16.10.2025 09:22:06 - Sum up drag components
16.10.2025 09:22:06 - Calculate aerodynamic performance
16.10.2025 09:22:06 - Run high lift calculation
16.10.2025 09:22:06 - Calculate high lift polar for takeoff
16.10.2025 09:22:06 - CL_max (t/o) = 2.47
16.10.2025 09:22:06 - Calculate high lift polar for takeoff_landing_gear_retracted
16.10.2025 09:22:06 - Calculate high lift polar for climb
16.10.2025 09:22:06 - Calculate high lift polar for approach
16.10.2025 09:22:06 - Calculate high lift polar for approach_landing_gear_out
16.10.2025 09:22:06 - Calculate high lift polar for landing
16.10.2025 09:22:06 - CL_max (ldg) = 2.85

16.10.2025 09:22:06 - Run aero calculations for design CoG and stabilizer angle of 6.00 deg...
16.10.2025 09:22:06 - Run lifting line for TAW...
16.10.2025 09:22:06 - Set panel distribution for the main_wing lifting surface ...
16.10.2025 09:22:06 - Set panel distribution for the horizontal_stabiliser lifting surface ...
16.10.2025 09:22:06 - -> Total number of panels: 275
16.10.2025 09:22:06 - Write LILI Input file calcPolar_inc_LL.inp ...(calcPolar_inc_LL.inp)
16.10.2025 09:22:06 - Start LiftingLine (calcPolar_inc_LL) ... DONE
16.10.2025 09:22:08 - Read LiftingLine results (calcPolar_inc_LL) ...
16.10.2025 09:22:08 - Set panel distribution for the main_wing lifting surface ...
16.10.2025 09:22:08 - Set panel distribution for the horizontal_stabiliser lifting surface ...
16.10.2025 09:22:08 - -> Total number of panels: 275
16.10.2025 09:22:08 - Write LILI Input file calcPolar_M078_LL.inp ...(calcPolar_M078_LL.inp)
16.10.2025 09:22:08 - Start LiftingLine (calcPolar_M078_LL) ... DONE
16.10.2025 09:22:10 - Read LiftingLine results (calcPolar_M078_LL) ...
16.10.2025 09:22:10 - WARNING: For Ma = 0.20: CL_max=1.57 > CL_max (LI_LI)=1.37. Using Extrapolation!
16.10.2025 09:22:10 - WARNING: For Ma = 0.50: CL_max=1.44 > CL_max (LI_LI)=1.37. Using Extrapolation!
16.10.2025 09:22:10 - WARNING: For Ma = 0.60: CL_max=1.40 > CL_max (LI_LI)=1.37. Using Extrapolation!
16.10.2025 09:22:10 - Create Aero-Sections ...
16.10.2025 09:22:10 - * Section 1 (Surface Segment (1st))
16.10.2025 09:22:10 - * Section 2 (Surface Segment)
16.10.2025 09:22:10 - * Section 3 (Surface Segment (last))
16.10.2025 09:22:10 - * Section 4 (Surface Segment (virtual tip))
16.10.2025 09:22:10 - Calculate polar for Ma = 0.20 | CL-Range [-0.20;1.57]
16.10.2025 09:22:10 - Calculate polar for Ma = 0.50 | CL-Range [-0.20;1.44]
16.10.2025 09:22:10 - Calculate polar for Ma = 0.60 | CL-Range [-0.20;1.39]
16.10.2025 09:22:10 - Calculate polar for Ma = 0.63 | CL-Range [-0.20;1.31]
16.10.2025 09:22:10 - Calculate polar for Ma = 0.68 | CL-Range [-0.20;1.15]
16.10.2025 09:22:10 - Calculate polar for Ma = 0.73 | CL-Range [-0.20;0.96]
16.10.2025 09:22:10 - Calculate polar for Ma = 0.76 | CL-Range [-0.20;0.84]
16.10.2025 09:22:10 - Calculate polar for Ma = 0.78 | CL-Range [-0.20;0.75]
16.10.2025 09:22:10 - Calculate polar for Ma = 0.79 | CL-Range [-0.20;0.70]
16.10.2025 09:22:10 - Calculate polar for Ma = 0.83 | CL-Range [-0.20;0.50]
16.10.2025 09:22:10 - ... moments and induced drag have been calculated successfully!
16.10.2025 09:22:11 - Viscous drag calculation by Raymer successfully initialized for:
16.10.2025 09:22:11 -  -wing
16.10.2025 09:22:11 -  -HTP
16.10.2025 09:22:11 -  -VTP
16.10.2025 09:22:11 -  -fuselage
16.10.2025 09:22:11 -  -nacelles
16.10.2025 09:22:11 -  -miscellaneous
16.10.2025 09:22:11 - ... Viscous drag has been calculated sucessfully!
16.10.2025 09:22:11 - ... Wave drag has been calculated sucessfully!
16.10.2025 09:22:11 - Sum up drag components
16.10.2025 09:22:11 - Calculate aerodynamic performance
16.10.2025 09:22:11 - Run high lift calculation
16.10.2025 09:22:11 - Calculate high lift polar for takeoff
16.10.2025 09:22:11 - CL_max (t/o) = 2.47
16.10.2025 09:22:11 - Calculate high lift polar for takeoff_landing_gear_retracted
16.10.2025 09:22:11 - Calculate high lift polar for climb
16.10.2025 09:22:11 - Calculate high lift polar for approach
16.10.2025 09:22:11 - Calculate high lift polar for approach_landing_gear_out
16.10.2025 09:22:11 - Calculate high lift polar for landing
16.10.2025 09:22:11 - CL_max (ldg) = 2.85
16.10.2025 09:22:11 - Interpolate trim for clean polars at design CoG at Ma 0.20...
16.10.2025 09:22:11 - Interpolate trim for clean polars at design CoG at Ma 0.50...
16.10.2025 09:22:11 - Interpolate trim for clean polars at design CoG at Ma 0.60...
16.10.2025 09:22:11 - Interpolate trim for clean polars at design CoG at Ma 0.63...
16.10.2025 09:22:11 - Interpolate trim for clean polars at design CoG at Ma 0.68...
16.10.2025 09:22:11 - Interpolate trim for clean polars at design CoG at Ma 0.73...
16.10.2025 09:22:11 - Interpolate trim for clean polars at design CoG at Ma 0.76...
16.10.2025 09:22:11 - Interpolate trim for clean polars at design CoG at Ma 0.78...
16.10.2025 09:22:11 - Interpolate trim for clean polars at design CoG at Ma 0.79...
16.10.2025 09:22:11 - Interpolate trim for clean polars at design CoG at Ma 0.83...
16.10.2025 09:22:11 - All polars are trimmed!
16.10.2025 09:22:11 - Calculate Polar for TAW: Update...
16.10.2025 09:22:11 - Create XML-Polar file ...
16.10.2025 09:22:11 - Calculate Polar for TAW: Report...
16.10.2025 09:22:11 - Calculate Polar for TAW: Save...
16.10.2025 09:22:11 - Finish aerodynamic_analysis
*******************************************************************************
16.10.2025 09:22:42 - Start aerodynamic_analysis
16.10.2025 09:22:42 - [MODULE RUNTIMEINFO] - aerodynamic_analysis
16.10.2025 09:22:42 -    [CONSOLE  ] - [ON]
16.10.2025 09:22:42 -    [LOG      ] - [ON]
16.10.2025 09:22:42 -    [PLOT     ] - [OFF]
16.10.2025 09:22:42 -       [COPY  ] - [ON]
16.10.2025 09:22:42 -       [DELETE] - [ON]
16.10.2025 09:22:42 -    [REPORT   ] - [OFF]
16.10.2025 09:22:42 -    [TEX      ] - [OFF]
16.10.2025 09:22:42 -    [INFOFILES] - [OFF]
16.10.2025 09:22:42 -    [GNUPLOT]
16.10.2025 09:22:42 -       [PATH    ] - C:/Programs/UNICADOworkflow/gnuplot
16.10.2025 09:22:42 -       [FILENAME] - 
16.10.2025 09:22:42 -    [INKSCAPE]
16.10.2025 09:22:42 -       [PATH    ] - C:/Programs/UNICADOworkflow/inkscape
16.10.2025 09:22:42 -       [FILENAME] - 
16.10.2025 09:22:42 -    [LOGFILE]
16.10.2025 09:22:42 -       [PATH    ] - C:/Programs/UNICADOworkflow/workingDirectoryRCE/UNICADOworkflow_2025-10-16_09-20-18_13
16.10.2025 09:22:42 -       [FILENAME] - aerodynamic_analysis.log
16.10.2025 09:22:42 -    [IO/ACXML]
16.10.2025 09:22:42 -       [PATH    ] - C:/Programs/UNICADOworkflow/workingDirectoryRCE/UNICADOworkflow_2025-10-16_09-20-18_13/UNICADO-SMR-01
16.10.2025 09:22:42 -       [FILENAME] - UNICADO-SMR-01.xml
16.10.2025 09:22:42 -    [MODCONFIG]
16.10.2025 09:22:42 -       [PATH    ] - ../workingDirectoryRCE/UNICADOworkflow_2025-10-16_09-20-18_13
16.10.2025 09:22:42 -       [FILENAME] - aerodynamic_analysis_conf.xml
16.10.2025 09:22:42 - Checking directory... [REPORT]
16.10.2025 09:22:42 - Checking directory... [TEX]
16.10.2025 09:22:42 - Checking directory... [LOGFILES]
16.10.2025 09:22:42 - Calculate Polar for TAW: Initialize...
16.10.2025 09:22:42 - Calculate Polar for TAW: Run...

16.10.2025 09:22:42 - Run aero calculations for design CoG and stabilizer angle of -6 deg...
16.10.2025 09:22:42 - Run lifting line for TAW...
16.10.2025 09:22:42 - Set panel distribution for the main_wing lifting surface ...
16.10.2025 09:22:42 - Set panel distribution for the horizontal_stabiliser lifting surface ...
16.10.2025 09:22:42 - -> Total number of panels: 275
16.10.2025 09:22:42 - Write LILI Input file calcPolar_inc_LL.inp ...(calcPolar_inc_LL.inp)
16.10.2025 09:22:42 - Start LiftingLine (calcPolar_inc_LL) ... DONE
16.10.2025 09:22:47 - Read LiftingLine results (calcPolar_inc_LL) ...
16.10.2025 09:22:47 - Set panel distribution for the main_wing lifting surface ...
16.10.2025 09:22:47 - Set panel distribution for the horizontal_stabiliser lifting surface ...
16.10.2025 09:22:47 - -> Total number of panels: 275
16.10.2025 09:22:47 - Write LILI Input file calcPolar_M078_LL.inp ...(calcPolar_M078_LL.inp)
16.10.2025 09:22:47 - Start LiftingLine (calcPolar_M078_LL) ... DONE
16.10.2025 09:22:51 - Read LiftingLine results (calcPolar_M078_LL) ...
16.10.2025 09:22:51 - WARNING: For Ma = 0.20: CL_max=1.57 > CL_max (LI_LI)=1.18. Using Extrapolation!
16.10.2025 09:22:51 - WARNING: For Ma = 0.50: CL_max=1.44 > CL_max (LI_LI)=1.18. Using Extrapolation!
16.10.2025 09:22:51 - WARNING: For Ma = 0.60: CL_max=1.40 > CL_max (LI_LI)=1.18. Using Extrapolation!
16.10.2025 09:22:51 - WARNING: For Ma = 0.63: CL_max=1.31 > CL_max (LI_LI)=1.18. Using Extrapolation!
16.10.2025 09:22:51 - Create Aero-Sections ...
16.10.2025 09:22:51 - * Section 1 (Surface Segment (1st))
16.10.2025 09:22:51 - * Section 2 (Surface Segment)
16.10.2025 09:22:51 - * Section 3 (Surface Segment (last))
16.10.2025 09:22:51 - * Section 4 (Surface Segment (virtual tip))
16.10.2025 09:22:51 - Calculate polar for Ma = 0.20 | CL-Range [-0.40;1.57]
16.10.2025 09:22:51 - Calculate polar for Ma = 0.50 | CL-Range [-0.40;1.44]
16.10.2025 09:22:51 - Calculate polar for Ma = 0.60 | CL-Range [-0.40;1.39]
16.10.2025 09:22:51 - Calculate polar for Ma = 0.63 | CL-Range [-0.40;1.31]
16.10.2025 09:22:51 - Calculate polar for Ma = 0.68 | CL-Range [-0.40;1.15]
16.10.2025 09:22:51 - Calculate polar for Ma = 0.73 | CL-Range [-0.40;0.96]
16.10.2025 09:22:51 - Calculate polar for Ma = 0.76 | CL-Range [-0.40;0.84]
16.10.2025 09:22:51 - Calculate polar for Ma = 0.78 | CL-Range [-0.40;0.75]
16.10.2025 09:22:51 - Calculate polar for Ma = 0.79 | CL-Range [-0.40;0.70]
16.10.2025 09:22:51 - Calculate polar for Ma = 0.83 | CL-Range [-0.40;0.50]
16.10.2025 09:22:51 - ... moments and induced drag have been calculated successfully!
16.10.2025 09:22:52 - Viscous drag calculation by Raymer successfully initialized for:
16.10.2025 09:22:52 -  -wing
16.10.2025 09:22:52 -  -HTP
16.10.2025 09:22:52 -  -VTP
16.10.2025 09:22:52 -  -fuselage
16.10.2025 09:22:52 -  -nacelles
16.10.2025 09:22:52 -  -miscellaneous
16.10.2025 09:22:52 - ... Viscous drag has been calculated sucessfully!
16.10.2025 09:22:52 - ... Wave drag has been calculated sucessfully!
16.10.2025 09:22:52 - Sum up drag components
16.10.2025 09:22:52 - Calculate aerodynamic performance
16.10.2025 09:22:52 - Run high lift calculation
16.10.2025 09:22:52 - Calculate high lift polar for takeoff
16.10.2025 09:22:52 - CL_max (t/o) = 2.47
16.10.2025 09:22:52 - Calculate high lift polar for takeoff_landing_gear_retracted
16.10.2025 09:22:52 - Calculate high lift polar for climb
16.10.2025 09:22:52 - Calculate high lift polar for approach
16.10.2025 09:22:52 - Calculate high lift polar for approach_landing_gear_out
16.10.2025 09:22:52 - Calculate high lift polar for landing
16.10.2025 09:22:52 - CL_max (ldg) = 2.85

16.10.2025 09:22:52 - Run aero calculations for design CoG and stabilizer angle of 0.00 deg...
16.10.2025 09:22:52 - Run lifting line for TAW...
16.10.2025 09:22:52 - Set panel distribution for the main_wing lifting surface ...
16.10.2025 09:22:52 - Set panel distribution for the horizontal_stabiliser lifting surface ...
16.10.2025 09:22:52 - -> Total number of panels: 275
16.10.2025 09:22:52 - Write LILI Input file calcPolar_inc_LL.inp ...(calcPolar_inc_LL.inp)
16.10.2025 09:22:52 - Start LiftingLine (calcPolar_inc_LL) ... DONE
16.10.2025 09:22:56 - Read LiftingLine results (calcPolar_inc_LL) ...
16.10.2025 09:22:56 - Set panel distribution for the main_wing lifting surface ...
16.10.2025 09:22:56 - Set panel distribution for the horizontal_stabiliser lifting surface ...
16.10.2025 09:22:56 - -> Total number of panels: 275
16.10.2025 09:22:56 - Write LILI Input file calcPolar_M078_LL.inp ...(calcPolar_M078_LL.inp)
16.10.2025 09:22:56 - Start LiftingLine (calcPolar_M078_LL) ... DONE
16.10.2025 09:23:00 - Read LiftingLine results (calcPolar_M078_LL) ...
16.10.2025 09:23:00 - WARNING: For Ma = 0.20: CL_max=1.57 > CL_max (LI_LI)=1.27. Using Extrapolation!
16.10.2025 09:23:00 - WARNING: For Ma = 0.50: CL_max=1.44 > CL_max (LI_LI)=1.27. Using Extrapolation!
16.10.2025 09:23:00 - WARNING: For Ma = 0.60: CL_max=1.40 > CL_max (LI_LI)=1.27. Using Extrapolation!
16.10.2025 09:23:00 - WARNING: For Ma = 0.63: CL_max=1.31 > CL_max (LI_LI)=1.27. Using Extrapolation!
16.10.2025 09:23:00 - Create Aero-Sections ...
16.10.2025 09:23:00 - * Section 1 (Surface Segment (1st))
16.10.2025 09:23:00 - * Section 2 (Surface Segment)
16.10.2025 09:23:00 - * Section 3 (Surface Segment (last))
16.10.2025 09:23:00 - * Section 4 (Surface Segment (virtual tip))
16.10.2025 09:23:00 - Calculate polar for Ma = 0.20 | CL-Range [-0.30;1.57]
16.10.2025 09:23:00 - Calculate polar for Ma = 0.50 | CL-Range [-0.30;1.44]
16.10.2025 09:23:00 - Calculate polar for Ma = 0.60 | CL-Range [-0.30;1.39]
16.10.2025 09:23:00 - Calculate polar for Ma = 0.63 | CL-Range [-0.30;1.31]
16.10.2025 09:23:01 - Calculate polar for Ma = 0.68 | CL-Range [-0.30;1.15]
16.10.2025 09:23:01 - Calculate polar for Ma = 0.73 | CL-Range [-0.30;0.96]
16.10.2025 09:23:01 - Calculate polar for Ma = 0.76 | CL-Range [-0.30;0.84]
16.10.2025 09:23:01 - Calculate polar for Ma = 0.78 | CL-Range [-0.30;0.75]
16.10.2025 09:23:01 - Calculate polar for Ma = 0.79 | CL-Range [-0.30;0.70]
16.10.2025 09:23:01 - Calculate polar for Ma = 0.83 | CL-Range [-0.30;0.50]
16.10.2025 09:23:01 - ... moments and induced drag have been calculated successfully!
16.10.2025 09:23:01 - Viscous drag calculation by Raymer successfully initialized for:
16.10.2025 09:23:01 -  -wing
16.10.2025 09:23:01 -  -HTP
16.10.2025 09:23:01 -  -VTP
16.10.2025 09:23:01 -  -fuselage
16.10.2025 09:23:01 -  -nacelles
16.10.2025 09:23:01 -  -miscellaneous
16.10.2025 09:23:01 - ... Viscous drag has been calculated sucessfully!
16.10.2025 09:23:01 - ... Wave drag has been calculated sucessfully!
16.10.2025 09:23:01 - Sum up drag components
16.10.2025 09:23:01 - Calculate aerodynamic performance
16.10.2025 09:23:01 - Run high lift calculation
16.10.2025 09:23:01 - Calculate high lift polar for takeoff
16.10.2025 09:23:01 - CL_max (t/o) = 2.47
16.10.2025 09:23:01 - Calculate high lift polar for takeoff_landing_gear_retracted
16.10.2025 09:23:01 - Calculate high lift polar for climb
16.10.2025 09:23:01 - Calculate high lift polar for approach
16.10.2025 09:23:01 - Calculate high lift polar for approach_landing_gear_out
16.10.2025 09:23:01 - Calculate high lift polar for landing
16.10.2025 09:23:01 - CL_max (ldg) = 2.85

16.10.2025 09:23:01 - Run aero calculations for design CoG and stabilizer angle of 6.00 deg...
16.10.2025 09:23:02 - Run lifting line for TAW...
16.10.2025 09:23:02 - Set panel distribution for the main_wing lifting surface ...
16.10.2025 09:23:02 - Set panel distribution for the horizontal_stabiliser lifting surface ...
16.10.2025 09:23:02 - -> Total number of panels: 275
16.10.2025 09:23:02 - Write LILI Input file calcPolar_inc_LL.inp ...(calcPolar_inc_LL.inp)
16.10.2025 09:23:02 - Start LiftingLine (calcPolar_inc_LL) ... DONE
16.10.2025 09:23:06 - Read LiftingLine results (calcPolar_inc_LL) ...
16.10.2025 09:23:06 - Set panel distribution for the main_wing lifting surface ...
16.10.2025 09:23:06 - Set panel distribution for the horizontal_stabiliser lifting surface ...
16.10.2025 09:23:06 - -> Total number of panels: 275
16.10.2025 09:23:06 - Write LILI Input file calcPolar_M078_LL.inp ...(calcPolar_M078_LL.inp)
16.10.2025 09:23:06 - Start LiftingLine (calcPolar_M078_LL) ... DONE
16.10.2025 09:23:10 - Read LiftingLine results (calcPolar_M078_LL) ...
16.10.2025 09:23:10 - WARNING: For Ma = 0.20: CL_max=1.57 > CL_max (LI_LI)=1.36. Using Extrapolation!
16.10.2025 09:23:10 - WARNING: For Ma = 0.50: CL_max=1.44 > CL_max (LI_LI)=1.36. Using Extrapolation!
16.10.2025 09:23:10 - WARNING: For Ma = 0.60: CL_max=1.40 > CL_max (LI_LI)=1.36. Using Extrapolation!
16.10.2025 09:23:10 - Create Aero-Sections ...
16.10.2025 09:23:10 - * Section 1 (Surface Segment (1st))
16.10.2025 09:23:10 - * Section 2 (Surface Segment)
16.10.2025 09:23:10 - * Section 3 (Surface Segment (last))
16.10.2025 09:23:10 - * Section 4 (Surface Segment (virtual tip))
16.10.2025 09:23:10 - Calculate polar for Ma = 0.20 | CL-Range [-0.20;1.57]
16.10.2025 09:23:10 - Calculate polar for Ma = 0.50 | CL-Range [-0.20;1.44]
16.10.2025 09:23:10 - Calculate polar for Ma = 0.60 | CL-Range [-0.20;1.39]
16.10.2025 09:23:10 - Calculate polar for Ma = 0.63 | CL-Range [-0.20;1.31]
16.10.2025 09:23:10 - Calculate polar for Ma = 0.68 | CL-Range [-0.20;1.15]
16.10.2025 09:23:10 - Calculate polar for Ma = 0.73 | CL-Range [-0.20;0.96]
16.10.2025 09:23:10 - Calculate polar for Ma = 0.76 | CL-Range [-0.20;0.84]
16.10.2025 09:23:10 - Calculate polar for Ma = 0.78 | CL-Range [-0.20;0.75]
16.10.2025 09:23:10 - Calculate polar for Ma = 0.79 | CL-Range [-0.20;0.70]
16.10.2025 09:23:10 - Calculate polar for Ma = 0.83 | CL-Range [-0.20;0.50]
16.10.2025 09:23:10 - ... moments and induced drag have been calculated successfully!
16.10.2025 09:23:11 - Viscous drag calculation by Raymer successfully initialized for:
16.10.2025 09:23:11 -  -wing
16.10.2025 09:23:11 -  -HTP
16.10.2025 09:23:11 -  -VTP
16.10.2025 09:23:11 -  -fuselage
16.10.2025 09:23:11 -  -nacelles
16.10.2025 09:23:11 -  -miscellaneous
16.10.2025 09:23:11 - ... Viscous drag has been calculated sucessfully!
16.10.2025 09:23:11 - ... Wave drag has been calculated sucessfully!
16.10.2025 09:23:11 - Sum up drag components
16.10.2025 09:23:11 - Calculate aerodynamic performance
16.10.2025 09:23:11 - Run high lift calculation
16.10.2025 09:23:11 - Calculate high lift polar for takeoff
16.10.2025 09:23:11 - CL_max (t/o) = 2.47
16.10.2025 09:23:11 - Calculate high lift polar for takeoff_landing_gear_retracted
16.10.2025 09:23:11 - Calculate high lift polar for climb
16.10.2025 09:23:11 - Calculate high lift polar for approach
16.10.2025 09:23:11 - Calculate high lift polar for approach_landing_gear_out
16.10.2025 09:23:11 - Calculate high lift polar for landing
16.10.2025 09:23:11 - CL_max (ldg) = 2.85
16.10.2025 09:23:11 - Interpolate trim for clean polars at design CoG at Ma 0.20...
16.10.2025 09:23:11 - Interpolate trim for clean polars at design CoG at Ma 0.50...
16.10.2025 09:23:11 - Interpolate trim for clean polars at design CoG at Ma 0.60...
16.10.2025 09:23:11 - Interpolate trim for clean polars at design CoG at Ma 0.63...
16.10.2025 09:23:11 - Interpolate trim for clean polars at design CoG at Ma 0.68...
16.10.2025 09:23:11 - Interpolate trim for clean polars at design CoG at Ma 0.73...
16.10.2025 09:23:11 - Interpolate trim for clean polars at design CoG at Ma 0.76...
16.10.2025 09:23:11 - Interpolate trim for clean polars at design CoG at Ma 0.78...
16.10.2025 09:23:11 - Interpolate trim for clean polars at design CoG at Ma 0.79...
16.10.2025 09:23:11 - Interpolate trim for clean polars at design CoG at Ma 0.83...
16.10.2025 09:23:11 - All polars are trimmed!
16.10.2025 09:23:11 - Calculate Polar for TAW: Update...
16.10.2025 09:23:11 - Create XML-Polar file ...
16.10.2025 09:23:11 - Calculate Polar for TAW: Report...
16.10.2025 09:23:11 - Calculate Polar for TAW: Save...
16.10.2025 09:23:11 - Finish aerodynamic_analysis
*******************************************************************************
16.10.2025 09:23:52 - Start aerodynamic_analysis
16.10.2025 09:23:52 - [MODULE RUNTIMEINFO] - aerodynamic_analysis
16.10.2025 09:23:52 -    [CONSOLE  ] - [ON]
16.10.2025 09:23:52 -    [LOG      ] - [ON]
16.10.2025 09:23:52 -    [PLOT     ] - [OFF]
16.10.2025 09:23:52 -       [COPY  ] - [ON]
16.10.2025 09:23:52 -       [DELETE] - [ON]
16.10.2025 09:23:52 -    [REPORT   ] - [OFF]
16.10.2025 09:23:52 -    [TEX      ] - [OFF]
16.10.2025 09:23:52 -    [INFOFILES] - [OFF]
16.10.2025 09:23:52 -    [GNUPLOT]
16.10.2025 09:23:52 -       [PATH    ] - C:/Programs/UNICADOworkflow/gnuplot
16.10.2025 09:23:52 -       [FILENAME] - 
16.10.2025 09:23:52 -    [INKSCAPE]
16.10.2025 09:23:52 -       [PATH    ] - C:/Programs/UNICADOworkflow/inkscape
16.10.2025 09:23:52 -       [FILENAME] - 
16.10.2025 09:23:52 -    [LOGFILE]
16.10.2025 09:23:52 -       [PATH    ] - C:/Programs/UNICADOworkflow/workingDirectoryRCE/UNICADOworkflow_2025-10-16_09-20-18_13
16.10.2025 09:23:52 -       [FILENAME] - aerodynamic_analysis.log
16.10.2025 09:23:52 -    [IO/ACXML]
16.10.2025 09:23:52 -       [PATH    ] - C:/Programs/UNICADOworkflow/workingDirectoryRCE/UNICADOworkflow_2025-10-16_09-20-18_13/UNICADO-SMR-01
16.10.2025 09:23:52 -       [FILENAME] - UNICADO-SMR-01.xml
16.10.2025 09:23:52 -    [MODCONFIG]
16.10.2025 09:23:52 -       [PATH    ] - ../workingDirectoryRCE/UNICADOworkflow_2025-10-16_09-20-18_13
16.10.2025 09:23:52 -       [FILENAME] - aerodynamic_analysis_conf.xml
16.10.2025 09:23:52 - Checking directory... [REPORT]
16.10.2025 09:23:52 - Checking directory... [TEX]
16.10.2025 09:23:52 - Checking directory... [LOGFILES]
16.10.2025 09:23:52 - Calculate Polar for TAW: Initialize...
16.10.2025 09:23:52 - Calculate Polar for TAW: Run...

16.10.2025 09:23:52 - Run aero calculations for design CoG and stabilizer angle of -6 deg...
16.10.2025 09:23:52 - Run lifting line for TAW...
16.10.2025 09:23:52 - Set panel distribution for the main_wing lifting surface ...
16.10.2025 09:23:52 - Set panel distribution for the horizontal_stabiliser lifting surface ...
16.10.2025 09:23:52 - -> Total number of panels: 275
16.10.2025 09:23:52 - Write LILI Input file calcPolar_inc_LL.inp ...(calcPolar_inc_LL.inp)
16.10.2025 09:23:52 - Start LiftingLine (calcPolar_inc_LL) ... DONE
16.10.2025 09:23:56 - Read LiftingLine results (calcPolar_inc_LL) ...
16.10.2025 09:23:56 - Set panel distribution for the main_wing lifting surface ...
16.10.2025 09:23:56 - Set panel distribution for the horizontal_stabiliser lifting surface ...
16.10.2025 09:23:57 - -> Total number of panels: 275
16.10.2025 09:23:57 - Write LILI Input file calcPolar_M078_LL.inp ...(calcPolar_M078_LL.inp)
16.10.2025 09:23:57 - Start LiftingLine (calcPolar_M078_LL) ... DONE
16.10.2025 09:24:00 - Read LiftingLine results (calcPolar_M078_LL) ...
16.10.2025 09:24:01 - WARNING: For Ma = 0.20: CL_max=1.57 > CL_max (LI_LI)=1.18. Using Extrapolation!
16.10.2025 09:24:01 - WARNING: For Ma = 0.50: CL_max=1.44 > CL_max (LI_LI)=1.18. Using Extrapolation!
16.10.2025 09:24:01 - WARNING: For Ma = 0.60: CL_max=1.40 > CL_max (LI_LI)=1.18. Using Extrapolation!
16.10.2025 09:24:01 - WARNING: For Ma = 0.63: CL_max=1.31 > CL_max (LI_LI)=1.18. Using Extrapolation!
16.10.2025 09:24:01 - Create Aero-Sections ...
16.10.2025 09:24:01 - * Section 1 (Surface Segment (1st))
16.10.2025 09:24:01 - * Section 2 (Surface Segment)
16.10.2025 09:24:01 - * Section 3 (Surface Segment (last))
16.10.2025 09:24:01 - * Section 4 (Surface Segment (virtual tip))
16.10.2025 09:24:01 - Calculate polar for Ma = 0.20 | CL-Range [-0.40;1.57]
16.10.2025 09:24:01 - Calculate polar for Ma = 0.50 | CL-Range [-0.40;1.44]
16.10.2025 09:24:01 - Calculate polar for Ma = 0.60 | CL-Range [-0.40;1.39]
16.10.2025 09:24:01 - Calculate polar for Ma = 0.63 | CL-Range [-0.40;1.31]
16.10.2025 09:24:01 - Calculate polar for Ma = 0.68 | CL-Range [-0.40;1.15]
16.10.2025 09:24:01 - Calculate polar for Ma = 0.73 | CL-Range [-0.40;0.96]
16.10.2025 09:24:01 - Calculate polar for Ma = 0.76 | CL-Range [-0.40;0.84]
16.10.2025 09:24:01 - Calculate polar for Ma = 0.78 | CL-Range [-0.40;0.75]
16.10.2025 09:24:01 - Calculate polar for Ma = 0.79 | CL-Range [-0.40;0.70]
16.10.2025 09:24:01 - Calculate polar for Ma = 0.83 | CL-Range [-0.40;0.50]
16.10.2025 09:24:01 - ... moments and induced drag have been calculated successfully!
16.10.2025 09:24:02 - Viscous drag calculation by Raymer successfully initialized for:
16.10.2025 09:24:02 -  -wing
16.10.2025 09:24:02 -  -HTP
16.10.2025 09:24:02 -  -VTP
16.10.2025 09:24:02 -  -fuselage
16.10.2025 09:24:02 -  -nacelles
16.10.2025 09:24:02 -  -miscellaneous
16.10.2025 09:24:02 - ... Viscous drag has been calculated sucessfully!
16.10.2025 09:24:02 - ... Wave drag has been calculated sucessfully!
16.10.2025 09:24:02 - Sum up drag components
16.10.2025 09:24:02 - Calculate aerodynamic performance
16.10.2025 09:24:02 - Run high lift calculation
16.10.2025 09:24:02 - Calculate high lift polar for takeoff
16.10.2025 09:24:02 - CL_max (t/o) = 2.47
16.10.2025 09:24:02 - Calculate high lift polar for takeoff_landing_gear_retracted
16.10.2025 09:24:02 - Calculate high lift polar for climb
16.10.2025 09:24:02 - Calculate high lift polar for approach
16.10.2025 09:24:02 - Calculate high lift polar for approach_landing_gear_out
16.10.2025 09:24:02 - Calculate high lift polar for landing
16.10.2025 09:24:02 - CL_max (ldg) = 2.86

16.10.2025 09:24:02 - Run aero calculations for design CoG and stabilizer angle of 0.00 deg...
16.10.2025 09:24:02 - Run lifting line for TAW...
16.10.2025 09:24:02 - Set panel distribution for the main_wing lifting surface ...
16.10.2025 09:24:02 - Set panel distribution for the horizontal_stabiliser lifting surface ...
16.10.2025 09:24:02 - -> Total number of panels: 275
16.10.2025 09:24:02 - Write LILI Input file calcPolar_inc_LL.inp ...(calcPolar_inc_LL.inp)
16.10.2025 09:24:02 - Start LiftingLine (calcPolar_inc_LL) ... DONE
16.10.2025 09:24:06 - Read LiftingLine results (calcPolar_inc_LL) ...
16.10.2025 09:24:06 - Set panel distribution for the main_wing lifting surface ...
16.10.2025 09:24:06 - Set panel distribution for the horizontal_stabiliser lifting surface ...
16.10.2025 09:24:06 - -> Total number of panels: 275
16.10.2025 09:24:06 - Write LILI Input file calcPolar_M078_LL.inp ...(calcPolar_M078_LL.inp)
16.10.2025 09:24:06 - Start LiftingLine (calcPolar_M078_LL) ... DONE
16.10.2025 09:24:10 - Read LiftingLine results (calcPolar_M078_LL) ...
16.10.2025 09:24:10 - WARNING: For Ma = 0.20: CL_max=1.57 > CL_max (LI_LI)=1.27. Using Extrapolation!
16.10.2025 09:24:10 - WARNING: For Ma = 0.50: CL_max=1.44 > CL_max (LI_LI)=1.27. Using Extrapolation!
16.10.2025 09:24:10 - WARNING: For Ma = 0.60: CL_max=1.40 > CL_max (LI_LI)=1.27. Using Extrapolation!
16.10.2025 09:24:10 - WARNING: For Ma = 0.63: CL_max=1.31 > CL_max (LI_LI)=1.27. Using Extrapolation!
16.10.2025 09:24:10 - Create Aero-Sections ...
16.10.2025 09:24:10 - * Section 1 (Surface Segment (1st))
16.10.2025 09:24:10 - * Section 2 (Surface Segment)
16.10.2025 09:24:10 - * Section 3 (Surface Segment (last))
16.10.2025 09:24:10 - * Section 4 (Surface Segment (virtual tip))
16.10.2025 09:24:10 - Calculate polar for Ma = 0.20 | CL-Range [-0.30;1.57]
16.10.2025 09:24:10 - Calculate polar for Ma = 0.50 | CL-Range [-0.30;1.44]
16.10.2025 09:24:10 - Calculate polar for Ma = 0.60 | CL-Range [-0.30;1.39]
16.10.2025 09:24:10 - Calculate polar for Ma = 0.63 | CL-Range [-0.30;1.31]
16.10.2025 09:24:10 - Calculate polar for Ma = 0.68 | CL-Range [-0.30;1.15]
16.10.2025 09:24:10 - Calculate polar for Ma = 0.73 | CL-Range [-0.30;0.96]
16.10.2025 09:24:10 - Calculate polar for Ma = 0.76 | CL-Range [-0.30;0.84]
16.10.2025 09:24:10 - Calculate polar for Ma = 0.78 | CL-Range [-0.30;0.75]
16.10.2025 09:24:10 - Calculate polar for Ma = 0.79 | CL-Range [-0.30;0.70]
16.10.2025 09:24:10 - Calculate polar for Ma = 0.83 | CL-Range [-0.30;0.50]
16.10.2025 09:24:10 - ... moments and induced drag have been calculated successfully!
16.10.2025 09:24:11 - Viscous drag calculation by Raymer successfully initialized for:
16.10.2025 09:24:11 -  -wing
16.10.2025 09:24:11 -  -HTP
16.10.2025 09:24:11 -  -VTP
16.10.2025 09:24:11 -  -fuselage
16.10.2025 09:24:11 -  -nacelles
16.10.2025 09:24:11 -  -miscellaneous
16.10.2025 09:24:11 - ... Viscous drag has been calculated sucessfully!
16.10.2025 09:24:11 - ... Wave drag has been calculated sucessfully!
16.10.2025 09:24:11 - Sum up drag components
16.10.2025 09:24:11 - Calculate aerodynamic performance
16.10.2025 09:24:11 - Run high lift calculation
16.10.2025 09:24:11 - Calculate high lift polar for takeoff
16.10.2025 09:24:11 - CL_max (t/o) = 2.47
16.10.2025 09:24:11 - Calculate high lift polar for takeoff_landing_gear_retracted
16.10.2025 09:24:11 - Calculate high lift polar for climb
16.10.2025 09:24:11 - Calculate high lift polar for approach
16.10.2025 09:24:11 - Calculate high lift polar for approach_landing_gear_out
16.10.2025 09:24:11 - Calculate high lift polar for landing
16.10.2025 09:24:11 - CL_max (ldg) = 2.86

16.10.2025 09:24:11 - Run aero calculations for design CoG and stabilizer angle of 6.00 deg...
16.10.2025 09:24:11 - Run lifting line for TAW...
16.10.2025 09:24:11 - Set panel distribution for the main_wing lifting surface ...
16.10.2025 09:24:11 - Set panel distribution for the horizontal_stabiliser lifting surface ...
16.10.2025 09:24:11 - -> Total number of panels: 275
16.10.2025 09:24:11 - Write LILI Input file calcPolar_inc_LL.inp ...(calcPolar_inc_LL.inp)
16.10.2025 09:24:11 - Start LiftingLine (calcPolar_inc_LL) ... DONE
16.10.2025 09:24:15 - Read LiftingLine results (calcPolar_inc_LL) ...
16.10.2025 09:24:15 - Set panel distribution for the main_wing lifting surface ...
16.10.2025 09:24:15 - Set panel distribution for the horizontal_stabiliser lifting surface ...
16.10.2025 09:24:15 - -> Total number of panels: 275
16.10.2025 09:24:15 - Write LILI Input file calcPolar_M078_LL.inp ...(calcPolar_M078_LL.inp)
16.10.2025 09:24:15 - Start LiftingLine (calcPolar_M078_LL) ... DONE
16.10.2025 09:24:19 - Read LiftingLine results (calcPolar_M078_LL) ...
16.10.2025 09:24:19 - WARNING: For Ma = 0.20: CL_max=1.57 > CL_max (LI_LI)=1.36. Using Extrapolation!
16.10.2025 09:24:19 - WARNING: For Ma = 0.50: CL_max=1.44 > CL_max (LI_LI)=1.36. Using Extrapolation!
16.10.2025 09:24:19 - WARNING: For Ma = 0.60: CL_max=1.40 > CL_max (LI_LI)=1.36. Using Extrapolation!
16.10.2025 09:24:19 - Create Aero-Sections ...
16.10.2025 09:24:19 - * Section 1 (Surface Segment (1st))
16.10.2025 09:24:19 - * Section 2 (Surface Segment)
16.10.2025 09:24:19 - * Section 3 (Surface Segment (last))
16.10.2025 09:24:19 - * Section 4 (Surface Segment (virtual tip))
16.10.2025 09:24:19 - Calculate polar for Ma = 0.20 | CL-Range [-0.20;1.57]
16.10.2025 09:24:19 - Calculate polar for Ma = 0.50 | CL-Range [-0.20;1.44]
16.10.2025 09:24:19 - Calculate polar for Ma = 0.60 | CL-Range [-0.20;1.39]
16.10.2025 09:24:19 - Calculate polar for Ma = 0.63 | CL-Range [-0.20;1.31]
16.10.2025 09:24:19 - Calculate polar for Ma = 0.68 | CL-Range [-0.20;1.15]
16.10.2025 09:24:20 - Calculate polar for Ma = 0.73 | CL-Range [-0.20;0.96]
16.10.2025 09:24:20 - Calculate polar for Ma = 0.76 | CL-Range [-0.20;0.84]
16.10.2025 09:24:20 - Calculate polar for Ma = 0.78 | CL-Range [-0.20;0.75]
16.10.2025 09:24:20 - Calculate polar for Ma = 0.79 | CL-Range [-0.20;0.70]
16.10.2025 09:24:20 - Calculate polar for Ma = 0.83 | CL-Range [-0.20;0.50]
16.10.2025 09:24:20 - ... moments and induced drag have been calculated successfully!
16.10.2025 09:24:20 - Viscous drag calculation by Raymer successfully initialized for:
16.10.2025 09:24:20 -  -wing
16.10.2025 09:24:20 -  -HTP
16.10.2025 09:24:20 -  -VTP
16.10.2025 09:24:20 -  -fuselage
16.10.2025 09:24:20 -  -nacelles
16.10.2025 09:24:20 -  -miscellaneous
16.10.2025 09:24:20 - ... Viscous drag has been calculated sucessfully!
16.10.2025 09:24:20 - ... Wave drag has been calculated sucessfully!
16.10.2025 09:24:20 - Sum up drag components
16.10.2025 09:24:20 - Calculate aerodynamic performance
16.10.2025 09:24:20 - Run high lift calculation
16.10.2025 09:24:20 - Calculate high lift polar for takeoff
16.10.2025 09:24:20 - CL_max (t/o) = 2.47
16.10.2025 09:24:20 - Calculate high lift polar for takeoff_landing_gear_retracted
16.10.2025 09:24:20 - Calculate high lift polar for climb
16.10.2025 09:24:20 - Calculate high lift polar for approach
16.10.2025 09:24:20 - Calculate high lift polar for approach_landing_gear_out
16.10.2025 09:24:20 - Calculate high lift polar for landing
16.10.2025 09:24:20 - CL_max (ldg) = 2.86
16.10.2025 09:24:20 - Interpolate trim for clean polars at design CoG at Ma 0.20...
16.10.2025 09:24:20 - Interpolate trim for clean polars at design CoG at Ma 0.50...
16.10.2025 09:24:20 - Interpolate trim for clean polars at design CoG at Ma 0.60...
16.10.2025 09:24:20 - Interpolate trim for clean polars at design CoG at Ma 0.63...
16.10.2025 09:24:20 - Interpolate trim for clean polars at design CoG at Ma 0.68...
16.10.2025 09:24:20 - Interpolate trim for clean polars at design CoG at Ma 0.73...
16.10.2025 09:24:20 - Interpolate trim for clean polars at design CoG at Ma 0.76...
16.10.2025 09:24:20 - Interpolate trim for clean polars at design CoG at Ma 0.78...
16.10.2025 09:24:20 - Interpolate trim for clean polars at design CoG at Ma 0.79...
16.10.2025 09:24:20 - Interpolate trim for clean polars at design CoG at Ma 0.83...
16.10.2025 09:24:20 - All polars are trimmed!
16.10.2025 09:24:20 - Calculate Polar for TAW: Update...
16.10.2025 09:24:20 - Create XML-Polar file ...
16.10.2025 09:24:20 - Calculate Polar for TAW: Report...
16.10.2025 09:24:20 - Calculate Polar for TAW: Save...
16.10.2025 09:24:20 - Finish aerodynamic_analysis
*******************************************************************************
16.10.2025 09:25:04 - Start aerodynamic_analysis
16.10.2025 09:25:04 - [MODULE RUNTIMEINFO] - aerodynamic_analysis
16.10.2025 09:25:04 -    [CONSOLE  ] - [ON]
16.10.2025 09:25:04 -    [LOG      ] - [ON]
16.10.2025 09:25:04 -    [PLOT     ] - [OFF]
16.10.2025 09:25:04 -       [COPY  ] - [ON]
16.10.2025 09:25:04 -       [DELETE] - [ON]
16.10.2025 09:25:04 -    [REPORT   ] - [OFF]
16.10.2025 09:25:04 -    [TEX      ] - [OFF]
16.10.2025 09:25:04 -    [INFOFILES] - [OFF]
16.10.2025 09:25:04 -    [GNUPLOT]
16.10.2025 09:25:04 -       [PATH    ] - C:/Programs/UNICADOworkflow/gnuplot
16.10.2025 09:25:04 -       [FILENAME] - 
16.10.2025 09:25:04 -    [INKSCAPE]
16.10.2025 09:25:04 -       [PATH    ] - C:/Programs/UNICADOworkflow/inkscape
16.10.2025 09:25:04 -       [FILENAME] - 
16.10.2025 09:25:04 -    [LOGFILE]
16.10.2025 09:25:04 -       [PATH    ] - C:/Programs/UNICADOworkflow/workingDirectoryRCE/UNICADOworkflow_2025-10-16_09-20-18_13
16.10.2025 09:25:04 -       [FILENAME] - aerodynamic_analysis.log
16.10.2025 09:25:04 -    [IO/ACXML]
16.10.2025 09:25:04 -       [PATH    ] - C:/Programs/UNICADOworkflow/workingDirectoryRCE/UNICADOworkflow_2025-10-16_09-20-18_13/UNICADO-SMR-01
16.10.2025 09:25:04 -       [FILENAME] - UNICADO-SMR-01.xml
16.10.2025 09:25:04 -    [MODCONFIG]
16.10.2025 09:25:04 -       [PATH    ] - ../workingDirectoryRCE/UNICADOworkflow_2025-10-16_09-20-18_13
16.10.2025 09:25:04 -       [FILENAME] - aerodynamic_analysis_conf.xml
16.10.2025 09:25:04 - Checking directory... [REPORT]
16.10.2025 09:25:04 - Checking directory... [TEX]
16.10.2025 09:25:04 - Checking directory... [LOGFILES]
16.10.2025 09:25:04 - Calculate Polar for TAW: Initialize...
16.10.2025 09:25:04 - Calculate Polar for TAW: Run...

16.10.2025 09:25:04 - Run aero calculations for design CoG and stabilizer angle of -6 deg...
16.10.2025 09:25:04 - Run lifting line for TAW...
16.10.2025 09:25:04 - Set panel distribution for the main_wing lifting surface ...
16.10.2025 09:25:04 - Set panel distribution for the horizontal_stabiliser lifting surface ...
16.10.2025 09:25:04 - -> Total number of panels: 275
16.10.2025 09:25:04 - Write LILI Input file calcPolar_inc_LL.inp ...(calcPolar_inc_LL.inp)
16.10.2025 09:25:04 - Start LiftingLine (calcPolar_inc_LL) ... DONE
16.10.2025 09:25:08 - Read LiftingLine results (calcPolar_inc_LL) ...
16.10.2025 09:25:08 - Set panel distribution for the main_wing lifting surface ...
16.10.2025 09:25:08 - Set panel distribution for the horizontal_stabiliser lifting surface ...
16.10.2025 09:25:08 - -> Total number of panels: 275
16.10.2025 09:25:08 - Write LILI Input file calcPolar_M078_LL.inp ...(calcPolar_M078_LL.inp)
16.10.2025 09:25:08 - Start LiftingLine (calcPolar_M078_LL) ... DONE
16.10.2025 09:25:12 - Read LiftingLine results (calcPolar_M078_LL) ...
16.10.2025 09:25:12 - WARNING: For Ma = 0.20: CL_max=1.57 > CL_max (LI_LI)=1.18. Using Extrapolation!
16.10.2025 09:25:12 - WARNING: For Ma = 0.50: CL_max=1.44 > CL_max (LI_LI)=1.18. Using Extrapolation!
16.10.2025 09:25:12 - WARNING: For Ma = 0.60: CL_max=1.40 > CL_max (LI_LI)=1.18. Using Extrapolation!
16.10.2025 09:25:12 - WARNING: For Ma = 0.63: CL_max=1.31 > CL_max (LI_LI)=1.18. Using Extrapolation!
16.10.2025 09:25:12 - Create Aero-Sections ...
16.10.2025 09:25:12 - * Section 1 (Surface Segment (1st))
16.10.2025 09:25:12 - * Section 2 (Surface Segment)
16.10.2025 09:25:12 - * Section 3 (Surface Segment (last))
16.10.2025 09:25:12 - * Section 4 (Surface Segment (virtual tip))
16.10.2025 09:25:12 - Calculate polar for Ma = 0.20 | CL-Range [-0.40;1.57]
16.10.2025 09:25:12 - Calculate polar for Ma = 0.50 | CL-Range [-0.40;1.44]
16.10.2025 09:25:13 - Calculate polar for Ma = 0.60 | CL-Range [-0.40;1.39]
16.10.2025 09:25:13 - Calculate polar for Ma = 0.63 | CL-Range [-0.40;1.31]
16.10.2025 09:25:13 - Calculate polar for Ma = 0.68 | CL-Range [-0.40;1.15]
16.10.2025 09:25:13 - Calculate polar for Ma = 0.73 | CL-Range [-0.40;0.96]
16.10.2025 09:25:13 - Calculate polar for Ma = 0.76 | CL-Range [-0.40;0.84]
16.10.2025 09:25:13 - Calculate polar for Ma = 0.78 | CL-Range [-0.40;0.75]
16.10.2025 09:25:13 - Calculate polar for Ma = 0.79 | CL-Range [-0.40;0.70]
16.10.2025 09:25:13 - Calculate polar for Ma = 0.83 | CL-Range [-0.40;0.50]
16.10.2025 09:25:13 - ... moments and induced drag have been calculated successfully!
16.10.2025 09:25:13 - Viscous drag calculation by Raymer successfully initialized for:
16.10.2025 09:25:13 -  -wing
16.10.2025 09:25:13 -  -HTP
16.10.2025 09:25:13 -  -VTP
16.10.2025 09:25:13 -  -fuselage
16.10.2025 09:25:13 -  -nacelles
16.10.2025 09:25:13 -  -miscellaneous
16.10.2025 09:25:13 - ... Viscous drag has been calculated sucessfully!
16.10.2025 09:25:14 - ... Wave drag has been calculated sucessfully!
16.10.2025 09:25:14 - Sum up drag components
16.10.2025 09:25:14 - Calculate aerodynamic performance
16.10.2025 09:25:14 - Run high lift calculation
16.10.2025 09:25:14 - Calculate high lift polar for takeoff
16.10.2025 09:25:14 - CL_max (t/o) = 2.47
16.10.2025 09:25:14 - Calculate high lift polar for takeoff_landing_gear_retracted
16.10.2025 09:25:14 - Calculate high lift polar for climb
16.10.2025 09:25:14 - Calculate high lift polar for approach
16.10.2025 09:25:14 - Calculate high lift polar for approach_landing_gear_out
16.10.2025 09:25:14 - Calculate high lift polar for landing
16.10.2025 09:25:14 - CL_max (ldg) = 2.86

16.10.2025 09:25:14 - Run aero calculations for design CoG and stabilizer angle of 0.00 deg...
16.10.2025 09:25:14 - Run lifting line for TAW...
16.10.2025 09:25:14 - Set panel distribution for the main_wing lifting surface ...
16.10.2025 09:25:14 - Set panel distribution for the horizontal_stabiliser lifting surface ...
16.10.2025 09:25:14 - -> Total number of panels: 275
16.10.2025 09:25:14 - Write LILI Input file calcPolar_inc_LL.inp ...(calcPolar_inc_LL.inp)
16.10.2025 09:25:14 - Start LiftingLine (calcPolar_inc_LL) ... DONE
16.10.2025 09:25:18 - Read LiftingLine results (calcPolar_inc_LL) ...
16.10.2025 09:25:18 - Set panel distribution for the main_wing lifting surface ...
16.10.2025 09:25:18 - Set panel distribution for the horizontal_stabiliser lifting surface ...
16.10.2025 09:25:18 - -> Total number of panels: 275
16.10.2025 09:25:18 - Write LILI Input file calcPolar_M078_LL.inp ...(calcPolar_M078_LL.inp)
16.10.2025 09:25:18 - Start LiftingLine (calcPolar_M078_LL) ... DONE
16.10.2025 09:25:22 - Read LiftingLine results (calcPolar_M078_LL) ...
16.10.2025 09:25:22 - WARNING: For Ma = 0.20: CL_max=1.57 > CL_max (LI_LI)=1.27. Using Extrapolation!
16.10.2025 09:25:22 - WARNING: For Ma = 0.50: CL_max=1.44 > CL_max (LI_LI)=1.27. Using Extrapolation!
16.10.2025 09:25:22 - WARNING: For Ma = 0.60: CL_max=1.40 > CL_max (LI_LI)=1.27. Using Extrapolation!
16.10.2025 09:25:22 - WARNING: For Ma = 0.63: CL_max=1.31 > CL_max (LI_LI)=1.27. Using Extrapolation!
16.10.2025 09:25:22 - Create Aero-Sections ...
16.10.2025 09:25:22 - * Section 1 (Surface Segment (1st))
16.10.2025 09:25:22 - * Section 2 (Surface Segment)
16.10.2025 09:25:22 - * Section 3 (Surface Segment (last))
16.10.2025 09:25:22 - * Section 4 (Surface Segment (virtual tip))
16.10.2025 09:25:22 - Calculate polar for Ma = 0.20 | CL-Range [-0.30;1.57]
16.10.2025 09:25:22 - Calculate polar for Ma = 0.50 | CL-Range [-0.30;1.44]
16.10.2025 09:25:22 - Calculate polar for Ma = 0.60 | CL-Range [-0.30;1.39]
16.10.2025 09:25:22 - Calculate polar for Ma = 0.63 | CL-Range [-0.30;1.31]
16.10.2025 09:25:22 - Calculate polar for Ma = 0.68 | CL-Range [-0.30;1.15]
16.10.2025 09:25:22 - Calculate polar for Ma = 0.73 | CL-Range [-0.30;0.96]
16.10.2025 09:25:22 - Calculate polar for Ma = 0.76 | CL-Range [-0.30;0.84]
16.10.2025 09:25:22 - Calculate polar for Ma = 0.78 | CL-Range [-0.30;0.75]
16.10.2025 09:25:22 - Calculate polar for Ma = 0.79 | CL-Range [-0.30;0.70]
16.10.2025 09:25:22 - Calculate polar for Ma = 0.83 | CL-Range [-0.30;0.50]
16.10.2025 09:25:22 - ... moments and induced drag have been calculated successfully!
16.10.2025 09:25:23 - Viscous drag calculation by Raymer successfully initialized for:
16.10.2025 09:25:23 -  -wing
16.10.2025 09:25:23 -  -HTP
16.10.2025 09:25:23 -  -VTP
16.10.2025 09:25:23 -  -fuselage
16.10.2025 09:25:23 -  -nacelles
16.10.2025 09:25:23 -  -miscellaneous
16.10.2025 09:25:23 - ... Viscous drag has been calculated sucessfully!
16.10.2025 09:25:23 - ... Wave drag has been calculated sucessfully!
16.10.2025 09:25:23 - Sum up drag components
16.10.2025 09:25:23 - Calculate aerodynamic performance
16.10.2025 09:25:23 - Run high lift calculation
16.10.2025 09:25:23 - Calculate high lift polar for takeoff
16.10.2025 09:25:23 - CL_max (t/o) = 2.47
16.10.2025 09:25:23 - Calculate high lift polar for takeoff_landing_gear_retracted
16.10.2025 09:25:23 - Calculate high lift polar for climb
16.10.2025 09:25:23 - Calculate high lift polar for approach
16.10.2025 09:25:23 - Calculate high lift polar for approach_landing_gear_out
16.10.2025 09:25:23 - Calculate high lift polar for landing
16.10.2025 09:25:23 - CL_max (ldg) = 2.86

16.10.2025 09:25:23 - Run aero calculations for design CoG and stabilizer angle of 6.00 deg...
16.10.2025 09:25:23 - Run lifting line for TAW...
16.10.2025 09:25:23 - Set panel distribution for the main_wing lifting surface ...
16.10.2025 09:25:23 - Set panel distribution for the horizontal_stabiliser lifting surface ...
16.10.2025 09:25:23 - -> Total number of panels: 275
16.10.2025 09:25:23 - Write LILI Input file calcPolar_inc_LL.inp ...(calcPolar_inc_LL.inp)
16.10.2025 09:25:23 - Start LiftingLine (calcPolar_inc_LL) ... DONE
16.10.2025 09:25:27 - Read LiftingLine results (calcPolar_inc_LL) ...
16.10.2025 09:25:27 - Set panel distribution for the main_wing lifting surface ...
16.10.2025 09:25:27 - Set panel distribution for the horizontal_stabiliser lifting surface ...
16.10.2025 09:25:27 - -> Total number of panels: 275
16.10.2025 09:25:27 - Write LILI Input file calcPolar_M078_LL.inp ...(calcPolar_M078_LL.inp)
16.10.2025 09:25:27 - Start LiftingLine (calcPolar_M078_LL) ... DONE
16.10.2025 09:25:31 - Read LiftingLine results (calcPolar_M078_LL) ...
16.10.2025 09:25:31 - WARNING: For Ma = 0.20: CL_max=1.57 > CL_max (LI_LI)=1.36. Using Extrapolation!
16.10.2025 09:25:31 - WARNING: For Ma = 0.50: CL_max=1.44 > CL_max (LI_LI)=1.36. Using Extrapolation!
16.10.2025 09:25:31 - WARNING: For Ma = 0.60: CL_max=1.40 > CL_max (LI_LI)=1.36. Using Extrapolation!
16.10.2025 09:25:31 - Create Aero-Sections ...
16.10.2025 09:25:31 - * Section 1 (Surface Segment (1st))
16.10.2025 09:25:31 - * Section 2 (Surface Segment)
16.10.2025 09:25:31 - * Section 3 (Surface Segment (last))
16.10.2025 09:25:31 - * Section 4 (Surface Segment (virtual tip))
16.10.2025 09:25:31 - Calculate polar for Ma = 0.20 | CL-Range [-0.20;1.57]
16.10.2025 09:25:31 - Calculate polar for Ma = 0.50 | CL-Range [-0.20;1.44]
16.10.2025 09:25:31 - Calculate polar for Ma = 0.60 | CL-Range [-0.20;1.39]
16.10.2025 09:25:31 - Calculate polar for Ma = 0.63 | CL-Range [-0.20;1.31]
16.10.2025 09:25:31 - Calculate polar for Ma = 0.68 | CL-Range [-0.20;1.15]
16.10.2025 09:25:31 - Calculate polar for Ma = 0.73 | CL-Range [-0.20;0.96]
16.10.2025 09:25:31 - Calculate polar for Ma = 0.76 | CL-Range [-0.20;0.84]
16.10.2025 09:25:31 - Calculate polar for Ma = 0.78 | CL-Range [-0.20;0.75]
16.10.2025 09:25:31 - Calculate polar for Ma = 0.79 | CL-Range [-0.20;0.70]
16.10.2025 09:25:31 - Calculate polar for Ma = 0.83 | CL-Range [-0.20;0.50]
16.10.2025 09:25:32 - ... moments and induced drag have been calculated successfully!
16.10.2025 09:25:32 - Viscous drag calculation by Raymer successfully initialized for:
16.10.2025 09:25:32 -  -wing
16.10.2025 09:25:32 -  -HTP
16.10.2025 09:25:32 -  -VTP
16.10.2025 09:25:32 -  -fuselage
16.10.2025 09:25:32 -  -nacelles
16.10.2025 09:25:32 -  -miscellaneous
16.10.2025 09:25:32 - ... Viscous drag has been calculated sucessfully!
16.10.2025 09:25:32 - ... Wave drag has been calculated sucessfully!
16.10.2025 09:25:32 - Sum up drag components
16.10.2025 09:25:32 - Calculate aerodynamic performance
16.10.2025 09:25:32 - Run high lift calculation
16.10.2025 09:25:32 - Calculate high lift polar for takeoff
16.10.2025 09:25:32 - CL_max (t/o) = 2.47
16.10.2025 09:25:32 - Calculate high lift polar for takeoff_landing_gear_retracted
16.10.2025 09:25:32 - Calculate high lift polar for climb
16.10.2025 09:25:32 - Calculate high lift polar for approach
16.10.2025 09:25:32 - Calculate high lift polar for approach_landing_gear_out
16.10.2025 09:25:32 - Calculate high lift polar for landing
16.10.2025 09:25:32 - CL_max (ldg) = 2.86
16.10.2025 09:25:32 - Interpolate trim for clean polars at design CoG at Ma 0.20...
16.10.2025 09:25:32 - Interpolate trim for clean polars at design CoG at Ma 0.50...
16.10.2025 09:25:32 - Interpolate trim for clean polars at design CoG at Ma 0.60...
16.10.2025 09:25:32 - Interpolate trim for clean polars at design CoG at Ma 0.63...
16.10.2025 09:25:32 - Interpolate trim for clean polars at design CoG at Ma 0.68...
16.10.2025 09:25:32 - Interpolate trim for clean polars at design CoG at Ma 0.73...
16.10.2025 09:25:32 - Interpolate trim for clean polars at design CoG at Ma 0.76...
16.10.2025 09:25:32 - Interpolate trim for clean polars at design CoG at Ma 0.78...
16.10.2025 09:25:32 - Interpolate trim for clean polars at design CoG at Ma 0.79...
16.10.2025 09:25:32 - Interpolate trim for clean polars at design CoG at Ma 0.83...
16.10.2025 09:25:32 - All polars are trimmed!
16.10.2025 09:25:32 - Calculate Polar for TAW: Update...
16.10.2025 09:25:32 - Create XML-Polar file ...
16.10.2025 09:25:32 - Calculate Polar for TAW: Report...
16.10.2025 09:25:32 - Calculate Polar for TAW: Save...
16.10.2025 09:25:32 - Finish aerodynamic_analysis
*******************************************************************************
16.10.2025 09:26:22 - Start aerodynamic_analysis
16.10.2025 09:26:22 - [MODULE RUNTIMEINFO] - aerodynamic_analysis
16.10.2025 09:26:22 -    [CONSOLE  ] - [ON]
16.10.2025 09:26:22 -    [LOG      ] - [ON]
16.10.2025 09:26:22 -    [PLOT     ] - [ON]
16.10.2025 09:26:22 -       [COPY  ] - [ON]
16.10.2025 09:26:22 -       [DELETE] - [ON]
16.10.2025 09:26:22 -    [REPORT   ] - [ON]
16.10.2025 09:26:22 -    [TEX      ] - [ON]
16.10.2025 09:26:22 -    [INFOFILES] - [OFF]
16.10.2025 09:26:22 -    [GNUPLOT]
16.10.2025 09:26:22 -       [PATH    ] - C:/Programs/UNICADOworkflow/gnuplot
16.10.2025 09:26:22 -       [FILENAME] - 
16.10.2025 09:26:22 -    [INKSCAPE]
16.10.2025 09:26:22 -       [PATH    ] - C:/Programs/UNICADOworkflow/inkscape
16.10.2025 09:26:22 -       [FILENAME] - 
16.10.2025 09:26:22 -    [LOGFILE]
16.10.2025 09:26:22 -       [PATH    ] - C:/Programs/UNICADOworkflow/workingDirectoryRCE/UNICADOworkflow_2025-10-16_09-20-18_13
16.10.2025 09:26:22 -       [FILENAME] - aerodynamic_analysis.log
16.10.2025 09:26:22 -    [IO/ACXML]
16.10.2025 09:26:22 -       [PATH    ] - C:/Programs/UNICADOworkflow/workingDirectoryRCE/UNICADOworkflow_2025-10-16_09-20-18_13/UNICADO-SMR-01
16.10.2025 09:26:22 -       [FILENAME] - UNICADO-SMR-01.xml
16.10.2025 09:26:22 -    [MODCONFIG]
16.10.2025 09:26:22 -       [PATH    ] - ../workingDirectoryRCE/UNICADOworkflow_2025-10-16_09-20-18_13
16.10.2025 09:26:22 -       [FILENAME] - aerodynamic_analysis_conf.xml
16.10.2025 09:26:22 - Checking directory... [REPORT]
16.10.2025 09:26:22 - Checking directory... [TEX]
16.10.2025 09:26:22 - Checking directory... [HTML]
16.10.2025 09:26:22 - Checking directory... [PLOT]
16.10.2025 09:26:22 - Checking directory... [CSVFILES]
16.10.2025 09:26:22 - Checking directory... [CSVFILESTOOL]
16.10.2025 09:26:22 - Creating directory... [CSVFILESTOOL]
16.10.2025 09:26:22 - Checking directory... [PLOTFILES]
16.10.2025 09:26:22 - Checking directory... [PLOTFILESTOOL]
16.10.2025 09:26:22 - Creating directory... [PLOTFILESTOOL]
16.10.2025 09:26:22 - Checking directory... [LOGFILES]
16.10.2025 09:26:22 - Calculate Polar for TAW: Initialize...
16.10.2025 09:26:22 - Calculate Polar for TAW: Run...

16.10.2025 09:26:22 - Run aero calculations for design CoG and stabilizer angle of -6 deg...
16.10.2025 09:26:22 - Run lifting line for TAW...
16.10.2025 09:26:22 - Set panel distribution for the main_wing lifting surface ...
16.10.2025 09:26:22 - Set panel distribution for the horizontal_stabiliser lifting surface ...
16.10.2025 09:26:22 - -> Total number of panels: 275
16.10.2025 09:26:22 - Write LILI Input file calcPolar_inc_LL.inp ...(calcPolar_inc_LL.inp)
16.10.2025 09:26:22 - Start LiftingLine (calcPolar_inc_LL) ... DONE
16.10.2025 09:26:26 - Read LiftingLine results (calcPolar_inc_LL) ...
16.10.2025 09:26:26 - Set panel distribution for the main_wing lifting surface ...
16.10.2025 09:26:26 - Set panel distribution for the horizontal_stabiliser lifting surface ...
16.10.2025 09:26:26 - -> Total number of panels: 275
16.10.2025 09:26:26 - Write LILI Input file calcPolar_M078_LL.inp ...(calcPolar_M078_LL.inp)
16.10.2025 09:26:26 - Start LiftingLine (calcPolar_M078_LL) ... DONE
16.10.2025 09:26:30 - Read LiftingLine results (calcPolar_M078_LL) ...
16.10.2025 09:26:30 - WARNING: For Ma = 0.20: CL_max=1.57 > CL_max (LI_LI)=1.18. Using Extrapolation!
16.10.2025 09:26:30 - WARNING: For Ma = 0.50: CL_max=1.44 > CL_max (LI_LI)=1.18. Using Extrapolation!
16.10.2025 09:26:30 - WARNING: For Ma = 0.60: CL_max=1.40 > CL_max (LI_LI)=1.18. Using Extrapolation!
16.10.2025 09:26:30 - WARNING: For Ma = 0.63: CL_max=1.31 > CL_max (LI_LI)=1.18. Using Extrapolation!
16.10.2025 09:26:30 - Create Aero-Sections ...
16.10.2025 09:26:30 - * Section 1 (Surface Segment (1st))
16.10.2025 09:26:30 - * Section 2 (Surface Segment)
16.10.2025 09:26:30 - * Section 3 (Surface Segment (last))
16.10.2025 09:26:30 - * Section 4 (Surface Segment (virtual tip))
16.10.2025 09:26:30 - Calculate polar for Ma = 0.20 | CL-Range [-0.40;1.57]
16.10.2025 09:26:30 - Calculate polar for Ma = 0.50 | CL-Range [-0.40;1.44]
16.10.2025 09:26:30 - Calculate polar for Ma = 0.60 | CL-Range [-0.40;1.39]
16.10.2025 09:26:30 - Calculate polar for Ma = 0.63 | CL-Range [-0.40;1.31]
16.10.2025 09:26:30 - Calculate polar for Ma = 0.68 | CL-Range [-0.40;1.15]
16.10.2025 09:26:30 - Calculate polar for Ma = 0.73 | CL-Range [-0.40;0.96]
16.10.2025 09:26:30 - Calculate polar for Ma = 0.76 | CL-Range [-0.40;0.84]
16.10.2025 09:26:30 - Calculate polar for Ma = 0.78 | CL-Range [-0.40;0.75]
16.10.2025 09:26:30 - Calculate polar for Ma = 0.79 | CL-Range [-0.40;0.70]
16.10.2025 09:26:30 - Calculate polar for Ma = 0.83 | CL-Range [-0.40;0.50]
16.10.2025 09:26:30 - ... moments and induced drag have been calculated successfully!
16.10.2025 09:26:31 - Viscous drag calculation by Raymer successfully initialized for:
16.10.2025 09:26:31 -  -wing
16.10.2025 09:26:31 -  -HTP
16.10.2025 09:26:31 -  -VTP
16.10.2025 09:26:31 -  -fuselage
16.10.2025 09:26:31 -  -nacelles
16.10.2025 09:26:31 -  -miscellaneous
16.10.2025 09:26:31 - ... Viscous drag has been calculated sucessfully!
16.10.2025 09:26:31 - ... Wave drag has been calculated sucessfully!
16.10.2025 09:26:31 - Sum up drag components
16.10.2025 09:26:31 - Calculate aerodynamic performance
16.10.2025 09:26:31 - Run high lift calculation
16.10.2025 09:26:31 - Calculate high lift polar for takeoff
16.10.2025 09:26:31 - CL_max (t/o) = 2.47
16.10.2025 09:26:31 - Calculate high lift polar for takeoff_landing_gear_retracted
16.10.2025 09:26:31 - Calculate high lift polar for climb
16.10.2025 09:26:31 - Calculate high lift polar for approach
16.10.2025 09:26:31 - Calculate high lift polar for approach_landing_gear_out
16.10.2025 09:26:31 - Calculate high lift polar for landing
16.10.2025 09:26:31 - CL_max (ldg) = 2.86

16.10.2025 09:26:31 - Run aero calculations for design CoG and stabilizer angle of 0.00 deg...
16.10.2025 09:26:31 - Run lifting line for TAW...
16.10.2025 09:26:31 - Set panel distribution for the main_wing lifting surface ...
16.10.2025 09:26:31 - Set panel distribution for the horizontal_stabiliser lifting surface ...
16.10.2025 09:26:31 - -> Total number of panels: 275
16.10.2025 09:26:31 - Write LILI Input file calcPolar_inc_LL.inp ...(calcPolar_inc_LL.inp)
16.10.2025 09:26:31 - Start LiftingLine (calcPolar_inc_LL) ... DONE
16.10.2025 09:26:35 - Read LiftingLine results (calcPolar_inc_LL) ...
16.10.2025 09:26:35 - Set panel distribution for the main_wing lifting surface ...
16.10.2025 09:26:35 - Set panel distribution for the horizontal_stabiliser lifting surface ...
16.10.2025 09:26:35 - -> Total number of panels: 275
16.10.2025 09:26:35 - Write LILI Input file calcPolar_M078_LL.inp ...(calcPolar_M078_LL.inp)
16.10.2025 09:26:35 - Start LiftingLine (calcPolar_M078_LL) ... DONE
16.10.2025 09:26:39 - Read LiftingLine results (calcPolar_M078_LL) ...
16.10.2025 09:26:39 - WARNING: For Ma = 0.20: CL_max=1.57 > CL_max (LI_LI)=1.27. Using Extrapolation!
16.10.2025 09:26:39 - WARNING: For Ma = 0.50: CL_max=1.44 > CL_max (LI_LI)=1.27. Using Extrapolation!
16.10.2025 09:26:39 - WARNING: For Ma = 0.60: CL_max=1.40 > CL_max (LI_LI)=1.27. Using Extrapolation!
16.10.2025 09:26:39 - WARNING: For Ma = 0.63: CL_max=1.31 > CL_max (LI_LI)=1.27. Using Extrapolation!
16.10.2025 09:26:39 - Create Aero-Sections ...
16.10.2025 09:26:39 - * Section 1 (Surface Segment (1st))
16.10.2025 09:26:39 - * Section 2 (Surface Segment)
16.10.2025 09:26:39 - * Section 3 (Surface Segment (last))
16.10.2025 09:26:39 - * Section 4 (Surface Segment (virtual tip))
16.10.2025 09:26:39 - Calculate polar for Ma = 0.20 | CL-Range [-0.30;1.57]
16.10.2025 09:26:40 - Calculate polar for Ma = 0.50 | CL-Range [-0.30;1.44]
16.10.2025 09:26:40 - Calculate polar for Ma = 0.60 | CL-Range [-0.30;1.39]
16.10.2025 09:26:40 - Calculate polar for Ma = 0.63 | CL-Range [-0.30;1.31]
16.10.2025 09:26:40 - Calculate polar for Ma = 0.68 | CL-Range [-0.30;1.15]
16.10.2025 09:26:40 - Calculate polar for Ma = 0.73 | CL-Range [-0.30;0.96]
16.10.2025 09:26:40 - Calculate polar for Ma = 0.76 | CL-Range [-0.30;0.84]
16.10.2025 09:26:40 - Calculate polar for Ma = 0.78 | CL-Range [-0.30;0.75]
16.10.2025 09:26:40 - Calculate polar for Ma = 0.79 | CL-Range [-0.30;0.70]
16.10.2025 09:26:40 - Calculate polar for Ma = 0.83 | CL-Range [-0.30;0.50]
16.10.2025 09:26:40 - ... moments and induced drag have been calculated successfully!
16.10.2025 09:26:40 - Viscous drag calculation by Raymer successfully initialized for:
16.10.2025 09:26:40 -  -wing
16.10.2025 09:26:40 -  -HTP
16.10.2025 09:26:40 -  -VTP
16.10.2025 09:26:40 -  -fuselage
16.10.2025 09:26:40 -  -nacelles
16.10.2025 09:26:40 -  -miscellaneous
16.10.2025 09:26:40 - ... Viscous drag has been calculated sucessfully!
16.10.2025 09:26:41 - ... Wave drag has been calculated sucessfully!
16.10.2025 09:26:41 - Sum up drag components
16.10.2025 09:26:41 - Calculate aerodynamic performance
16.10.2025 09:26:41 - Run high lift calculation
16.10.2025 09:26:41 - Calculate high lift polar for takeoff
16.10.2025 09:26:41 - CL_max (t/o) = 2.47
16.10.2025 09:26:41 - Calculate high lift polar for takeoff_landing_gear_retracted
16.10.2025 09:26:41 - Calculate high lift polar for climb
16.10.2025 09:26:41 - Calculate high lift polar for approach
16.10.2025 09:26:41 - Calculate high lift polar for approach_landing_gear_out
16.10.2025 09:26:41 - Calculate high lift polar for landing
16.10.2025 09:26:41 - CL_max (ldg) = 2.86

16.10.2025 09:26:41 - Run aero calculations for design CoG and stabilizer angle of 6.00 deg...
16.10.2025 09:26:41 - Run lifting line for TAW...
16.10.2025 09:26:41 - Set panel distribution for the main_wing lifting surface ...
16.10.2025 09:26:41 - Set panel distribution for the horizontal_stabiliser lifting surface ...
16.10.2025 09:26:41 - -> Total number of panels: 275
16.10.2025 09:26:41 - Write LILI Input file calcPolar_inc_LL.inp ...(calcPolar_inc_LL.inp)
16.10.2025 09:26:41 - Start LiftingLine (calcPolar_inc_LL) ... DONE
16.10.2025 09:26:45 - Read LiftingLine results (calcPolar_inc_LL) ...
16.10.2025 09:26:45 - Set panel distribution for the main_wing lifting surface ...
16.10.2025 09:26:45 - Set panel distribution for the horizontal_stabiliser lifting surface ...
16.10.2025 09:26:45 - -> Total number of panels: 275
16.10.2025 09:26:45 - Write LILI Input file calcPolar_M078_LL.inp ...(calcPolar_M078_LL.inp)
16.10.2025 09:26:45 - Start LiftingLine (calcPolar_M078_LL) ... DONE
16.10.2025 09:26:49 - Read LiftingLine results (calcPolar_M078_LL) ...
16.10.2025 09:26:49 - WARNING: For Ma = 0.20: CL_max=1.57 > CL_max (LI_LI)=1.36. Using Extrapolation!
16.10.2025 09:26:49 - WARNING: For Ma = 0.50: CL_max=1.44 > CL_max (LI_LI)=1.36. Using Extrapolation!
16.10.2025 09:26:49 - WARNING: For Ma = 0.60: CL_max=1.40 > CL_max (LI_LI)=1.36. Using Extrapolation!
16.10.2025 09:26:49 - Create Aero-Sections ...
16.10.2025 09:26:49 - * Section 1 (Surface Segment (1st))
16.10.2025 09:26:49 - * Section 2 (Surface Segment)
16.10.2025 09:26:49 - * Section 3 (Surface Segment (last))
16.10.2025 09:26:49 - * Section 4 (Surface Segment (virtual tip))
16.10.2025 09:26:49 - Calculate polar for Ma = 0.20 | CL-Range [-0.20;1.57]
16.10.2025 09:26:49 - Calculate polar for Ma = 0.50 | CL-Range [-0.20;1.44]
16.10.2025 09:26:50 - Calculate polar for Ma = 0.60 | CL-Range [-0.20;1.39]
16.10.2025 09:26:50 - Calculate polar for Ma = 0.63 | CL-Range [-0.20;1.31]
16.10.2025 09:26:50 - Calculate polar for Ma = 0.68 | CL-Range [-0.20;1.15]
16.10.2025 09:26:50 - Calculate polar for Ma = 0.73 | CL-Range [-0.20;0.96]
16.10.2025 09:26:50 - Calculate polar for Ma = 0.76 | CL-Range [-0.20;0.84]
16.10.2025 09:26:50 - Calculate polar for Ma = 0.78 | CL-Range [-0.20;0.75]
16.10.2025 09:26:50 - Calculate polar for Ma = 0.79 | CL-Range [-0.20;0.70]
16.10.2025 09:26:50 - Calculate polar for Ma = 0.83 | CL-Range [-0.20;0.50]
16.10.2025 09:26:50 - ... moments and induced drag have been calculated successfully!
16.10.2025 09:26:50 - Viscous drag calculation by Raymer successfully initialized for:
16.10.2025 09:26:50 -  -wing
16.10.2025 09:26:50 -  -HTP
16.10.2025 09:26:50 -  -VTP
16.10.2025 09:26:50 -  -fuselage
16.10.2025 09:26:50 -  -nacelles
16.10.2025 09:26:50 -  -miscellaneous
16.10.2025 09:26:50 - ... Viscous drag has been calculated sucessfully!
16.10.2025 09:26:51 - ... Wave drag has been calculated sucessfully!
16.10.2025 09:26:51 - Sum up drag components
16.10.2025 09:26:51 - Calculate aerodynamic performance
16.10.2025 09:26:51 - Run high lift calculation
16.10.2025 09:26:51 - Calculate high lift polar for takeoff
16.10.2025 09:26:51 - CL_max (t/o) = 2.47
16.10.2025 09:26:51 - Calculate high lift polar for takeoff_landing_gear_retracted
16.10.2025 09:26:51 - Calculate high lift polar for climb
16.10.2025 09:26:51 - Calculate high lift polar for approach
16.10.2025 09:26:51 - Calculate high lift polar for approach_landing_gear_out
16.10.2025 09:26:51 - Calculate high lift polar for landing
16.10.2025 09:26:51 - CL_max (ldg) = 2.86
16.10.2025 09:26:51 - Interpolate trim for clean polars at design CoG at Ma 0.20...
16.10.2025 09:26:51 - Interpolate trim for clean polars at design CoG at Ma 0.50...
16.10.2025 09:26:51 - Interpolate trim for clean polars at design CoG at Ma 0.60...
16.10.2025 09:26:51 - Interpolate trim for clean polars at design CoG at Ma 0.63...
16.10.2025 09:26:51 - Interpolate trim for clean polars at design CoG at Ma 0.68...
16.10.2025 09:26:51 - Interpolate trim for clean polars at design CoG at Ma 0.73...
16.10.2025 09:26:51 - Interpolate trim for clean polars at design CoG at Ma 0.76...
16.10.2025 09:26:51 - Interpolate trim for clean polars at design CoG at Ma 0.78...
16.10.2025 09:26:51 - Interpolate trim for clean polars at design CoG at Ma 0.79...
16.10.2025 09:26:51 - Interpolate trim for clean polars at design CoG at Ma 0.83...
16.10.2025 09:26:51 - All polars are trimmed!
16.10.2025 09:26:51 - Calculate Polar for TAW: Update...
16.10.2025 09:26:51 - Create XML-Polar file ...
16.10.2025 09:26:51 - Calculate Polar for TAW: Report...
16.10.2025 09:26:51 -     - Calculate Polar for TAW: Write Polar Data...
16.10.2025 09:26:51 -     - Calculate Polar for TAW: Create HTML Report Body ...
16.10.2025 09:26:52 - CSS code written to style.css successfully.
16.10.2025 09:26:52 - Calculate Polar for TAW: Save...
16.10.2025 09:26:52 - Finish aerodynamic_analysis
