*******************************************************************************
16.10.2025 09:20:41 - Start mission_analysis
16.10.2025 09:20:41 - First iteration for this design mission: Low-fidelity Breguet method was set automatically!
16.10.2025 09:20:41 - Mid-fidelity methods will be applied in the next iteration...
16.10.2025 09:20:41 - Read aerodynamic data from file: C:/Programs/UNICADOworkflow/workingDirectoryRCE/UNICADOworkflow_2025-10-16_09-20-18_13/UNICADO-SMR-01/aero_data/SMR-01_design_trimmed_polar.xml
16.10.2025 09:20:41 - [MODULE RUNTIMEINFO] - mission_analysis
16.10.2025 09:20:41 -    [CONSOLE  ] - [ON]
16.10.2025 09:20:41 -    [LOG      ] - [ON]
16.10.2025 09:20:41 -    [PLOT     ] - [OFF]
16.10.2025 09:20:41 -       [COPY  ] - [ON]
16.10.2025 09:20:41 -       [DELETE] - [ON]
16.10.2025 09:20:41 -    [REPORT   ] - [OFF]
16.10.2025 09:20:41 -    [TEX      ] - [OFF]
16.10.2025 09:20:41 -    [INFOFILES] - [OFF]
16.10.2025 09:20:41 -    [GNUPLOT]
16.10.2025 09:20:41 -       [PATH    ] - C:/Programs/UNICADOworkflow/gnuplot
16.10.2025 09:20:41 -       [FILENAME] - 
16.10.2025 09:20:41 -    [INKSCAPE]
16.10.2025 09:20:41 -       [PATH    ] - C:/Programs/UNICADOworkflow/inkscape
16.10.2025 09:20:41 -       [FILENAME] - 
16.10.2025 09:20:41 -    [LOGFILE]
16.10.2025 09:20:41 -       [PATH    ] - C:/Programs/UNICADOworkflow/workingDirectoryRCE/UNICADOworkflow_2025-10-16_09-20-18_13
16.10.2025 09:20:41 -       [FILENAME] - mission_analysis.log
16.10.2025 09:20:41 -    [IO/ACXML]
16.10.2025 09:20:41 -       [PATH    ] - C:/Programs/UNICADOworkflow/workingDirectoryRCE/UNICADOworkflow_2025-10-16_09-20-18_13/UNICADO-SMR-01
16.10.2025 09:20:41 -       [FILENAME] - UNICADO-SMR-01.xml
16.10.2025 09:20:41 -    [MODCONFIG]
16.10.2025 09:20:41 -       [PATH    ] - ../workingDirectoryRCE/UNICADOworkflow_2025-10-16_09-20-18_13
16.10.2025 09:20:41 -       [FILENAME] - mission_analysis_conf.xml
16.10.2025 09:20:41 - Checking directory... [REPORT]
16.10.2025 09:20:41 - Checking directory... [TEX]
16.10.2025 09:20:41 - Checking directory... [LOGFILES]
16.10.2025 09:20:41 - WARNING: Node to read not existing ... analysis/masses_cg_inertia/design_mission/takeoff_mass/mass_properties/center_of_gravity/x
16.10.2025 09:20:41 - Taxi fuel: 236.255 kg
16.10.2025 09:20:41 - Extra Fuel: 0 kg
16.10.2025 09:20:41 - ******************* Estimate initial trip fuel mass *************************
16.10.2025 09:20:41 - ---------- Reserve Fuel ----------
16.10.2025 09:20:41 -   - Contingency fuel: 111.02 kg
16.10.2025 09:20:41 -   - Additional Fuel: 0 kg
16.10.2025 09:20:41 -   - Final Reserve: 671.17 kg
16.10.2025 09:20:41 -   - Alternate Fuel: 1271.22 kg
16.10.2025 09:20:41 - ----------------------------------
16.10.2025 09:20:41 - An avg. Cruise-CL has not yet been determined. Use CL_optCruise for L/D calculation.
16.10.2025 09:20:41 - Trip fuel: 9874.8 kg
16.10.2025 09:20:41 - ---------- Reserve Fuel ----------
16.10.2025 09:20:41 -   - Contingency fuel: 296.24 kg
16.10.2025 09:20:41 -   - Additional Fuel: 0 kg
16.10.2025 09:20:41 -   - Final Reserve: 672.52 kg
16.10.2025 09:20:41 -   - Alternate Fuel: 1272.18 kg
16.10.2025 09:20:41 - ----------------------------------
16.10.2025 09:20:41 - WARNING: Attention: Tanked up fuel mass (12267.6 kg) larger than tank capacity (12040.8 kg)!
16.10.2025 09:20:41 - Finish mission_analysis
*******************************************************************************
16.10.2025 09:21:01 - Start mission_analysis
16.10.2025 09:21:01 - Read aerodynamic data from file: C:/Programs/UNICADOworkflow/workingDirectoryRCE/UNICADOworkflow_2025-10-16_09-20-18_13/UNICADO-SMR-01/aero_data/SMR-01_design_trimmed_polar.xml
16.10.2025 09:21:01 - [MODULE RUNTIMEINFO] - mission_analysis
16.10.2025 09:21:01 -    [CONSOLE  ] - [ON]
16.10.2025 09:21:01 -    [LOG      ] - [ON]
16.10.2025 09:21:01 -    [PLOT     ] - [OFF]
16.10.2025 09:21:01 -       [COPY  ] - [ON]
16.10.2025 09:21:01 -       [DELETE] - [ON]
16.10.2025 09:21:01 -    [REPORT   ] - [OFF]
16.10.2025 09:21:01 -    [TEX      ] - [OFF]
16.10.2025 09:21:01 -    [INFOFILES] - [OFF]
16.10.2025 09:21:01 -    [GNUPLOT]
16.10.2025 09:21:01 -       [PATH    ] - C:/Programs/UNICADOworkflow/gnuplot
16.10.2025 09:21:01 -       [FILENAME] - 
16.10.2025 09:21:01 -    [INKSCAPE]
16.10.2025 09:21:01 -       [PATH    ] - C:/Programs/UNICADOworkflow/inkscape
16.10.2025 09:21:01 -       [FILENAME] - 
16.10.2025 09:21:01 -    [LOGFILE]
16.10.2025 09:21:01 -       [PATH    ] - C:/Programs/UNICADOworkflow/workingDirectoryRCE/UNICADOworkflow_2025-10-16_09-20-18_13
16.10.2025 09:21:01 -       [FILENAME] - mission_analysis.log
16.10.2025 09:21:01 -    [IO/ACXML]
16.10.2025 09:21:01 -       [PATH    ] - C:/Programs/UNICADOworkflow/workingDirectoryRCE/UNICADOworkflow_2025-10-16_09-20-18_13/UNICADO-SMR-01
16.10.2025 09:21:01 -       [FILENAME] - UNICADO-SMR-01.xml
16.10.2025 09:21:01 -    [MODCONFIG]
16.10.2025 09:21:01 -       [PATH    ] - ../workingDirectoryRCE/UNICADOworkflow_2025-10-16_09-20-18_13
16.10.2025 09:21:01 -       [FILENAME] - mission_analysis_conf.xml
16.10.2025 09:21:01 - Checking directory... [REPORT]
16.10.2025 09:21:01 - Checking directory... [TEX]
16.10.2025 09:21:01 - Checking directory... [LOGFILES]
16.10.2025 09:21:01 - Range Descent: 110.705 NM from altitude: 35000 ft
16.10.2025 09:21:01 - Range Cruise: 2339.29 NM (for total distance: 2450 NM).
16.10.2025 09:21:01 - Taxi fuel: 287.165 kg
16.10.2025 09:21:01 - Extra Fuel: 0 kg
16.10.2025 09:21:01 - Starting mission calculation with a TOM = 68146.5 kg.
16.10.2025 09:21:01 - *********************************************************
16.10.2025 09:21:01 - Calculation mode:     1 in mission segment: 1
16.10.2025 09:21:01 - Current altitude:     0 ft.
16.10.2025 09:21:01 - Current range:        0 NM.
16.10.2025 09:21:01 - Current Mach number:  0
16.10.2025 09:21:01 - Current CL:           0
16.10.2025 09:21:01 - Current L/D:          0
16.10.2025 09:21:01 - Take-off calculation ...
16.10.2025 09:21:02 - Lift-off speed: 73.2061 m/s.
16.10.2025 09:21:02 - Lift-off thrust:   169.79 kN.
16.10.2025 09:21:02 - Lift-off distance: 1173.21 m.
16.10.2025 09:21:02 - Climb or descend with constant CAS or Mach number ...
16.10.2025 09:21:02 - Climb step:           11.6667 ft.
16.10.2025 09:21:02 - Start altitude:       0 ft.
16.10.2025 09:21:02 - End altitude:         35 ft.
16.10.2025 09:21:02 - Takeoff distance total: 1237.93 m.
16.10.2025 09:21:02 - *********************************************************
16.10.2025 09:21:02 - Calculation mode:     3 in mission segment: 2
16.10.2025 09:21:02 - Current altitude:     35 ft.
16.10.2025 09:21:02 - Current range:        0.668429 NM.
16.10.2025 09:21:02 - Current Mach number:  0.215259
16.10.2025 09:21:02 - Current CL:           1.90626
16.10.2025 09:21:02 - Current L/D:          10.7838
16.10.2025 09:21:02 - Climb or descend with constant CAS or Mach number ...
16.10.2025 09:21:02 - Climb step:           16.2778 ft.
16.10.2025 09:21:02 - Start altitude:       35 ft.
16.10.2025 09:21:02 - End altitude:         1500 ft.
16.10.2025 09:21:02 - *********************************************************
16.10.2025 09:21:02 - Calculation mode:     3 in mission segment: 3
16.10.2025 09:21:02 - Current altitude:     1500 ft.
16.10.2025 09:21:02 - Current range:        2.21472 NM.
16.10.2025 09:21:02 - Current Mach number:  0.220995
16.10.2025 09:21:02 - Current CL:           1.90991
16.10.2025 09:21:02 - Current L/D:          12.9594
16.10.2025 09:21:02 - Climb or descend with constant CAS or Mach number ...
16.10.2025 09:21:02 - Climb step:           16.3043 ft.
16.10.2025 09:21:02 - Start altitude:       1500 ft.
16.10.2025 09:21:02 - End altitude:         3000 ft.
16.10.2025 09:21:02 - *********************************************************
16.10.2025 09:21:02 - Calculation mode:     2 in mission segment: 4
16.10.2025 09:21:02 - Current altitude:     3000 ft.
16.10.2025 09:21:02 - Current range:        3.91364 NM.
16.10.2025 09:21:02 - Current Mach number:  0.227086
16.10.2025 09:21:02 - Current CL:           1.91239
16.10.2025 09:21:02 - Current L/D:          12.94
16.10.2025 09:21:02 - Change speed with constant ROC ... 
16.10.2025 09:21:02 - Acceleration step CAS: 0.967125 kts
16.10.2025 09:21:02 - Start speed CAS: 142.301 kts
16.10.2025 09:21:02 - End speed CAS: 210 kts
16.10.2025 09:21:02 - *********************************************************
16.10.2025 09:21:02 - Calculation mode:     2 in mission segment: 5
16.10.2025 09:21:02 - Current altitude:     3708.63 ft.
16.10.2025 09:21:02 - Current range:        6.06156 NM.
16.10.2025 09:21:02 - Current Mach number:  0.339164
16.10.2025 09:21:02 - Current CL:           0.887007
16.10.2025 09:21:02 - Current L/D:          23.6852
16.10.2025 09:21:02 - Change speed with constant ROC ... 
16.10.2025 09:21:02 - Acceleration step CAS: 0.952385 kts
16.10.2025 09:21:02 - Start speed CAS: 210 kts
16.10.2025 09:21:02 - End speed CAS: 250 kts
16.10.2025 09:21:02 - *********************************************************
16.10.2025 09:21:02 - Calculation mode:     3 in mission segment: 6
16.10.2025 09:21:02 - Current altitude:     4260 ft.
16.10.2025 09:21:02 - Current range:        7.92402 NM.
16.10.2025 09:21:02 - Current Mach number:  0.407473
16.10.2025 09:21:02 - Current CL:           0.6269
16.10.2025 09:21:02 - Current L/D:          18.4654
16.10.2025 09:21:02 - Climb or descend with constant CAS or Mach number ...
16.10.2025 09:21:02 - Climb step:           16.4 ft.
16.10.2025 09:21:02 - Start altitude:       4260 ft.
16.10.2025 09:21:02 - End altitude:         10000 ft.
16.10.2025 09:21:03 - *********************************************************
16.10.2025 09:21:03 - Calculation mode:     2 in mission segment: 7
16.10.2025 09:21:03 - Current altitude:     10000 ft.
16.10.2025 09:21:03 - Current range:        16.6308 NM.
16.10.2025 09:21:03 - Current Mach number:  0.45227
16.10.2025 09:21:03 - Current CL:           0.629409
16.10.2025 09:21:03 - Current L/D:          18.5265
16.10.2025 09:21:03 - Change speed with constant ROC ... 
16.10.2025 09:21:03 - Acceleration step CAS: 0.961538 kts
16.10.2025 09:21:03 - Start speed CAS: 250 kts
16.10.2025 09:21:03 - End speed CAS: 300 kts
16.10.2025 09:21:03 - *********************************************************
16.10.2025 09:21:03 - Calculation mode:     4 in mission segment: 8
16.10.2025 09:21:03 - Current altitude:     10191.4 ft.
16.10.2025 09:21:03 - Current range:        20.014 NM.
16.10.2025 09:21:03 - Current Mach number:  0.542924
16.10.2025 09:21:03 - Current CL:           0.441652
16.10.2025 09:21:03 - Current L/D:          17.0244
16.10.2025 09:21:03 - Climb to cruise altitude ... 
16.10.2025 09:21:03 - Climb or descend with constant CAS or Mach number ...
16.10.2025 09:21:03 - Climb step:           16.3973 ft.
16.10.2025 09:21:03 - Start altitude:       10191.4 ft.
16.10.2025 09:21:03 - End altitude:         33000 ft.
16.10.2025 09:21:03 - Transition altitude:  27994.8 ft.
16.10.2025 09:21:06 - *********************************************************
16.10.2025 09:21:06 - Calculation mode:     2 in mission segment: 9
16.10.2025 09:21:06 - Current altitude:     33000 ft.
16.10.2025 09:21:06 - Current range:        157.32 NM.
16.10.2025 09:21:06 - Current Mach number:  0.76
16.10.2025 09:21:06 - Current CL:           0.586691
16.10.2025 09:21:06 - Current L/D:          16.9901
16.10.2025 09:21:06 - Change speed with constant ROC ... 
16.10.2025 09:21:06 - Acceleration step Mach: 0.004
16.10.2025 09:21:06 - Start Mach number: 0.76
16.10.2025 09:21:06 - End Mach number: 0.78
16.10.2025 09:21:06 - *********************************************************
16.10.2025 09:21:06 - Calculation mode:     5 in mission segment: 10
16.10.2025 09:21:06 - Current altitude:     33000 ft.
16.10.2025 09:21:06 - Current range:        167.101 NM.
16.10.2025 09:21:06 - Current Mach number:  0.78
16.10.2025 09:21:06 - Current CL:           0.556595
16.10.2025 09:21:06 - Current L/D:          16.8117
16.10.2025 09:21:06 - Cruise at constant Mach number ... 
16.10.2025 09:21:10 - *********************************************************
16.10.2025 09:21:10 - Calculation mode:     11 in mission segment: 11
16.10.2025 09:21:10 - Current altitude:     33000 ft.
16.10.2025 09:21:10 - Current range:        1248.43 NM.
16.10.2025 09:21:10 - Current Mach number:  0.78
16.10.2025 09:21:10 - Current CL:           0.518324
16.10.2025 09:21:10 - Current L/D:          16.9014
16.10.2025 09:21:10 - Climb or descend with constant CAS or Mach number (with constant ROC) ...
16.10.2025 09:21:10 - Climb step:           16.3934 ft.
16.10.2025 09:21:10 - Start altitude:       33000 ft.
16.10.2025 09:21:10 - End altitude:         35000 ft.
16.10.2025 09:21:10 - *********************************************************
16.10.2025 09:21:10 - Calculation mode:     5 in mission segment: 12
16.10.2025 09:21:10 - Current altitude:     35000 ft.
16.10.2025 09:21:10 - Current range:        1298.61 NM.
16.10.2025 09:21:10 - Current Mach number:  0.78
16.10.2025 09:21:10 - Current CL:           0.567342
16.10.2025 09:21:10 - Current L/D:          16.7439
16.10.2025 09:21:10 - Cruise at constant Mach number ... 
16.10.2025 09:21:14 - *********************************************************
16.10.2025 09:21:14 - Calculation mode:     6 in mission segment: 13
16.10.2025 09:21:14 - Current altitude:     35000 ft.
16.10.2025 09:21:14 - Current range:        2339.42 NM.
16.10.2025 09:21:14 - Current Mach number:  0.78
16.10.2025 09:21:14 - Current CL:           0.5296
16.10.2025 09:21:14 - Current L/D:          16.9006
16.10.2025 09:21:14 - Descend to 10.000 ft ... 
16.10.2025 09:21:14 - Climb or descend with constant CAS or Mach number ...
16.10.2025 09:21:14 - Descent step:         -16.4042 ft.
16.10.2025 09:21:14 - Start altitude:       35000 ft.
16.10.2025 09:21:14 - End altitude:         10000 ft.
16.10.2025 09:21:14 - Transition altitude:  29315 ft.
16.10.2025 09:21:17 - *********************************************************
16.10.2025 09:21:17 - Calculation mode:     8 in mission segment: 14
16.10.2025 09:21:17 - Current altitude:     10000 ft.
16.10.2025 09:21:17 - Current range:        2410.5 NM.
16.10.2025 09:21:17 - Current Mach number:  0.541046
16.10.2025 09:21:17 - Current CL:           0.375359
16.10.2025 09:21:17 - Current L/D:          15.7538
16.10.2025 09:21:17 - Change speed with constant ROC ... 
16.10.2025 09:21:17 - Acceleration step CAS: -0.961538 kts
16.10.2025 09:21:17 - Start speed CAS: 300 kts
16.10.2025 09:21:17 - End speed CAS: 250 kts
16.10.2025 09:21:18 - *********************************************************
16.10.2025 09:21:18 - Calculation mode:     7 in mission segment: 15
16.10.2025 09:21:18 - Current altitude:     10000 ft.
16.10.2025 09:21:18 - Current range:        2415.47 NM.
16.10.2025 09:21:18 - Current Mach number:  0.45227
16.10.2025 09:21:18 - Current CL:           0.538097
16.10.2025 09:21:18 - Current L/D:          18.1882
16.10.2025 09:21:18 - Approach to landing ... 
16.10.2025 09:21:18 - Climb or descend with constant CAS or Mach number ...
16.10.2025 09:21:18 - Descent step:         -16.3934 ft.
16.10.2025 09:21:18 - Start altitude:       10000 ft.
16.10.2025 09:21:18 - End altitude:         3000 ft.
16.10.2025 09:21:18 - *********************************************************
16.10.2025 09:21:18 - Calculation mode:     8 in mission segment: 16
16.10.2025 09:21:18 - Current altitude:     3000 ft.
16.10.2025 09:21:18 - Current range:        2437.45 NM.
16.10.2025 09:21:18 - Current Mach number:  0.398429
16.10.2025 09:21:18 - Current CL:           0.530616
16.10.2025 09:21:18 - Current L/D:          15.8365
16.10.2025 09:21:18 - Change speed with constant ROC ... 
16.10.2025 09:21:18 - Acceleration step CAS: -0.963858 kts
16.10.2025 09:21:18 - Start speed CAS: 250 kts
16.10.2025 09:21:18 - End speed CAS: 170 kts
16.10.2025 09:21:19 - *********************************************************
16.10.2025 09:21:19 - Calculation mode:     10 in mission segment: 17
16.10.2025 09:21:19 - Current altitude:     3000 ft.
16.10.2025 09:21:19 - Current range:        2439.89 NM.
16.10.2025 09:21:19 - Current Mach number:  0.271213
16.10.2025 09:21:19 - Current CL:           1.14649
16.10.2025 09:21:19 - Current L/D:          9.85818
16.10.2025 09:21:19 - Glideslope Interception ... 
16.10.2025 09:21:19 - *********************************************************
16.10.2025 09:21:19 - Calculation mode:     8 in mission segment: 18
16.10.2025 09:21:19 - Current altitude:     3000 ft.
16.10.2025 09:21:19 - Current range:        2440.58 NM.
16.10.2025 09:21:19 - Current Mach number:  0.271213
16.10.2025 09:21:19 - Current CL:           1.1463
16.10.2025 09:21:19 - Current L/D:          8.6269
16.10.2025 09:21:19 - Change speed with constant ROC ... 
16.10.2025 09:21:19 - Acceleration step CAS: -0.957112 kts
16.10.2025 09:21:19 - Start speed CAS: 170 kts
16.10.2025 09:21:19 - End speed CAS: 136.501 kts
16.10.2025 09:21:19 - *********************************************************
16.10.2025 09:21:19 - Calculation mode:     7 in mission segment: 19
16.10.2025 09:21:19 - Current altitude:     2503.21 ft.
16.10.2025 09:21:19 - Current range:        2442.14 NM.
16.10.2025 09:21:19 - Current Mach number:  0.21588
16.10.2025 09:21:19 - Current CL:           1.77367
16.10.2025 09:21:19 - Current L/D:          8.78457
16.10.2025 09:21:19 - Approach to landing ... 
16.10.2025 09:21:19 - Climb or descend with constant CAS or Mach number ...
16.10.2025 09:21:19 - Descent step:         -16.1808 ft.
16.10.2025 09:21:19 - Start altitude:       2503.21 ft.
16.10.2025 09:21:19 - End altitude:         1500 ft.
16.10.2025 09:21:19 - *********************************************************
16.10.2025 09:21:19 - Calculation mode:     8 in mission segment: 20
16.10.2025 09:21:19 - Current altitude:     1500 ft.
16.10.2025 09:21:19 - Current range:        2445.29 NM.
16.10.2025 09:21:19 - Current Mach number:  0.211992
16.10.2025 09:21:19 - Current CL:           1.77201
16.10.2025 09:21:19 - Current L/D:          8.78664
16.10.2025 09:21:19 - Change speed with constant ROC ... 
16.10.2025 09:21:19 - Acceleration step CAS: -0.833333 kts
16.10.2025 09:21:19 - Start speed CAS: 136.501 kts
16.10.2025 09:21:19 - End speed CAS: 131.501 kts
16.10.2025 09:21:19 - *********************************************************
16.10.2025 09:21:19 - Calculation mode:     7 in mission segment: 21
16.10.2025 09:21:19 - Current altitude:     1427.03 ft.
16.10.2025 09:21:19 - Current range:        2445.52 NM.
16.10.2025 09:21:19 - Current Mach number:  0.203962
16.10.2025 09:21:19 - Current CL:           1.90913
16.10.2025 09:21:19 - Current L/D:          9.13401
16.10.2025 09:21:19 - Approach to landing ... 
16.10.2025 09:21:19 - Climb or descend with constant CAS or Mach number ...
16.10.2025 09:21:19 - Descent step:         -15.8158 ft.
16.10.2025 09:21:19 - Start altitude:       1427.03 ft.
16.10.2025 09:21:19 - End altitude:         1000 ft.
16.10.2025 09:21:19 - *********************************************************
16.10.2025 09:21:19 - Calculation mode:     7 in mission segment: 22
16.10.2025 09:21:19 - Current altitude:     1000 ft.
16.10.2025 09:21:19 - Current range:        2446.86 NM.
16.10.2025 09:21:19 - Current Mach number:  0.202398
16.10.2025 09:21:19 - Current CL:           1.9084
16.10.2025 09:21:19 - Current L/D:          9.13515
16.10.2025 09:21:19 - Approach to landing ... 
16.10.2025 09:21:19 - Climb or descend with constant CAS or Mach number ...
16.10.2025 09:21:19 - Descent step:         -16.3793 ft.
16.10.2025 09:21:19 - Start altitude:       1000 ft.
16.10.2025 09:21:19 - End altitude:         50 ft.
16.10.2025 09:21:19 - *********************************************************
16.10.2025 09:21:19 - Calculation mode:     9 in mission segment: 23
16.10.2025 09:21:19 - Current altitude:     50 ft.
16.10.2025 09:21:19 - Current range:        2449.84 NM.
16.10.2025 09:21:19 - Current Mach number:  0.198975
16.10.2025 09:21:19 - Current CL:           1.90679
16.10.2025 09:21:19 - Current L/D:          9.13768
16.10.2025 09:21:19 - Landing ... 
16.10.2025 09:21:19 - Climb or descend with constant CAS or Mach number ...
16.10.2025 09:21:19 - Descent step:         -12.5 ft.
16.10.2025 09:21:19 - Start altitude:       50 ft.
16.10.2025 09:21:19 - End altitude:         0 ft.
16.10.2025 09:21:19 - Touchdown after 2450 NM
16.10.2025 09:21:19 - Rolling on the runway during the reaction time ...
16.10.2025 09:21:19 - Braking to taxi speed (15 kts) ...
16.10.2025 09:21:19 - Activate thrust reverser until deactivation speed (80 kts) is reached...
16.10.2025 09:21:19 - ... deactivation speed reached after 548.97 m: Deactivate thrust reverser.
16.10.2025 09:21:19 - Ground Run Distance: 779.344 m.
16.10.2025 09:21:19 - Landing Distance: 1281.96 m.
16.10.2025 09:21:19 - ---------- Reserve Fuel ----------
16.10.2025 09:21:19 -   - Contingency fuel: 321.15 kg
16.10.2025 09:21:19 -   - Additional Fuel: 0 kg
16.10.2025 09:21:19 -   - Final Reserve: 783.55 kg
16.10.2025 09:21:19 -   - Alternate Fuel: 1411.82 kg
16.10.2025 09:21:19 - ----------------------------------
16.10.2025 09:21:19 - Current altitude:    0 ft.
16.10.2025 09:21:19 - Current range:       2450.54 NM.
16.10.2025 09:21:19 - Cruise Step Profile: 
16.10.2025 09:21:19 -   FL   | rel. Step Length | End Mass [kg]
16.10.2025 09:21:19 - 330.00 |        0.50      | 62107.91
16.10.2025 09:21:19 - 350.00 |        1.00      | 57746.85
16.10.2025 09:21:19 - CL_cruise: Average = 0.54, Max = 0.59, Min = 0.52
16.10.2025 09:21:19 - Mass (TOC) = 66743.18 kg; Mass (TOD) = 57746.85 kg
16.10.2025 09:21:19 - (TOC reached after 157.32 NM; TOD reached after 2339.42 NM)
16.10.2025 09:21:19 - Finish mission_analysis
*******************************************************************************
16.10.2025 09:21:41 - Start mission_analysis
16.10.2025 09:21:41 - Read aerodynamic data from file: C:/Programs/UNICADOworkflow/workingDirectoryRCE/UNICADOworkflow_2025-10-16_09-20-18_13/UNICADO-SMR-01/aero_data/SMR-01_design_trimmed_polar.xml
16.10.2025 09:21:41 - [MODULE RUNTIMEINFO] - mission_analysis
16.10.2025 09:21:41 -    [CONSOLE  ] - [ON]
16.10.2025 09:21:41 -    [LOG      ] - [ON]
16.10.2025 09:21:41 -    [PLOT     ] - [OFF]
16.10.2025 09:21:41 -       [COPY  ] - [ON]
16.10.2025 09:21:41 -       [DELETE] - [ON]
16.10.2025 09:21:41 -    [REPORT   ] - [OFF]
16.10.2025 09:21:41 -    [TEX      ] - [OFF]
16.10.2025 09:21:41 -    [INFOFILES] - [OFF]
16.10.2025 09:21:41 -    [GNUPLOT]
16.10.2025 09:21:41 -       [PATH    ] - C:/Programs/UNICADOworkflow/gnuplot
16.10.2025 09:21:41 -       [FILENAME] - 
16.10.2025 09:21:41 -    [INKSCAPE]
16.10.2025 09:21:41 -       [PATH    ] - C:/Programs/UNICADOworkflow/inkscape
16.10.2025 09:21:41 -       [FILENAME] - 
16.10.2025 09:21:41 -    [LOGFILE]
16.10.2025 09:21:41 -       [PATH    ] - C:/Programs/UNICADOworkflow/workingDirectoryRCE/UNICADOworkflow_2025-10-16_09-20-18_13
16.10.2025 09:21:41 -       [FILENAME] - mission_analysis.log
16.10.2025 09:21:41 -    [IO/ACXML]
16.10.2025 09:21:41 -       [PATH    ] - C:/Programs/UNICADOworkflow/workingDirectoryRCE/UNICADOworkflow_2025-10-16_09-20-18_13/UNICADO-SMR-01
16.10.2025 09:21:41 -       [FILENAME] - UNICADO-SMR-01.xml
16.10.2025 09:21:41 -    [MODCONFIG]
16.10.2025 09:21:41 -       [PATH    ] - ../workingDirectoryRCE/UNICADOworkflow_2025-10-16_09-20-18_13
16.10.2025 09:21:41 -       [FILENAME] - mission_analysis_conf.xml
16.10.2025 09:21:41 - Checking directory... [REPORT]
16.10.2025 09:21:41 - Checking directory... [TEX]
16.10.2025 09:21:41 - Checking directory... [LOGFILES]
16.10.2025 09:21:41 - Range Descent: 112.815 NM from altitude: 35000 ft
16.10.2025 09:21:41 - Range Cruise: 2337.18 NM (for total distance: 2450 NM).
16.10.2025 09:21:41 - Taxi fuel: 307.387 kg
16.10.2025 09:21:41 - Extra Fuel: 0 kg
16.10.2025 09:21:41 - Starting mission calculation with a TOM = 72976.6 kg.
16.10.2025 09:21:41 - *********************************************************
16.10.2025 09:21:41 - Calculation mode:     1 in mission segment: 1
16.10.2025 09:21:41 - Current altitude:     0 ft.
16.10.2025 09:21:41 - Current range:        0 NM.
16.10.2025 09:21:41 - Current Mach number:  0
16.10.2025 09:21:41 - Current CL:           0
16.10.2025 09:21:41 - Current L/D:          0
16.10.2025 09:21:41 - Take-off calculation ...
16.10.2025 09:21:41 - Lift-off speed: 73.0688 m/s.
16.10.2025 09:21:41 - Lift-off thrust:   181.865 kN.
16.10.2025 09:21:41 - Lift-off distance: 1168.7 m.
16.10.2025 09:21:41 - Climb or descend with constant CAS or Mach number ...
16.10.2025 09:21:41 - Climb step:           11.6667 ft.
16.10.2025 09:21:41 - Start altitude:       0 ft.
16.10.2025 09:21:41 - End altitude:         35 ft.
16.10.2025 09:21:41 - Takeoff distance total: 1233.21 m.
16.10.2025 09:21:41 - *********************************************************
16.10.2025 09:21:41 - Calculation mode:     3 in mission segment: 2
16.10.2025 09:21:41 - Current altitude:     35 ft.
16.10.2025 09:21:41 - Current range:        0.665882 NM.
16.10.2025 09:21:41 - Current Mach number:  0.214855
16.10.2025 09:21:41 - Current CL:           1.91385
16.10.2025 09:21:41 - Current L/D:          10.8382
16.10.2025 09:21:41 - Climb or descend with constant CAS or Mach number ...
16.10.2025 09:21:41 - Climb step:           16.2778 ft.
16.10.2025 09:21:41 - Start altitude:       35 ft.
16.10.2025 09:21:41 - End altitude:         1500 ft.
16.10.2025 09:21:41 - *********************************************************
16.10.2025 09:21:41 - Calculation mode:     3 in mission segment: 3
16.10.2025 09:21:41 - Current altitude:     1500 ft.
16.10.2025 09:21:41 - Current range:        2.20694 NM.
16.10.2025 09:21:41 - Current Mach number:  0.22058
16.10.2025 09:21:41 - Current CL:           1.91753
16.10.2025 09:21:41 - Current L/D:          13.0275
16.10.2025 09:21:41 - Climb or descend with constant CAS or Mach number ...
16.10.2025 09:21:41 - Climb step:           16.3043 ft.
16.10.2025 09:21:41 - Start altitude:       1500 ft.
16.10.2025 09:21:41 - End altitude:         3000 ft.
16.10.2025 09:21:41 - *********************************************************
16.10.2025 09:21:41 - Calculation mode:     2 in mission segment: 4
16.10.2025 09:21:41 - Current altitude:     3000 ft.
16.10.2025 09:21:41 - Current range:        3.89972 NM.
16.10.2025 09:21:41 - Current Mach number:  0.22666
16.10.2025 09:21:41 - Current CL:           1.92002
16.10.2025 09:21:41 - Current L/D:          13.0081
16.10.2025 09:21:41 - Change speed with constant ROC ... 
16.10.2025 09:21:41 - Acceleration step CAS: 0.970938 kts
16.10.2025 09:21:41 - Start speed CAS: 142.034 kts
16.10.2025 09:21:41 - End speed CAS: 210 kts
16.10.2025 09:21:42 - *********************************************************
16.10.2025 09:21:42 - Calculation mode:     2 in mission segment: 5
16.10.2025 09:21:42 - Current altitude:     3708.35 ft.
16.10.2025 09:21:42 - Current range:        6.04541 NM.
16.10.2025 09:21:42 - Current Mach number:  0.339162
16.10.2025 09:21:42 - Current CL:           0.88728
16.10.2025 09:21:42 - Current L/D:          23.7856
16.10.2025 09:21:42 - Change speed with constant ROC ... 
16.10.2025 09:21:42 - Acceleration step CAS: 0.952385 kts
16.10.2025 09:21:42 - Start speed CAS: 210 kts
16.10.2025 09:21:42 - End speed CAS: 250 kts
16.10.2025 09:21:42 - *********************************************************
16.10.2025 09:21:42 - Calculation mode:     3 in mission segment: 6
16.10.2025 09:21:42 - Current altitude:     4252.15 ft.
16.10.2025 09:21:42 - Current range:        7.88212 NM.
16.10.2025 09:21:42 - Current Mach number:  0.407416
16.10.2025 09:21:42 - Current CL:           0.627091
16.10.2025 09:21:42 - Current L/D:          18.8729
16.10.2025 09:21:42 - Climb or descend with constant CAS or Mach number ...
16.10.2025 09:21:42 - Climb step:           16.3756 ft.
16.10.2025 09:21:42 - Start altitude:       4252.15 ft.
16.10.2025 09:21:42 - End altitude:         10000 ft.
16.10.2025 09:21:42 - *********************************************************
16.10.2025 09:21:42 - Calculation mode:     2 in mission segment: 7
16.10.2025 09:21:42 - Current altitude:     10000 ft.
16.10.2025 09:21:42 - Current range:        16.5043 NM.
16.10.2025 09:21:42 - Current Mach number:  0.45227
16.10.2025 09:21:42 - Current CL:           0.629552
16.10.2025 09:21:42 - Current L/D:          18.9277
16.10.2025 09:21:42 - Change speed with constant ROC ... 
16.10.2025 09:21:42 - Acceleration step CAS: 0.961538 kts
16.10.2025 09:21:42 - Start speed CAS: 250 kts
16.10.2025 09:21:42 - End speed CAS: 300 kts
16.10.2025 09:21:42 - *********************************************************
16.10.2025 09:21:42 - Calculation mode:     4 in mission segment: 8
16.10.2025 09:21:42 - Current altitude:     10188.2 ft.
16.10.2025 09:21:42 - Current range:        19.8302 NM.
16.10.2025 09:21:42 - Current Mach number:  0.542892
16.10.2025 09:21:42 - Current CL:           0.441802
16.10.2025 09:21:42 - Current L/D:          17.4732
16.10.2025 09:21:42 - Climb to cruise altitude ... 
16.10.2025 09:21:42 - Climb or descend with constant CAS or Mach number ...
16.10.2025 09:21:42 - Climb step:           16.3996 ft.
16.10.2025 09:21:42 - Start altitude:       10188.2 ft.
16.10.2025 09:21:42 - End altitude:         33000 ft.
16.10.2025 09:21:42 - Transition altitude:  27994.8 ft.
16.10.2025 09:21:44 - *********************************************************
16.10.2025 09:21:44 - Calculation mode:     2 in mission segment: 9
16.10.2025 09:21:44 - Current altitude:     33000 ft.
16.10.2025 09:21:44 - Current range:        148.553 NM.
16.10.2025 09:21:44 - Current Mach number:  0.76
16.10.2025 09:21:44 - Current CL:           0.58736
16.10.2025 09:21:44 - Current L/D:          17.323
16.10.2025 09:21:44 - Change speed with constant ROC ... 
16.10.2025 09:21:44 - Acceleration step Mach: 0.004
16.10.2025 09:21:44 - Start Mach number: 0.76
16.10.2025 09:21:44 - End Mach number: 0.78
16.10.2025 09:21:44 - *********************************************************
16.10.2025 09:21:44 - Calculation mode:     5 in mission segment: 10
16.10.2025 09:21:44 - Current altitude:     33000 ft.
16.10.2025 09:21:44 - Current range:        157.122 NM.
16.10.2025 09:21:44 - Current Mach number:  0.78
16.10.2025 09:21:44 - Current CL:           0.557286
16.10.2025 09:21:44 - Current L/D:          17.1507
16.10.2025 09:21:44 - Cruise at constant Mach number ... 
16.10.2025 09:21:46 - *********************************************************
16.10.2025 09:21:46 - Calculation mode:     11 in mission segment: 11
16.10.2025 09:21:46 - Current altitude:     33000 ft.
16.10.2025 09:21:46 - Current range:        1242.82 NM.
16.10.2025 09:21:46 - Current Mach number:  0.78
16.10.2025 09:21:46 - Current CL:           0.519639
16.10.2025 09:21:46 - Current L/D:          17.2736
16.10.2025 09:21:46 - Climb or descend with constant CAS or Mach number (with constant ROC) ...
16.10.2025 09:21:46 - Climb step:           16.3934 ft.
16.10.2025 09:21:46 - Start altitude:       33000 ft.
16.10.2025 09:21:46 - End altitude:         35000 ft.
16.10.2025 09:21:46 - *********************************************************
16.10.2025 09:21:46 - Calculation mode:     5 in mission segment: 12
16.10.2025 09:21:46 - Current altitude:     35000 ft.
16.10.2025 09:21:46 - Current range:        1292.99 NM.
16.10.2025 09:21:46 - Current Mach number:  0.78
16.10.2025 09:21:46 - Current CL:           0.568787
16.10.2025 09:21:46 - Current L/D:          17.0672
16.10.2025 09:21:46 - Cruise at constant Mach number ... 
16.10.2025 09:21:49 - *********************************************************
16.10.2025 09:21:49 - Calculation mode:     6 in mission segment: 13
16.10.2025 09:21:49 - Current altitude:     35000 ft.
16.10.2025 09:21:49 - Current range:        2337.08 NM.
16.10.2025 09:21:49 - Current Mach number:  0.78
16.10.2025 09:21:49 - Current CL:           0.531624
16.10.2025 09:21:49 - Current L/D:          17.2595
16.10.2025 09:21:49 - Descend to 10.000 ft ... 
16.10.2025 09:21:49 - Climb or descend with constant CAS or Mach number ...
16.10.2025 09:21:49 - Descent step:         -16.4042 ft.
16.10.2025 09:21:49 - Start altitude:       35000 ft.
16.10.2025 09:21:49 - End altitude:         10000 ft.
16.10.2025 09:21:49 - Transition altitude:  29315 ft.
16.10.2025 09:21:50 - *********************************************************
16.10.2025 09:21:50 - Calculation mode:     8 in mission segment: 14
16.10.2025 09:21:50 - Current altitude:     10000 ft.
16.10.2025 09:21:50 - Current range:        2410.37 NM.
16.10.2025 09:21:50 - Current Mach number:  0.541046
16.10.2025 09:21:50 - Current CL:           0.376821
16.10.2025 09:21:50 - Current L/D:          16.2353
16.10.2025 09:21:50 - Change speed with constant ROC ... 
16.10.2025 09:21:50 - Acceleration step CAS: -0.961538 kts
16.10.2025 09:21:50 - Start speed CAS: 300 kts
16.10.2025 09:21:50 - End speed CAS: 250 kts
16.10.2025 09:21:50 - *********************************************************
16.10.2025 09:21:50 - Calculation mode:     7 in mission segment: 15
16.10.2025 09:21:50 - Current altitude:     10000 ft.
16.10.2025 09:21:50 - Current range:        2415.49 NM.
16.10.2025 09:21:50 - Current Mach number:  0.45227
16.10.2025 09:21:50 - Current CL:           0.540129
16.10.2025 09:21:50 - Current L/D:          18.6374
16.10.2025 09:21:50 - Approach to landing ... 
16.10.2025 09:21:50 - Climb or descend with constant CAS or Mach number ...
16.10.2025 09:21:50 - Descent step:         -16.3934 ft.
16.10.2025 09:21:50 - Start altitude:       10000 ft.
16.10.2025 09:21:50 - End altitude:         3000 ft.
16.10.2025 09:21:51 - *********************************************************
16.10.2025 09:21:51 - Calculation mode:     8 in mission segment: 16
16.10.2025 09:21:51 - Current altitude:     3000 ft.
16.10.2025 09:21:51 - Current range:        2437.47 NM.
16.10.2025 09:21:51 - Current Mach number:  0.398429
16.10.2025 09:21:51 - Current CL:           0.532626
16.10.2025 09:21:51 - Current L/D:          15.8419
16.10.2025 09:21:51 - Change speed with constant ROC ... 
16.10.2025 09:21:51 - Acceleration step CAS: -0.963858 kts
16.10.2025 09:21:51 - Start speed CAS: 250 kts
16.10.2025 09:21:51 - End speed CAS: 170 kts
16.10.2025 09:21:51 - *********************************************************
16.10.2025 09:21:51 - Calculation mode:     10 in mission segment: 17
16.10.2025 09:21:51 - Current altitude:     3000 ft.
16.10.2025 09:21:51 - Current range:        2439.89 NM.
16.10.2025 09:21:51 - Current Mach number:  0.271213
16.10.2025 09:21:51 - Current CL:           1.15084
16.10.2025 09:21:51 - Current L/D:          9.64245
16.10.2025 09:21:51 - Glideslope Interception ... 
16.10.2025 09:21:51 - *********************************************************
16.10.2025 09:21:51 - Calculation mode:     8 in mission segment: 18
16.10.2025 09:21:51 - Current altitude:     3000 ft.
16.10.2025 09:21:51 - Current range:        2440.58 NM.
16.10.2025 09:21:51 - Current Mach number:  0.271213
16.10.2025 09:21:51 - Current CL:           1.15065
16.10.2025 09:21:51 - Current L/D:          8.65165
16.10.2025 09:21:51 - Change speed with constant ROC ... 
16.10.2025 09:21:51 - Acceleration step CAS: -0.957112 kts
16.10.2025 09:21:51 - Start speed CAS: 170 kts
16.10.2025 09:21:51 - End speed CAS: 136.501 kts
16.10.2025 09:21:51 - *********************************************************
16.10.2025 09:21:51 - Calculation mode:     7 in mission segment: 19
16.10.2025 09:21:51 - Current altitude:     2499.86 ft.
16.10.2025 09:21:51 - Current range:        2442.15 NM.
16.10.2025 09:21:51 - Current Mach number:  0.215867
16.10.2025 09:21:51 - Current CL:           1.78039
16.10.2025 09:21:51 - Current L/D:          8.82044
16.10.2025 09:21:51 - Approach to landing ... 
16.10.2025 09:21:51 - Climb or descend with constant CAS or Mach number ...
16.10.2025 09:21:51 - Descent step:         -16.3911 ft.
16.10.2025 09:21:51 - Start altitude:       2499.86 ft.
16.10.2025 09:21:51 - End altitude:         1500 ft.
16.10.2025 09:21:51 - *********************************************************
16.10.2025 09:21:51 - Calculation mode:     8 in mission segment: 20
16.10.2025 09:21:51 - Current altitude:     1500 ft.
16.10.2025 09:21:51 - Current range:        2445.29 NM.
16.10.2025 09:21:51 - Current Mach number:  0.211992
16.10.2025 09:21:51 - Current CL:           1.77873
16.10.2025 09:21:51 - Current L/D:          8.82243
16.10.2025 09:21:51 - Change speed with constant ROC ... 
16.10.2025 09:21:51 - Acceleration step CAS: -0.833333 kts
16.10.2025 09:21:51 - Start speed CAS: 136.501 kts
16.10.2025 09:21:51 - End speed CAS: 131.501 kts
16.10.2025 09:21:51 - *********************************************************
16.10.2025 09:21:51 - Calculation mode:     7 in mission segment: 21
16.10.2025 09:21:51 - Current altitude:     1426.42 ft.
16.10.2025 09:21:51 - Current range:        2445.52 NM.
16.10.2025 09:21:51 - Current Mach number:  0.20396
16.10.2025 09:21:51 - Current CL:           1.91637
16.10.2025 09:21:51 - Current L/D:          9.16946
16.10.2025 09:21:51 - Approach to landing ... 
16.10.2025 09:21:51 - Climb or descend with constant CAS or Mach number ...
16.10.2025 09:21:51 - Descent step:         -16.4009 ft.
16.10.2025 09:21:51 - Start altitude:       1426.42 ft.
16.10.2025 09:21:51 - End altitude:         1000 ft.
16.10.2025 09:21:51 - *********************************************************
16.10.2025 09:21:51 - Calculation mode:     7 in mission segment: 22
16.10.2025 09:21:51 - Current altitude:     1000 ft.
16.10.2025 09:21:51 - Current range:        2446.86 NM.
16.10.2025 09:21:51 - Current Mach number:  0.202398
16.10.2025 09:21:51 - Current CL:           1.91565
16.10.2025 09:21:51 - Current L/D:          9.17059
16.10.2025 09:21:51 - Approach to landing ... 
16.10.2025 09:21:51 - Climb or descend with constant CAS or Mach number ...
16.10.2025 09:21:51 - Descent step:         -16.3793 ft.
16.10.2025 09:21:51 - Start altitude:       1000 ft.
16.10.2025 09:21:51 - End altitude:         50 ft.
16.10.2025 09:21:51 - *********************************************************
16.10.2025 09:21:51 - Calculation mode:     9 in mission segment: 23
16.10.2025 09:21:51 - Current altitude:     50 ft.
16.10.2025 09:21:51 - Current range:        2449.84 NM.
16.10.2025 09:21:51 - Current Mach number:  0.198975
16.10.2025 09:21:51 - Current CL:           1.91404
16.10.2025 09:21:51 - Current L/D:          9.17312
16.10.2025 09:21:51 - Landing ... 
16.10.2025 09:21:51 - Climb or descend with constant CAS or Mach number ...
16.10.2025 09:21:51 - Descent step:         -12.5 ft.
16.10.2025 09:21:51 - Start altitude:       50 ft.
16.10.2025 09:21:51 - End altitude:         0 ft.
16.10.2025 09:21:51 - Touchdown after 2450 NM
16.10.2025 09:21:51 - Rolling on the runway during the reaction time ...
16.10.2025 09:21:51 - Braking to taxi speed (15 kts) ...
16.10.2025 09:21:51 - Activate thrust reverser until deactivation speed (80 kts) is reached...
16.10.2025 09:21:51 - ... deactivation speed reached after 548.79 m: Deactivate thrust reverser.
16.10.2025 09:21:51 - Ground Run Distance: 778.996 m.
16.10.2025 09:21:51 - Landing Distance: 1281.58 m.
16.10.2025 09:21:51 - ---------- Reserve Fuel ----------
16.10.2025 09:21:51 -   - Contingency fuel: 337.46 kg
16.10.2025 09:21:51 -   - Additional Fuel: 0 kg
16.10.2025 09:21:51 -   - Final Reserve: 822.05 kg
16.10.2025 09:21:51 -   - Alternate Fuel: 1468.88 kg
16.10.2025 09:21:51 - ----------------------------------
16.10.2025 09:21:51 - Current altitude:    0 ft.
16.10.2025 09:21:51 - Current range:       2450.53 NM.
16.10.2025 09:21:51 - Cruise Step Profile: 
16.10.2025 09:21:51 -   FL   | rel. Step Length | End Mass [kg]
16.10.2025 09:21:51 - 330.00 |        0.50      | 66658.60
16.10.2025 09:21:51 - 350.00 |        1.00      | 62057.40
16.10.2025 09:21:51 - CL_cruise: Average = 0.54, Max = 0.59, Min = 0.52
16.10.2025 09:21:51 - Mass (TOC) = 71534.29 kg; Mass (TOD) = 62057.40 kg
16.10.2025 09:21:51 - (TOC reached after 148.55 NM; TOD reached after 2337.08 NM)
16.10.2025 09:21:51 - Finish mission_analysis
*******************************************************************************
16.10.2025 09:22:13 - Start mission_analysis
16.10.2025 09:22:13 - Read aerodynamic data from file: C:/Programs/UNICADOworkflow/workingDirectoryRCE/UNICADOworkflow_2025-10-16_09-20-18_13/UNICADO-SMR-01/aero_data/SMR-01_design_trimmed_polar.xml
16.10.2025 09:22:13 - [MODULE RUNTIMEINFO] - mission_analysis
16.10.2025 09:22:13 -    [CONSOLE  ] - [ON]
16.10.2025 09:22:13 -    [LOG      ] - [ON]
16.10.2025 09:22:13 -    [PLOT     ] - [OFF]
16.10.2025 09:22:13 -       [COPY  ] - [ON]
16.10.2025 09:22:13 -       [DELETE] - [ON]
16.10.2025 09:22:13 -    [REPORT   ] - [OFF]
16.10.2025 09:22:13 -    [TEX      ] - [OFF]
16.10.2025 09:22:13 -    [INFOFILES] - [OFF]
16.10.2025 09:22:13 -    [GNUPLOT]
16.10.2025 09:22:13 -       [PATH    ] - C:/Programs/UNICADOworkflow/gnuplot
16.10.2025 09:22:13 -       [FILENAME] - 
16.10.2025 09:22:13 -    [INKSCAPE]
16.10.2025 09:22:13 -       [PATH    ] - C:/Programs/UNICADOworkflow/inkscape
16.10.2025 09:22:13 -       [FILENAME] - 
16.10.2025 09:22:13 -    [LOGFILE]
16.10.2025 09:22:13 -       [PATH    ] - C:/Programs/UNICADOworkflow/workingDirectoryRCE/UNICADOworkflow_2025-10-16_09-20-18_13
16.10.2025 09:22:13 -       [FILENAME] - mission_analysis.log
16.10.2025 09:22:13 -    [IO/ACXML]
16.10.2025 09:22:13 -       [PATH    ] - C:/Programs/UNICADOworkflow/workingDirectoryRCE/UNICADOworkflow_2025-10-16_09-20-18_13/UNICADO-SMR-01
16.10.2025 09:22:13 -       [FILENAME] - UNICADO-SMR-01.xml
16.10.2025 09:22:13 -    [MODCONFIG]
16.10.2025 09:22:13 -       [PATH    ] - ../workingDirectoryRCE/UNICADOworkflow_2025-10-16_09-20-18_13
16.10.2025 09:22:13 -       [FILENAME] - mission_analysis_conf.xml
16.10.2025 09:22:13 - Checking directory... [REPORT]
16.10.2025 09:22:13 - Checking directory... [TEX]
16.10.2025 09:22:13 - Checking directory... [LOGFILES]
16.10.2025 09:22:13 - Range Descent: 113.633 NM from altitude: 35000 ft
16.10.2025 09:22:13 - Range Cruise: 2336.37 NM (for total distance: 2450 NM).
16.10.2025 09:22:13 - Taxi fuel: 316.319 kg
16.10.2025 09:22:13 - Extra Fuel: 0 kg
16.10.2025 09:22:13 - Starting mission calculation with a TOM = 75108.6 kg.
16.10.2025 09:22:13 - *********************************************************
16.10.2025 09:22:13 - Calculation mode:     1 in mission segment: 1
16.10.2025 09:22:13 - Current altitude:     0 ft.
16.10.2025 09:22:13 - Current range:        0 NM.
16.10.2025 09:22:13 - Current Mach number:  0
16.10.2025 09:22:13 - Current CL:           0
16.10.2025 09:22:13 - Current L/D:          0
16.10.2025 09:22:13 - Take-off calculation ...
16.10.2025 09:22:13 - Lift-off speed: 73.0725 m/s.
16.10.2025 09:22:13 - Lift-off thrust:   187.168 kN.
16.10.2025 09:22:13 - Lift-off distance: 1168.92 m.
16.10.2025 09:22:13 - Climb or descend with constant CAS or Mach number ...
16.10.2025 09:22:13 - Climb step:           11.6667 ft.
16.10.2025 09:22:13 - Start altitude:       0 ft.
16.10.2025 09:22:13 - End altitude:         35 ft.
16.10.2025 09:22:13 - Takeoff distance total: 1233.31 m.
16.10.2025 09:22:13 - *********************************************************
16.10.2025 09:22:13 - Calculation mode:     3 in mission segment: 2
16.10.2025 09:22:13 - Current altitude:     35 ft.
16.10.2025 09:22:13 - Current range:        0.665933 NM.
16.10.2025 09:22:13 - Current Mach number:  0.214866
16.10.2025 09:22:13 - Current CL:           1.91375
16.10.2025 09:22:13 - Current L/D:          10.8745
16.10.2025 09:22:13 - Climb or descend with constant CAS or Mach number ...
16.10.2025 09:22:13 - Climb step:           16.2778 ft.
16.10.2025 09:22:13 - Start altitude:       35 ft.
16.10.2025 09:22:13 - End altitude:         1500 ft.
16.10.2025 09:22:13 - *********************************************************
16.10.2025 09:22:13 - Calculation mode:     3 in mission segment: 3
16.10.2025 09:22:13 - Current altitude:     1500 ft.
16.10.2025 09:22:13 - Current range:        2.20375 NM.
16.10.2025 09:22:13 - Current Mach number:  0.220592
16.10.2025 09:22:13 - Current CL:           1.91744
16.10.2025 09:22:13 - Current L/D:          13.0803
16.10.2025 09:22:13 - Climb or descend with constant CAS or Mach number ...
16.10.2025 09:22:13 - Climb step:           16.3043 ft.
16.10.2025 09:22:13 - Start altitude:       1500 ft.
16.10.2025 09:22:13 - End altitude:         3000 ft.
16.10.2025 09:22:13 - *********************************************************
16.10.2025 09:22:13 - Calculation mode:     2 in mission segment: 4
16.10.2025 09:22:13 - Current altitude:     3000 ft.
16.10.2025 09:22:13 - Current range:        3.89273 NM.
16.10.2025 09:22:13 - Current Mach number:  0.226672
16.10.2025 09:22:13 - Current CL:           1.91994
16.10.2025 09:22:13 - Current L/D:          13.0608
16.10.2025 09:22:13 - Change speed with constant ROC ... 
16.10.2025 09:22:13 - Acceleration step CAS: 0.970835 kts
16.10.2025 09:22:13 - Start speed CAS: 142.042 kts
16.10.2025 09:22:13 - End speed CAS: 210 kts
16.10.2025 09:22:13 - *********************************************************
16.10.2025 09:22:13 - Calculation mode:     2 in mission segment: 5
16.10.2025 09:22:13 - Current altitude:     3706.45 ft.
16.10.2025 09:22:13 - Current range:        6.03298 NM.
16.10.2025 09:22:13 - Current Mach number:  0.33915
16.10.2025 09:22:13 - Current CL:           0.887374
16.10.2025 09:22:13 - Current L/D:          23.8256
16.10.2025 09:22:13 - Change speed with constant ROC ... 
16.10.2025 09:22:13 - Acceleration step CAS: 0.952385 kts
16.10.2025 09:22:13 - Start speed CAS: 210 kts
16.10.2025 09:22:13 - End speed CAS: 250 kts
16.10.2025 09:22:14 - *********************************************************
16.10.2025 09:22:14 - Calculation mode:     3 in mission segment: 6
16.10.2025 09:22:14 - Current altitude:     4247.15 ft.
16.10.2025 09:22:14 - Current range:        7.85914 NM.
16.10.2025 09:22:14 - Current Mach number:  0.407379
16.10.2025 09:22:14 - Current CL:           0.627156
16.10.2025 09:22:14 - Current L/D:          19.0417
16.10.2025 09:22:14 - Climb or descend with constant CAS or Mach number ...
16.10.2025 09:22:14 - Climb step:           16.3899 ft.
16.10.2025 09:22:14 - Start altitude:       4247.15 ft.
16.10.2025 09:22:14 - End altitude:         10000 ft.
16.10.2025 09:22:14 - *********************************************************
16.10.2025 09:22:14 - Calculation mode:     2 in mission segment: 7
16.10.2025 09:22:14 - Current altitude:     10000 ft.
16.10.2025 09:22:14 - Current range:        16.45 NM.
16.10.2025 09:22:14 - Current Mach number:  0.45227
16.10.2025 09:22:14 - Current CL:           0.629599
16.10.2025 09:22:14 - Current L/D:          19.0937
16.10.2025 09:22:14 - Change speed with constant ROC ... 
16.10.2025 09:22:14 - Acceleration step CAS: 0.961538 kts
16.10.2025 09:22:14 - Start speed CAS: 250 kts
16.10.2025 09:22:14 - End speed CAS: 300 kts
16.10.2025 09:22:14 - *********************************************************
16.10.2025 09:22:14 - Calculation mode:     4 in mission segment: 8
16.10.2025 09:22:14 - Current altitude:     10186.9 ft.
16.10.2025 09:22:14 - Current range:        19.7534 NM.
16.10.2025 09:22:14 - Current Mach number:  0.54288
16.10.2025 09:22:14 - Current CL:           0.441855
16.10.2025 09:22:14 - Current L/D:          17.6605
16.10.2025 09:22:14 - Climb to cruise altitude ... 
16.10.2025 09:22:14 - Climb or descend with constant CAS or Mach number ...
16.10.2025 09:22:14 - Climb step:           16.4005 ft.
16.10.2025 09:22:14 - Start altitude:       10186.9 ft.
16.10.2025 09:22:14 - End altitude:         33000 ft.
16.10.2025 09:22:14 - Transition altitude:  27994.8 ft.
16.10.2025 09:22:15 - *********************************************************
16.10.2025 09:22:15 - Calculation mode:     2 in mission segment: 9
16.10.2025 09:22:15 - Current altitude:     33000 ft.
16.10.2025 09:22:15 - Current range:        145.361 NM.
16.10.2025 09:22:15 - Current Mach number:  0.76
16.10.2025 09:22:15 - Current CL:           0.587601
16.10.2025 09:22:15 - Current L/D:          17.4603
16.10.2025 09:22:15 - Change speed with constant ROC ... 
16.10.2025 09:22:15 - Acceleration step Mach: 0.004
16.10.2025 09:22:15 - Start Mach number: 0.76
16.10.2025 09:22:15 - End Mach number: 0.78
16.10.2025 09:22:15 - *********************************************************
16.10.2025 09:22:15 - Calculation mode:     5 in mission segment: 10
16.10.2025 09:22:15 - Current altitude:     33000 ft.
16.10.2025 09:22:15 - Current range:        153.521 NM.
16.10.2025 09:22:15 - Current Mach number:  0.78
16.10.2025 09:22:15 - Current CL:           0.557535
16.10.2025 09:22:15 - Current L/D:          17.2906
16.10.2025 09:22:15 - Cruise at constant Mach number ... 
16.10.2025 09:22:19 - *********************************************************
16.10.2025 09:22:19 - Calculation mode:     11 in mission segment: 11
16.10.2025 09:22:19 - Current altitude:     33000 ft.
16.10.2025 09:22:19 - Current range:        1240.59 NM.
16.10.2025 09:22:19 - Current Mach number:  0.78
16.10.2025 09:22:19 - Current CL:           0.52015
16.10.2025 09:22:19 - Current L/D:          17.4271
16.10.2025 09:22:19 - Climb or descend with constant CAS or Mach number (with constant ROC) ...
16.10.2025 09:22:19 - Climb step:           16.3934 ft.
16.10.2025 09:22:19 - Start altitude:       33000 ft.
16.10.2025 09:22:19 - End altitude:         35000 ft.
16.10.2025 09:22:19 - *********************************************************
16.10.2025 09:22:19 - Calculation mode:     5 in mission segment: 12
16.10.2025 09:22:19 - Current altitude:     35000 ft.
16.10.2025 09:22:19 - Current range:        1290.77 NM.
16.10.2025 09:22:19 - Current Mach number:  0.78
16.10.2025 09:22:19 - Current CL:           0.569349
16.10.2025 09:22:19 - Current L/D:          17.2002
16.10.2025 09:22:19 - Cruise at constant Mach number ... 
16.10.2025 09:22:24 - *********************************************************
16.10.2025 09:22:24 - Calculation mode:     6 in mission segment: 13
16.10.2025 09:22:24 - Current altitude:     35000 ft.
16.10.2025 09:22:24 - Current range:        2336.1 NM.
16.10.2025 09:22:24 - Current Mach number:  0.78
16.10.2025 09:22:24 - Current CL:           0.532417
16.10.2025 09:22:24 - Current L/D:          17.4071
16.10.2025 09:22:24 - Descend to 10.000 ft ... 
16.10.2025 09:22:24 - Climb or descend with constant CAS or Mach number ...
16.10.2025 09:22:24 - Descent step:         -16.4042 ft.
16.10.2025 09:22:24 - Start altitude:       35000 ft.
16.10.2025 09:22:24 - End altitude:         10000 ft.
16.10.2025 09:22:24 - Transition altitude:  29315 ft.
16.10.2025 09:22:27 - *********************************************************
16.10.2025 09:22:27 - Calculation mode:     8 in mission segment: 14
16.10.2025 09:22:27 - Current altitude:     10000 ft.
16.10.2025 09:22:27 - Current range:        2410.31 NM.
16.10.2025 09:22:27 - Current Mach number:  0.541046
16.10.2025 09:22:27 - Current CL:           0.377393
16.10.2025 09:22:27 - Current L/D:          16.4364
16.10.2025 09:22:27 - Change speed with constant ROC ... 
16.10.2025 09:22:27 - Acceleration step CAS: -0.961538 kts
16.10.2025 09:22:27 - Start speed CAS: 300 kts
16.10.2025 09:22:27 - End speed CAS: 250 kts
16.10.2025 09:22:27 - *********************************************************
16.10.2025 09:22:27 - Calculation mode:     7 in mission segment: 15
16.10.2025 09:22:27 - Current altitude:     10000 ft.
16.10.2025 09:22:27 - Current range:        2415.49 NM.
16.10.2025 09:22:27 - Current Mach number:  0.45227
16.10.2025 09:22:27 - Current CL:           0.540924
16.10.2025 09:22:27 - Current L/D:          18.8229
16.10.2025 09:22:27 - Approach to landing ... 
16.10.2025 09:22:27 - Climb or descend with constant CAS or Mach number ...
16.10.2025 09:22:27 - Descent step:         -16.3934 ft.
16.10.2025 09:22:27 - Start altitude:       10000 ft.
16.10.2025 09:22:27 - End altitude:         3000 ft.
16.10.2025 09:22:29 - *********************************************************
16.10.2025 09:22:29 - Calculation mode:     8 in mission segment: 16
16.10.2025 09:22:29 - Current altitude:     3000 ft.
16.10.2025 09:22:29 - Current range:        2437.48 NM.
16.10.2025 09:22:29 - Current Mach number:  0.398429
16.10.2025 09:22:29 - Current CL:           0.533413
16.10.2025 09:22:29 - Current L/D:          15.844
16.10.2025 09:22:29 - Change speed with constant ROC ... 
16.10.2025 09:22:29 - Acceleration step CAS: -0.963858 kts
16.10.2025 09:22:29 - Start speed CAS: 250 kts
16.10.2025 09:22:29 - End speed CAS: 170 kts
16.10.2025 09:22:29 - *********************************************************
16.10.2025 09:22:29 - Calculation mode:     10 in mission segment: 17
16.10.2025 09:22:29 - Current altitude:     3000 ft.
16.10.2025 09:22:29 - Current range:        2439.88 NM.
16.10.2025 09:22:29 - Current Mach number:  0.271213
16.10.2025 09:22:29 - Current CL:           1.15254
16.10.2025 09:22:29 - Current L/D:          9.5557
16.10.2025 09:22:29 - Glideslope Interception ... 
16.10.2025 09:22:29 - *********************************************************
16.10.2025 09:22:29 - Calculation mode:     8 in mission segment: 18
16.10.2025 09:22:29 - Current altitude:     3000 ft.
16.10.2025 09:22:29 - Current range:        2440.58 NM.
16.10.2025 09:22:29 - Current Mach number:  0.271213
16.10.2025 09:22:29 - Current CL:           1.15235
16.10.2025 09:22:29 - Current L/D:          8.66146
16.10.2025 09:22:29 - Change speed with constant ROC ... 
16.10.2025 09:22:29 - Acceleration step CAS: -0.957112 kts
16.10.2025 09:22:29 - Start speed CAS: 170 kts
16.10.2025 09:22:29 - End speed CAS: 136.501 kts
16.10.2025 09:22:29 - *********************************************************
16.10.2025 09:22:29 - Calculation mode:     7 in mission segment: 19
16.10.2025 09:22:29 - Current altitude:     2498.49 ft.
16.10.2025 09:22:29 - Current range:        2442.15 NM.
16.10.2025 09:22:29 - Current Mach number:  0.215861
16.10.2025 09:22:29 - Current CL:           1.78302
16.10.2025 09:22:29 - Current L/D:          8.8351
16.10.2025 09:22:29 - Approach to landing ... 
16.10.2025 09:22:29 - Climb or descend with constant CAS or Mach number ...
16.10.2025 09:22:29 - Descent step:         -16.3687 ft.
16.10.2025 09:22:29 - Start altitude:       2498.49 ft.
16.10.2025 09:22:29 - End altitude:         1500 ft.
16.10.2025 09:22:29 - *********************************************************
16.10.2025 09:22:29 - Calculation mode:     8 in mission segment: 20
16.10.2025 09:22:29 - Current altitude:     1500 ft.
16.10.2025 09:22:29 - Current range:        2445.29 NM.
16.10.2025 09:22:29 - Current Mach number:  0.211992
16.10.2025 09:22:29 - Current CL:           1.78137
16.10.2025 09:22:29 - Current L/D:          8.83712
16.10.2025 09:22:29 - Change speed with constant ROC ... 
16.10.2025 09:22:29 - Acceleration step CAS: -0.833333 kts
16.10.2025 09:22:29 - Start speed CAS: 136.501 kts
16.10.2025 09:22:29 - End speed CAS: 131.501 kts
16.10.2025 09:22:29 - *********************************************************
16.10.2025 09:22:29 - Calculation mode:     7 in mission segment: 21
16.10.2025 09:22:29 - Current altitude:     1426.17 ft.
16.10.2025 09:22:29 - Current range:        2445.52 NM.
16.10.2025 09:22:29 - Current Mach number:  0.203959
16.10.2025 09:22:29 - Current CL:           1.91921
16.10.2025 09:22:29 - Current L/D:          9.18409
16.10.2025 09:22:29 - Approach to landing ... 
16.10.2025 09:22:29 - Climb or descend with constant CAS or Mach number ...
16.10.2025 09:22:29 - Descent step:         -16.3913 ft.
16.10.2025 09:22:29 - Start altitude:       1426.17 ft.
16.10.2025 09:22:29 - End altitude:         1000 ft.
16.10.2025 09:22:29 - *********************************************************
16.10.2025 09:22:29 - Calculation mode:     7 in mission segment: 22
16.10.2025 09:22:29 - Current altitude:     1000 ft.
16.10.2025 09:22:29 - Current range:        2446.86 NM.
16.10.2025 09:22:29 - Current Mach number:  0.202398
16.10.2025 09:22:29 - Current CL:           1.91849
16.10.2025 09:22:29 - Current L/D:          9.1852
16.10.2025 09:22:29 - Approach to landing ... 
16.10.2025 09:22:29 - Climb or descend with constant CAS or Mach number ...
16.10.2025 09:22:29 - Descent step:         -16.3793 ft.
16.10.2025 09:22:29 - Start altitude:       1000 ft.
16.10.2025 09:22:29 - End altitude:         50 ft.
16.10.2025 09:22:29 - *********************************************************
16.10.2025 09:22:29 - Calculation mode:     9 in mission segment: 23
16.10.2025 09:22:29 - Current altitude:     50 ft.
16.10.2025 09:22:29 - Current range:        2449.84 NM.
16.10.2025 09:22:29 - Current Mach number:  0.198975
16.10.2025 09:22:29 - Current CL:           1.91688
16.10.2025 09:22:29 - Current L/D:          9.18769
16.10.2025 09:22:29 - Landing ... 
16.10.2025 09:22:29 - Climb or descend with constant CAS or Mach number ...
16.10.2025 09:22:29 - Descent step:         -12.5 ft.
16.10.2025 09:22:29 - Start altitude:       50 ft.
16.10.2025 09:22:29 - End altitude:         0 ft.
16.10.2025 09:22:29 - Touchdown after 2450 NM
16.10.2025 09:22:29 - Rolling on the runway during the reaction time ...
16.10.2025 09:22:29 - Braking to taxi speed (15 kts) ...
16.10.2025 09:22:29 - Activate thrust reverser until deactivation speed (80 kts) is reached...
16.10.2025 09:22:29 - ... deactivation speed reached after 548.72 m: Deactivate thrust reverser.
16.10.2025 09:22:30 - Ground Run Distance: 778.863 m.
16.10.2025 09:22:30 - Landing Distance: 1281.44 m.
16.10.2025 09:22:30 - ---------- Reserve Fuel ----------
16.10.2025 09:22:30 -   - Contingency fuel: 344.68 kg
16.10.2025 09:22:30 -   - Additional Fuel: 0 kg
16.10.2025 09:22:30 -   - Final Reserve: 837.81 kg
16.10.2025 09:22:30 -   - Alternate Fuel: 1493.04 kg
16.10.2025 09:22:30 - ----------------------------------
16.10.2025 09:22:30 - Current altitude:    0 ft.
16.10.2025 09:22:30 - Current range:       2450.53 NM.
16.10.2025 09:22:30 - Cruise Step Profile: 
16.10.2025 09:22:30 -   FL   | rel. Step Length | End Mass [kg]
16.10.2025 09:22:30 - 330.00 |        0.50      | 68666.44
16.10.2025 09:22:30 - 350.00 |        1.00      | 63959.15
16.10.2025 09:22:30 - CL_cruise: Average = 0.54, Max = 0.59, Min = 0.52
16.10.2025 09:22:30 - Mass (TOC) = 73647.23 kg; Mass (TOD) = 63959.15 kg
16.10.2025 09:22:30 - (TOC reached after 145.36 NM; TOD reached after 2336.10 NM)
16.10.2025 09:22:30 - Finish mission_analysis
*******************************************************************************
16.10.2025 09:23:14 - Start mission_analysis
16.10.2025 09:23:15 - Read aerodynamic data from file: C:/Programs/UNICADOworkflow/workingDirectoryRCE/UNICADOworkflow_2025-10-16_09-20-18_13/UNICADO-SMR-01/aero_data/SMR-01_design_trimmed_polar.xml
16.10.2025 09:23:15 - [MODULE RUNTIMEINFO] - mission_analysis
16.10.2025 09:23:15 -    [CONSOLE  ] - [ON]
16.10.2025 09:23:15 -    [LOG      ] - [ON]
16.10.2025 09:23:15 -    [PLOT     ] - [OFF]
16.10.2025 09:23:15 -       [COPY  ] - [ON]
16.10.2025 09:23:15 -       [DELETE] - [ON]
16.10.2025 09:23:15 -    [REPORT   ] - [OFF]
16.10.2025 09:23:15 -    [TEX      ] - [OFF]
16.10.2025 09:23:15 -    [INFOFILES] - [OFF]
16.10.2025 09:23:15 -    [GNUPLOT]
16.10.2025 09:23:15 -       [PATH    ] - C:/Programs/UNICADOworkflow/gnuplot
16.10.2025 09:23:15 -       [FILENAME] - 
16.10.2025 09:23:15 -    [INKSCAPE]
16.10.2025 09:23:15 -       [PATH    ] - C:/Programs/UNICADOworkflow/inkscape
16.10.2025 09:23:15 -       [FILENAME] - 
16.10.2025 09:23:15 -    [LOGFILE]
16.10.2025 09:23:15 -       [PATH    ] - C:/Programs/UNICADOworkflow/workingDirectoryRCE/UNICADOworkflow_2025-10-16_09-20-18_13
16.10.2025 09:23:15 -       [FILENAME] - mission_analysis.log
16.10.2025 09:23:15 -    [IO/ACXML]
16.10.2025 09:23:15 -       [PATH    ] - C:/Programs/UNICADOworkflow/workingDirectoryRCE/UNICADOworkflow_2025-10-16_09-20-18_13/UNICADO-SMR-01
16.10.2025 09:23:15 -       [FILENAME] - UNICADO-SMR-01.xml
16.10.2025 09:23:15 -    [MODCONFIG]
16.10.2025 09:23:15 -       [PATH    ] - ../workingDirectoryRCE/UNICADOworkflow_2025-10-16_09-20-18_13
16.10.2025 09:23:15 -       [FILENAME] - mission_analysis_conf.xml
16.10.2025 09:23:15 - Checking directory... [REPORT]
16.10.2025 09:23:15 - Checking directory... [TEX]
16.10.2025 09:23:15 - Checking directory... [LOGFILES]
16.10.2025 09:23:15 - Range Descent: 113.999 NM from altitude: 35000 ft
16.10.2025 09:23:15 - Range Cruise: 2336 NM (for total distance: 2450 NM).
16.10.2025 09:23:15 - Taxi fuel: 320.234 kg
16.10.2025 09:23:15 - Extra Fuel: 0 kg
16.10.2025 09:23:15 - Starting mission calculation with a TOM = 76043 kg.
16.10.2025 09:23:15 - *********************************************************
16.10.2025 09:23:15 - Calculation mode:     1 in mission segment: 1
16.10.2025 09:23:15 - Current altitude:     0 ft.
16.10.2025 09:23:15 - Current range:        0 NM.
16.10.2025 09:23:15 - Current Mach number:  0
16.10.2025 09:23:15 - Current CL:           0
16.10.2025 09:23:15 - Current L/D:          0
16.10.2025 09:23:15 - Take-off calculation ...
16.10.2025 09:23:16 - Lift-off speed: 72.9266 m/s.
16.10.2025 09:23:16 - Lift-off thrust:   189.571 kN.
16.10.2025 09:23:16 - Lift-off distance: 1163.64 m.
16.10.2025 09:23:16 - Climb or descend with constant CAS or Mach number ...
16.10.2025 09:23:16 - Climb step:           11.6667 ft.
16.10.2025 09:23:16 - Start altitude:       0 ft.
16.10.2025 09:23:16 - End altitude:         35 ft.
16.10.2025 09:23:16 - Takeoff distance total: 1228.06 m.
16.10.2025 09:23:16 - *********************************************************
16.10.2025 09:23:16 - Calculation mode:     3 in mission segment: 2
16.10.2025 09:23:16 - Current altitude:     35 ft.
16.10.2025 09:23:16 - Current range:        0.663099 NM.
16.10.2025 09:23:16 - Current Mach number:  0.214437
16.10.2025 09:23:16 - Current CL:           1.92152
16.10.2025 09:23:16 - Current L/D:          10.8554
16.10.2025 09:23:16 - Climb or descend with constant CAS or Mach number ...
16.10.2025 09:23:16 - Climb step:           16.2778 ft.
16.10.2025 09:23:16 - Start altitude:       35 ft.
16.10.2025 09:23:16 - End altitude:         1500 ft.
16.10.2025 09:23:16 - *********************************************************
16.10.2025 09:23:16 - Calculation mode:     3 in mission segment: 3
16.10.2025 09:23:16 - Current altitude:     1500 ft.
16.10.2025 09:23:16 - Current range:        2.20217 NM.
16.10.2025 09:23:16 - Current Mach number:  0.220152
16.10.2025 09:23:16 - Current CL:           1.92523
16.10.2025 09:23:16 - Current L/D:          13.0417
16.10.2025 09:23:16 - Climb or descend with constant CAS or Mach number ...
16.10.2025 09:23:16 - Climb step:           16.3043 ft.
16.10.2025 09:23:16 - Start altitude:       1500 ft.
16.10.2025 09:23:16 - End altitude:         3000 ft.
16.10.2025 09:23:16 - *********************************************************
16.10.2025 09:23:16 - Calculation mode:     2 in mission segment: 4
16.10.2025 09:23:16 - Current altitude:     3000 ft.
16.10.2025 09:23:16 - Current range:        3.89263 NM.
16.10.2025 09:23:16 - Current Mach number:  0.22622
16.10.2025 09:23:16 - Current CL:           1.92773
16.10.2025 09:23:16 - Current L/D:          13.0223
16.10.2025 09:23:16 - Change speed with constant ROC ... 
16.10.2025 09:23:16 - Acceleration step CAS: 0.961156 kts
16.10.2025 09:23:16 - Start speed CAS: 141.758 kts
16.10.2025 09:23:16 - End speed CAS: 210 kts
16.10.2025 09:23:16 - *********************************************************
16.10.2025 09:23:16 - Calculation mode:     2 in mission segment: 5
16.10.2025 09:23:16 - Current altitude:     3710 ft.
16.10.2025 09:23:16 - Current range:        6.04157 NM.
16.10.2025 09:23:16 - Current Mach number:  0.339172
16.10.2025 09:23:16 - Current CL:           0.887409
16.10.2025 09:23:16 - Current L/D:          23.8443
16.10.2025 09:23:16 - Change speed with constant ROC ... 
16.10.2025 09:23:16 - Acceleration step CAS: 0.952385 kts
16.10.2025 09:23:16 - Start speed CAS: 210 kts
16.10.2025 09:23:16 - End speed CAS: 250 kts
16.10.2025 09:23:16 - *********************************************************
16.10.2025 09:23:16 - Calculation mode:     3 in mission segment: 6
16.10.2025 09:23:16 - Current altitude:     4249.54 ft.
16.10.2025 09:23:16 - Current range:        7.86388 NM.
16.10.2025 09:23:16 - Current Mach number:  0.407397
16.10.2025 09:23:16 - Current CL:           0.627182
16.10.2025 09:23:16 - Current L/D:          19.1161
16.10.2025 09:23:16 - Climb or descend with constant CAS or Mach number ...
16.10.2025 09:23:16 - Climb step:           16.3831 ft.
16.10.2025 09:23:16 - Start altitude:       4249.54 ft.
16.10.2025 09:23:16 - End altitude:         10000 ft.
16.10.2025 09:23:17 - *********************************************************
16.10.2025 09:23:17 - Calculation mode:     2 in mission segment: 7
16.10.2025 09:23:17 - Current altitude:     10000 ft.
16.10.2025 09:23:17 - Current range:        16.4352 NM.
16.10.2025 09:23:17 - Current Mach number:  0.45227
16.10.2025 09:23:17 - Current CL:           0.629614
16.10.2025 09:23:17 - Current L/D:          19.1669
16.10.2025 09:23:17 - Change speed with constant ROC ... 
16.10.2025 09:23:17 - Acceleration step CAS: 0.961538 kts
16.10.2025 09:23:17 - Start speed CAS: 250 kts
16.10.2025 09:23:17 - End speed CAS: 300 kts
16.10.2025 09:23:17 - *********************************************************
16.10.2025 09:23:17 - Calculation mode:     4 in mission segment: 8
16.10.2025 09:23:17 - Current altitude:     10186.3 ft.
16.10.2025 09:23:17 - Current range:        19.7288 NM.
16.10.2025 09:23:17 - Current Mach number:  0.542875
16.10.2025 09:23:17 - Current CL:           0.441874
16.10.2025 09:23:17 - Current L/D:          17.7431
16.10.2025 09:23:17 - Climb to cruise altitude ... 
16.10.2025 09:23:17 - Climb or descend with constant CAS or Mach number ...
16.10.2025 09:23:17 - Climb step:           16.4009 ft.
16.10.2025 09:23:17 - Start altitude:       10186.3 ft.
16.10.2025 09:23:17 - End altitude:         33000 ft.
16.10.2025 09:23:17 - Transition altitude:  27994.8 ft.
16.10.2025 09:23:20 - *********************************************************
16.10.2025 09:23:20 - Calculation mode:     2 in mission segment: 9
16.10.2025 09:23:20 - Current altitude:     33000 ft.
16.10.2025 09:23:20 - Current range:        144.027 NM.
16.10.2025 09:23:20 - Current Mach number:  0.76
16.10.2025 09:23:20 - Current CL:           0.587698
16.10.2025 09:23:20 - Current L/D:          17.521
16.10.2025 09:23:20 - Change speed with constant ROC ... 
16.10.2025 09:23:20 - Acceleration step Mach: 0.004
16.10.2025 09:23:20 - Start Mach number: 0.76
16.10.2025 09:23:20 - End Mach number: 0.78
16.10.2025 09:23:20 - *********************************************************
16.10.2025 09:23:20 - Calculation mode:     5 in mission segment: 10
16.10.2025 09:23:20 - Current altitude:     33000 ft.
16.10.2025 09:23:20 - Current range:        152.018 NM.
16.10.2025 09:23:20 - Current Mach number:  0.78
16.10.2025 09:23:20 - Current CL:           0.557636
16.10.2025 09:23:20 - Current L/D:          17.3525
16.10.2025 09:23:20 - Cruise at constant Mach number ... 
16.10.2025 09:23:26 - *********************************************************
16.10.2025 09:23:26 - Calculation mode:     11 in mission segment: 11
16.10.2025 09:23:26 - Current altitude:     33000 ft.
16.10.2025 09:23:26 - Current range:        1239.53 NM.
16.10.2025 09:23:26 - Current Mach number:  0.78
16.10.2025 09:23:26 - Current CL:           0.52037
16.10.2025 09:23:26 - Current L/D:          17.4949
16.10.2025 09:23:26 - Climb or descend with constant CAS or Mach number (with constant ROC) ...
16.10.2025 09:23:26 - Climb step:           16.3934 ft.
16.10.2025 09:23:26 - Start altitude:       33000 ft.
16.10.2025 09:23:26 - End altitude:         35000 ft.
16.10.2025 09:23:26 - *********************************************************
16.10.2025 09:23:26 - Calculation mode:     5 in mission segment: 12
16.10.2025 09:23:26 - Current altitude:     35000 ft.
16.10.2025 09:23:26 - Current range:        1289.71 NM.
16.10.2025 09:23:26 - Current Mach number:  0.78
16.10.2025 09:23:26 - Current CL:           0.56959
16.10.2025 09:23:26 - Current L/D:          17.2589
16.10.2025 09:23:26 - Cruise at constant Mach number ... 
16.10.2025 09:23:33 - *********************************************************
16.10.2025 09:23:33 - Calculation mode:     6 in mission segment: 13
16.10.2025 09:23:33 - Current altitude:     35000 ft.
16.10.2025 09:23:33 - Current range:        2335.66 NM.
16.10.2025 09:23:33 - Current Mach number:  0.78
16.10.2025 09:23:33 - Current CL:           0.532756
16.10.2025 09:23:33 - Current L/D:          17.4724
16.10.2025 09:23:33 - Descend to 10.000 ft ... 
16.10.2025 09:23:33 - Climb or descend with constant CAS or Mach number ...
16.10.2025 09:23:33 - Descent step:         -16.4042 ft.
16.10.2025 09:23:33 - Start altitude:       35000 ft.
16.10.2025 09:23:33 - End altitude:         10000 ft.
16.10.2025 09:23:33 - Transition altitude:  29315 ft.
16.10.2025 09:23:37 - *********************************************************
16.10.2025 09:23:37 - Calculation mode:     8 in mission segment: 14
16.10.2025 09:23:37 - Current altitude:     10000 ft.
16.10.2025 09:23:37 - Current range:        2410.29 NM.
16.10.2025 09:23:37 - Current Mach number:  0.541046
16.10.2025 09:23:37 - Current CL:           0.377638
16.10.2025 09:23:37 - Current L/D:          16.5253
16.10.2025 09:23:37 - Change speed with constant ROC ... 
16.10.2025 09:23:37 - Acceleration step CAS: -0.961538 kts
16.10.2025 09:23:37 - Start speed CAS: 300 kts
16.10.2025 09:23:37 - End speed CAS: 250 kts
16.10.2025 09:23:37 - *********************************************************
16.10.2025 09:23:37 - Calculation mode:     7 in mission segment: 15
16.10.2025 09:23:37 - Current altitude:     10000 ft.
16.10.2025 09:23:37 - Current range:        2415.5 NM.
16.10.2025 09:23:37 - Current Mach number:  0.45227
16.10.2025 09:23:37 - Current CL:           0.541265
16.10.2025 09:23:37 - Current L/D:          18.9045
16.10.2025 09:23:37 - Approach to landing ... 
16.10.2025 09:23:37 - Climb or descend with constant CAS or Mach number ...
16.10.2025 09:23:37 - Descent step:         -16.3934 ft.
16.10.2025 09:23:37 - Start altitude:       10000 ft.
16.10.2025 09:23:37 - End altitude:         3000 ft.
16.10.2025 09:23:39 - *********************************************************
16.10.2025 09:23:39 - Calculation mode:     8 in mission segment: 16
16.10.2025 09:23:39 - Current altitude:     3000 ft.
16.10.2025 09:23:39 - Current range:        2437.48 NM.
16.10.2025 09:23:39 - Current Mach number:  0.398429
16.10.2025 09:23:39 - Current CL:           0.53375
16.10.2025 09:23:39 - Current L/D:          15.8449
16.10.2025 09:23:39 - Change speed with constant ROC ... 
16.10.2025 09:23:39 - Acceleration step CAS: -0.963858 kts
16.10.2025 09:23:39 - Start speed CAS: 250 kts
16.10.2025 09:23:39 - End speed CAS: 170 kts
16.10.2025 09:23:39 - *********************************************************
16.10.2025 09:23:39 - Calculation mode:     10 in mission segment: 17
16.10.2025 09:23:39 - Current altitude:     3000 ft.
16.10.2025 09:23:39 - Current range:        2439.88 NM.
16.10.2025 09:23:39 - Current Mach number:  0.271213
16.10.2025 09:23:39 - Current CL:           1.15327
16.10.2025 09:23:39 - Current L/D:          9.5182
16.10.2025 09:23:39 - Glideslope Interception ... 
16.10.2025 09:23:39 - *********************************************************
16.10.2025 09:23:39 - Calculation mode:     8 in mission segment: 18
16.10.2025 09:23:39 - Current altitude:     3000 ft.
16.10.2025 09:23:39 - Current range:        2440.58 NM.
16.10.2025 09:23:39 - Current Mach number:  0.271213
16.10.2025 09:23:39 - Current CL:           1.15308
16.10.2025 09:23:39 - Current L/D:          8.66581
16.10.2025 09:23:39 - Change speed with constant ROC ... 
16.10.2025 09:23:39 - Acceleration step CAS: -0.957112 kts
16.10.2025 09:23:39 - Start speed CAS: 170 kts
16.10.2025 09:23:39 - End speed CAS: 136.501 kts
16.10.2025 09:23:39 - *********************************************************
16.10.2025 09:23:39 - Calculation mode:     7 in mission segment: 19
16.10.2025 09:23:39 - Current altitude:     2497.89 ft.
16.10.2025 09:23:39 - Current range:        2442.16 NM.
16.10.2025 09:23:39 - Current Mach number:  0.215859
16.10.2025 09:23:39 - Current CL:           1.78415
16.10.2025 09:23:39 - Current L/D:          8.84145
16.10.2025 09:23:39 - Approach to landing ... 
16.10.2025 09:23:39 - Climb or descend with constant CAS or Mach number ...
16.10.2025 09:23:39 - Descent step:         -16.3589 ft.
16.10.2025 09:23:39 - Start altitude:       2497.89 ft.
16.10.2025 09:23:39 - End altitude:         1500 ft.
16.10.2025 09:23:39 - *********************************************************
16.10.2025 09:23:39 - Calculation mode:     8 in mission segment: 20
16.10.2025 09:23:39 - Current altitude:     1500 ft.
16.10.2025 09:23:39 - Current range:        2445.29 NM.
16.10.2025 09:23:39 - Current Mach number:  0.211992
16.10.2025 09:23:39 - Current CL:           1.78249
16.10.2025 09:23:39 - Current L/D:          8.84345
16.10.2025 09:23:39 - Change speed with constant ROC ... 
16.10.2025 09:23:39 - Acceleration step CAS: -0.833333 kts
16.10.2025 09:23:39 - Start speed CAS: 136.501 kts
16.10.2025 09:23:39 - End speed CAS: 131.501 kts
16.10.2025 09:23:39 - *********************************************************
16.10.2025 09:23:39 - Calculation mode:     7 in mission segment: 21
16.10.2025 09:23:39 - Current altitude:     1426.06 ft.
16.10.2025 09:23:39 - Current range:        2445.52 NM.
16.10.2025 09:23:39 - Current Mach number:  0.203959
16.10.2025 09:23:39 - Current CL:           1.92042
16.10.2025 09:23:39 - Current L/D:          9.19042
16.10.2025 09:23:39 - Approach to landing ... 
16.10.2025 09:23:39 - Climb or descend with constant CAS or Mach number ...
16.10.2025 09:23:39 - Descent step:         -16.3871 ft.
16.10.2025 09:23:39 - Start altitude:       1426.06 ft.
16.10.2025 09:23:39 - End altitude:         1000 ft.
16.10.2025 09:23:39 - *********************************************************
16.10.2025 09:23:39 - Calculation mode:     7 in mission segment: 22
16.10.2025 09:23:39 - Current altitude:     1000 ft.
16.10.2025 09:23:39 - Current range:        2446.86 NM.
16.10.2025 09:23:39 - Current Mach number:  0.202398
16.10.2025 09:23:39 - Current CL:           1.9197
16.10.2025 09:23:39 - Current L/D:          9.19155
16.10.2025 09:23:39 - Approach to landing ... 
16.10.2025 09:23:39 - Climb or descend with constant CAS or Mach number ...
16.10.2025 09:23:39 - Descent step:         -16.3793 ft.
16.10.2025 09:23:39 - Start altitude:       1000 ft.
16.10.2025 09:23:39 - End altitude:         50 ft.
16.10.2025 09:23:39 - *********************************************************
16.10.2025 09:23:39 - Calculation mode:     9 in mission segment: 23
16.10.2025 09:23:39 - Current altitude:     50 ft.
16.10.2025 09:23:39 - Current range:        2449.84 NM.
16.10.2025 09:23:39 - Current Mach number:  0.198975
16.10.2025 09:23:39 - Current CL:           1.91809
16.10.2025 09:23:39 - Current L/D:          9.19402
16.10.2025 09:23:39 - Landing ... 
16.10.2025 09:23:39 - Climb or descend with constant CAS or Mach number ...
16.10.2025 09:23:39 - Descent step:         -12.5 ft.
16.10.2025 09:23:39 - Start altitude:       50 ft.
16.10.2025 09:23:39 - End altitude:         0 ft.
16.10.2025 09:23:39 - Touchdown after 2450 NM
16.10.2025 09:23:39 - Rolling on the runway during the reaction time ...
16.10.2025 09:23:39 - Braking to taxi speed (15 kts) ...
16.10.2025 09:23:39 - Activate thrust reverser until deactivation speed (80 kts) is reached...
16.10.2025 09:23:39 - ... deactivation speed reached after 548.69 m: Deactivate thrust reverser.
16.10.2025 09:23:39 - Ground Run Distance: 778.807 m.
16.10.2025 09:23:39 - Landing Distance: 1281.38 m.
16.10.2025 09:23:39 - ---------- Reserve Fuel ----------
16.10.2025 09:23:39 -   - Contingency fuel: 347.83 kg
16.10.2025 09:23:39 -   - Additional Fuel: 0 kg
16.10.2025 09:23:39 -   - Final Reserve: 844.63 kg
16.10.2025 09:23:39 -   - Alternate Fuel: 1503.26 kg
16.10.2025 09:23:39 - ----------------------------------
16.10.2025 09:23:39 - Current altitude:    0 ft.
16.10.2025 09:23:39 - Current range:       2450.53 NM.
16.10.2025 09:23:39 - Cruise Step Profile: 
16.10.2025 09:23:39 -   FL   | rel. Step Length | End Mass [kg]
16.10.2025 09:23:39 - 330.00 |        0.50      | 69547.08
16.10.2025 09:23:39 - 350.00 |        1.00      | 64793.38
16.10.2025 09:23:39 - CL_cruise: Average = 0.54, Max = 0.59, Min = 0.52
16.10.2025 09:23:39 - Mass (TOC) = 74572.74 kg; Mass (TOD) = 64793.38 kg
16.10.2025 09:23:39 - (TOC reached after 144.03 NM; TOD reached after 2335.66 NM)
16.10.2025 09:23:40 - Finish mission_analysis
*******************************************************************************
16.10.2025 09:24:24 - Start mission_analysis
16.10.2025 09:24:24 - Read aerodynamic data from file: C:/Programs/UNICADOworkflow/workingDirectoryRCE/UNICADOworkflow_2025-10-16_09-20-18_13/UNICADO-SMR-01/aero_data/SMR-01_design_trimmed_polar.xml
16.10.2025 09:24:24 - [MODULE RUNTIMEINFO] - mission_analysis
16.10.2025 09:24:24 -    [CONSOLE  ] - [ON]
16.10.2025 09:24:24 -    [LOG      ] - [ON]
16.10.2025 09:24:24 -    [PLOT     ] - [OFF]
16.10.2025 09:24:24 -       [COPY  ] - [ON]
16.10.2025 09:24:24 -       [DELETE] - [ON]
16.10.2025 09:24:24 -    [REPORT   ] - [OFF]
16.10.2025 09:24:24 -    [TEX      ] - [OFF]
16.10.2025 09:24:24 -    [INFOFILES] - [OFF]
16.10.2025 09:24:24 -    [GNUPLOT]
16.10.2025 09:24:24 -       [PATH    ] - C:/Programs/UNICADOworkflow/gnuplot
16.10.2025 09:24:24 -       [FILENAME] - 
16.10.2025 09:24:24 -    [INKSCAPE]
16.10.2025 09:24:24 -       [PATH    ] - C:/Programs/UNICADOworkflow/inkscape
16.10.2025 09:24:24 -       [FILENAME] - 
16.10.2025 09:24:24 -    [LOGFILE]
16.10.2025 09:24:24 -       [PATH    ] - C:/Programs/UNICADOworkflow/workingDirectoryRCE/UNICADOworkflow_2025-10-16_09-20-18_13
16.10.2025 09:24:24 -       [FILENAME] - mission_analysis.log
16.10.2025 09:24:24 -    [IO/ACXML]
16.10.2025 09:24:24 -       [PATH    ] - C:/Programs/UNICADOworkflow/workingDirectoryRCE/UNICADOworkflow_2025-10-16_09-20-18_13/UNICADO-SMR-01
16.10.2025 09:24:24 -       [FILENAME] - UNICADO-SMR-01.xml
16.10.2025 09:24:24 -    [MODCONFIG]
16.10.2025 09:24:24 -       [PATH    ] - ../workingDirectoryRCE/UNICADOworkflow_2025-10-16_09-20-18_13
16.10.2025 09:24:24 -       [FILENAME] - mission_analysis_conf.xml
16.10.2025 09:24:24 - Checking directory... [REPORT]
16.10.2025 09:24:24 - Checking directory... [TEX]
16.10.2025 09:24:24 - Checking directory... [LOGFILES]
16.10.2025 09:24:24 - Range Descent: 114.16 NM from altitude: 35000 ft
16.10.2025 09:24:24 - Range Cruise: 2335.84 NM (for total distance: 2450 NM).
16.10.2025 09:24:24 - Taxi fuel: 321.946 kg
16.10.2025 09:24:24 - Extra Fuel: 0 kg
16.10.2025 09:24:24 - Starting mission calculation with a TOM = 76451.6 kg.
16.10.2025 09:24:24 - *********************************************************
16.10.2025 09:24:24 - Calculation mode:     1 in mission segment: 1
16.10.2025 09:24:24 - Current altitude:     0 ft.
16.10.2025 09:24:24 - Current range:        0 NM.
16.10.2025 09:24:24 - Current Mach number:  0
16.10.2025 09:24:24 - Current CL:           0
16.10.2025 09:24:24 - Current L/D:          0
16.10.2025 09:24:24 - Take-off calculation ...
16.10.2025 09:24:25 - Lift-off speed: 72.9273 m/s.
16.10.2025 09:24:25 - Lift-off thrust:   190.588 kN.
16.10.2025 09:24:25 - Lift-off distance: 1163.68 m.
16.10.2025 09:24:25 - Climb or descend with constant CAS or Mach number ...
16.10.2025 09:24:25 - Climb step:           11.6667 ft.
16.10.2025 09:24:25 - Start altitude:       0 ft.
16.10.2025 09:24:25 - End altitude:         35 ft.
16.10.2025 09:24:25 - Takeoff distance total: 1228.08 m.
16.10.2025 09:24:25 - *********************************************************
16.10.2025 09:24:25 - Calculation mode:     3 in mission segment: 2
16.10.2025 09:24:25 - Current altitude:     35 ft.
16.10.2025 09:24:25 - Current range:        0.663109 NM.
16.10.2025 09:24:25 - Current Mach number:  0.214439
16.10.2025 09:24:25 - Current CL:           1.92151
16.10.2025 09:24:25 - Current L/D:          10.862
16.10.2025 09:24:25 - Climb or descend with constant CAS or Mach number ...
16.10.2025 09:24:25 - Climb step:           16.2778 ft.
16.10.2025 09:24:25 - Start altitude:       35 ft.
16.10.2025 09:24:25 - End altitude:         1500 ft.
16.10.2025 09:24:25 - *********************************************************
16.10.2025 09:24:25 - Calculation mode:     3 in mission segment: 3
16.10.2025 09:24:25 - Current altitude:     1500 ft.
16.10.2025 09:24:25 - Current range:        2.20159 NM.
16.10.2025 09:24:25 - Current Mach number:  0.220154
16.10.2025 09:24:25 - Current CL:           1.92522
16.10.2025 09:24:25 - Current L/D:          13.0513
16.10.2025 09:24:25 - Climb or descend with constant CAS or Mach number ...
16.10.2025 09:24:25 - Climb step:           16.3043 ft.
16.10.2025 09:24:25 - Start altitude:       1500 ft.
16.10.2025 09:24:25 - End altitude:         3000 ft.
16.10.2025 09:24:26 - *********************************************************
16.10.2025 09:24:26 - Calculation mode:     2 in mission segment: 4
16.10.2025 09:24:26 - Current altitude:     3000 ft.
16.10.2025 09:24:26 - Current range:        3.89137 NM.
16.10.2025 09:24:26 - Current Mach number:  0.226222
16.10.2025 09:24:26 - Current CL:           1.92772
16.10.2025 09:24:26 - Current L/D:          13.0319
16.10.2025 09:24:26 - Change speed with constant ROC ... 
16.10.2025 09:24:26 - Acceleration step CAS: 0.961137 kts
16.10.2025 09:24:26 - Start speed CAS: 141.759 kts
16.10.2025 09:24:26 - End speed CAS: 210 kts
16.10.2025 09:24:26 - *********************************************************
16.10.2025 09:24:26 - Calculation mode:     2 in mission segment: 5
16.10.2025 09:24:26 - Current altitude:     3709.65 ft.
16.10.2025 09:24:26 - Current range:        6.03932 NM.
16.10.2025 09:24:26 - Current Mach number:  0.33917
16.10.2025 09:24:26 - Current CL:           0.887427
16.10.2025 09:24:26 - Current L/D:          23.8521
16.10.2025 09:24:26 - Change speed with constant ROC ... 
16.10.2025 09:24:26 - Acceleration step CAS: 0.952385 kts
16.10.2025 09:24:26 - Start speed CAS: 210 kts
16.10.2025 09:24:26 - End speed CAS: 250 kts
16.10.2025 09:24:26 - *********************************************************
16.10.2025 09:24:26 - Calculation mode:     3 in mission segment: 6
16.10.2025 09:24:26 - Current altitude:     4248.62 ft.
16.10.2025 09:24:26 - Current range:        7.85966 NM.
16.10.2025 09:24:26 - Current Mach number:  0.40739
16.10.2025 09:24:26 - Current CL:           0.627194
16.10.2025 09:24:26 - Current L/D:          19.1484
16.10.2025 09:24:26 - Climb or descend with constant CAS or Mach number ...
16.10.2025 09:24:26 - Climb step:           16.3857 ft.
16.10.2025 09:24:26 - Start altitude:       4248.62 ft.
16.10.2025 09:24:26 - End altitude:         10000 ft.
16.10.2025 09:24:27 - *********************************************************
16.10.2025 09:24:27 - Calculation mode:     2 in mission segment: 7
16.10.2025 09:24:27 - Current altitude:     10000 ft.
16.10.2025 09:24:27 - Current range:        16.4252 NM.
16.10.2025 09:24:27 - Current Mach number:  0.45227
16.10.2025 09:24:27 - Current CL:           0.629622
16.10.2025 09:24:27 - Current L/D:          19.1986
16.10.2025 09:24:27 - Change speed with constant ROC ... 
16.10.2025 09:24:27 - Acceleration step CAS: 0.961538 kts
16.10.2025 09:24:27 - Start speed CAS: 250 kts
16.10.2025 09:24:27 - End speed CAS: 300 kts
16.10.2025 09:24:28 - *********************************************************
16.10.2025 09:24:28 - Calculation mode:     4 in mission segment: 8
16.10.2025 09:24:28 - Current altitude:     10186.1 ft.
16.10.2025 09:24:28 - Current range:        19.7146 NM.
16.10.2025 09:24:28 - Current Mach number:  0.542872
16.10.2025 09:24:28 - Current CL:           0.441884
16.10.2025 09:24:28 - Current L/D:          17.7793
16.10.2025 09:24:28 - Climb to cruise altitude ... 
16.10.2025 09:24:28 - Climb or descend with constant CAS or Mach number ...
16.10.2025 09:24:28 - Climb step:           16.4011 ft.
16.10.2025 09:24:28 - Start altitude:       10186.1 ft.
16.10.2025 09:24:28 - End altitude:         33000 ft.
16.10.2025 09:24:28 - Transition altitude:  27994.8 ft.
16.10.2025 09:24:32 - *********************************************************
16.10.2025 09:24:32 - Calculation mode:     2 in mission segment: 9
16.10.2025 09:24:32 - Current altitude:     33000 ft.
16.10.2025 09:24:32 - Current range:        143.455 NM.
16.10.2025 09:24:32 - Current Mach number:  0.76
16.10.2025 09:24:32 - Current CL:           0.587742
16.10.2025 09:24:32 - Current L/D:          17.5474
16.10.2025 09:24:32 - Change speed with constant ROC ... 
16.10.2025 09:24:32 - Acceleration step Mach: 0.004
16.10.2025 09:24:32 - Start Mach number: 0.76
16.10.2025 09:24:32 - End Mach number: 0.78
16.10.2025 09:24:32 - *********************************************************
16.10.2025 09:24:32 - Calculation mode:     5 in mission segment: 10
16.10.2025 09:24:32 - Current altitude:     33000 ft.
16.10.2025 09:24:32 - Current range:        151.376 NM.
16.10.2025 09:24:32 - Current Mach number:  0.78
16.10.2025 09:24:32 - Current CL:           0.55768
16.10.2025 09:24:32 - Current L/D:          17.3795
16.10.2025 09:24:32 - Cruise at constant Mach number ... 
16.10.2025 09:24:38 - *********************************************************
16.10.2025 09:24:38 - Calculation mode:     11 in mission segment: 11
16.10.2025 09:24:38 - Current altitude:     33000 ft.
16.10.2025 09:24:38 - Current range:        1238.96 NM.
16.10.2025 09:24:38 - Current Mach number:  0.78
16.10.2025 09:24:38 - Current CL:           0.52047
16.10.2025 09:24:38 - Current L/D:          17.5244
16.10.2025 09:24:38 - Climb or descend with constant CAS or Mach number (with constant ROC) ...
16.10.2025 09:24:38 - Climb step:           16.3934 ft.
16.10.2025 09:24:38 - Start altitude:       33000 ft.
16.10.2025 09:24:38 - End altitude:         35000 ft.
16.10.2025 09:24:38 - *********************************************************
16.10.2025 09:24:38 - Calculation mode:     5 in mission segment: 12
16.10.2025 09:24:38 - Current altitude:     35000 ft.
16.10.2025 09:24:38 - Current range:        1289.14 NM.
16.10.2025 09:24:38 - Current Mach number:  0.78
16.10.2025 09:24:38 - Current CL:           0.5697
16.10.2025 09:24:38 - Current L/D:          17.2844
16.10.2025 09:24:38 - Cruise at constant Mach number ... 
16.10.2025 09:24:44 - *********************************************************
16.10.2025 09:24:44 - Calculation mode:     6 in mission segment: 13
16.10.2025 09:24:44 - Current altitude:     35000 ft.
16.10.2025 09:24:44 - Current range:        2335.47 NM.
16.10.2025 09:24:44 - Current Mach number:  0.78
16.10.2025 09:24:44 - Current CL:           0.532905
16.10.2025 09:24:44 - Current L/D:          17.5008
16.10.2025 09:24:44 - Descend to 10.000 ft ... 
16.10.2025 09:24:44 - Climb or descend with constant CAS or Mach number ...
16.10.2025 09:24:44 - Descent step:         -16.3934 ft.
16.10.2025 09:24:44 - Start altitude:       35000 ft.
16.10.2025 09:24:44 - End altitude:         10000 ft.
16.10.2025 09:24:44 - Transition altitude:  29315 ft.
16.10.2025 09:24:48 - *********************************************************
16.10.2025 09:24:48 - Calculation mode:     8 in mission segment: 14
16.10.2025 09:24:48 - Current altitude:     10000 ft.
16.10.2025 09:24:48 - Current range:        2410.27 NM.
16.10.2025 09:24:48 - Current Mach number:  0.541046
16.10.2025 09:24:48 - Current CL:           0.377745
16.10.2025 09:24:48 - Current L/D:          16.5642
16.10.2025 09:24:48 - Change speed with constant ROC ... 
16.10.2025 09:24:48 - Acceleration step CAS: -0.961538 kts
16.10.2025 09:24:48 - Start speed CAS: 300 kts
16.10.2025 09:24:48 - End speed CAS: 250 kts
16.10.2025 09:24:48 - *********************************************************
16.10.2025 09:24:48 - Calculation mode:     7 in mission segment: 15
16.10.2025 09:24:48 - Current altitude:     10000 ft.
16.10.2025 09:24:48 - Current range:        2415.49 NM.
16.10.2025 09:24:48 - Current Mach number:  0.45227
16.10.2025 09:24:48 - Current CL:           0.541414
16.10.2025 09:24:48 - Current L/D:          18.94
16.10.2025 09:24:48 - Approach to landing ... 
16.10.2025 09:24:48 - Climb or descend with constant CAS or Mach number ...
16.10.2025 09:24:48 - Descent step:         -16.3934 ft.
16.10.2025 09:24:48 - Start altitude:       10000 ft.
16.10.2025 09:24:48 - End altitude:         3000 ft.
16.10.2025 09:24:49 - *********************************************************
16.10.2025 09:24:49 - Calculation mode:     8 in mission segment: 16
16.10.2025 09:24:49 - Current altitude:     3000 ft.
16.10.2025 09:24:49 - Current range:        2437.47 NM.
16.10.2025 09:24:49 - Current Mach number:  0.398429
16.10.2025 09:24:49 - Current CL:           0.533898
16.10.2025 09:24:49 - Current L/D:          15.8453
16.10.2025 09:24:49 - Change speed with constant ROC ... 
16.10.2025 09:24:49 - Acceleration step CAS: -0.963858 kts
16.10.2025 09:24:49 - Start speed CAS: 250 kts
16.10.2025 09:24:49 - End speed CAS: 170 kts
16.10.2025 09:24:49 - *********************************************************
16.10.2025 09:24:49 - Calculation mode:     10 in mission segment: 17
16.10.2025 09:24:49 - Current altitude:     3000 ft.
16.10.2025 09:24:49 - Current range:        2439.87 NM.
16.10.2025 09:24:49 - Current Mach number:  0.271213
16.10.2025 09:24:49 - Current CL:           1.15359
16.10.2025 09:24:49 - Current L/D:          9.5019
16.10.2025 09:24:49 - Glideslope Interception ... 
16.10.2025 09:24:49 - *********************************************************
16.10.2025 09:24:49 - Calculation mode:     8 in mission segment: 18
16.10.2025 09:24:49 - Current altitude:     3000 ft.
16.10.2025 09:24:49 - Current range:        2440.58 NM.
16.10.2025 09:24:49 - Current Mach number:  0.271213
16.10.2025 09:24:49 - Current CL:           1.15339
16.10.2025 09:24:49 - Current L/D:          8.66766
16.10.2025 09:24:49 - Change speed with constant ROC ... 
16.10.2025 09:24:49 - Acceleration step CAS: -0.957112 kts
16.10.2025 09:24:49 - Start speed CAS: 170 kts
16.10.2025 09:24:49 - End speed CAS: 136.501 kts
16.10.2025 09:24:49 - *********************************************************
16.10.2025 09:24:49 - Calculation mode:     7 in mission segment: 19
16.10.2025 09:24:49 - Current altitude:     2497.64 ft.
16.10.2025 09:24:49 - Current range:        2442.16 NM.
16.10.2025 09:24:49 - Current Mach number:  0.215858
16.10.2025 09:24:49 - Current CL:           1.78464
16.10.2025 09:24:49 - Current L/D:          8.84412
16.10.2025 09:24:49 - Approach to landing ... 
16.10.2025 09:24:49 - Climb or descend with constant CAS or Mach number ...
16.10.2025 09:24:49 - Descent step:         -16.3547 ft.
16.10.2025 09:24:49 - Start altitude:       2497.64 ft.
16.10.2025 09:24:49 - End altitude:         1500 ft.
16.10.2025 09:24:50 - *********************************************************
16.10.2025 09:24:50 - Calculation mode:     8 in mission segment: 20
16.10.2025 09:24:50 - Current altitude:     1500 ft.
16.10.2025 09:24:50 - Current range:        2445.29 NM.
16.10.2025 09:24:50 - Current Mach number:  0.211992
16.10.2025 09:24:50 - Current CL:           1.78299
16.10.2025 09:24:50 - Current L/D:          8.84612
16.10.2025 09:24:50 - Change speed with constant ROC ... 
16.10.2025 09:24:50 - Acceleration step CAS: -0.833333 kts
16.10.2025 09:24:50 - Start speed CAS: 136.501 kts
16.10.2025 09:24:50 - End speed CAS: 131.501 kts
16.10.2025 09:24:50 - *********************************************************
16.10.2025 09:24:50 - Calculation mode:     7 in mission segment: 21
16.10.2025 09:24:50 - Current altitude:     1426.02 ft.
16.10.2025 09:24:50 - Current range:        2445.52 NM.
16.10.2025 09:24:50 - Current Mach number:  0.203959
16.10.2025 09:24:50 - Current CL:           1.92095
16.10.2025 09:24:50 - Current L/D:          9.19306
16.10.2025 09:24:50 - Approach to landing ... 
16.10.2025 09:24:50 - Climb or descend with constant CAS or Mach number ...
16.10.2025 09:24:50 - Descent step:         -16.3853 ft.
16.10.2025 09:24:50 - Start altitude:       1426.02 ft.
16.10.2025 09:24:50 - End altitude:         1000 ft.
16.10.2025 09:24:50 - *********************************************************
16.10.2025 09:24:50 - Calculation mode:     7 in mission segment: 22
16.10.2025 09:24:50 - Current altitude:     1000 ft.
16.10.2025 09:24:50 - Current range:        2446.86 NM.
16.10.2025 09:24:50 - Current Mach number:  0.202398
16.10.2025 09:24:50 - Current CL:           1.92023
16.10.2025 09:24:50 - Current L/D:          9.1942
16.10.2025 09:24:50 - Approach to landing ... 
16.10.2025 09:24:50 - Climb or descend with constant CAS or Mach number ...
16.10.2025 09:24:50 - Descent step:         -16.3793 ft.
16.10.2025 09:24:50 - Start altitude:       1000 ft.
16.10.2025 09:24:50 - End altitude:         50 ft.
16.10.2025 09:24:50 - *********************************************************
16.10.2025 09:24:50 - Calculation mode:     9 in mission segment: 23
16.10.2025 09:24:50 - Current altitude:     50 ft.
16.10.2025 09:24:50 - Current range:        2449.84 NM.
16.10.2025 09:24:50 - Current Mach number:  0.198975
16.10.2025 09:24:50 - Current CL:           1.91862
16.10.2025 09:24:50 - Current L/D:          9.19669
16.10.2025 09:24:50 - Landing ... 
16.10.2025 09:24:50 - Climb or descend with constant CAS or Mach number ...
16.10.2025 09:24:50 - Descent step:         -12.5 ft.
16.10.2025 09:24:50 - Start altitude:       50 ft.
16.10.2025 09:24:50 - End altitude:         0 ft.
16.10.2025 09:24:50 - Touchdown after 2450 NM
16.10.2025 09:24:50 - Rolling on the runway during the reaction time ...
16.10.2025 09:24:50 - Braking to taxi speed (15 kts) ...
16.10.2025 09:24:50 - Activate thrust reverser until deactivation speed (80 kts) is reached...
16.10.2025 09:24:50 - ... deactivation speed reached after 548.67 m: Deactivate thrust reverser.
16.10.2025 09:24:50 - Ground Run Distance: 778.782 m.
16.10.2025 09:24:50 - Landing Distance: 1281.35 m.
16.10.2025 09:24:50 - ---------- Reserve Fuel ----------
16.10.2025 09:24:50 -   - Contingency fuel: 349.2 kg
16.10.2025 09:24:50 -   - Additional Fuel: 0 kg
16.10.2025 09:24:50 -   - Final Reserve: 847.61 kg
16.10.2025 09:24:50 -   - Alternate Fuel: 1507.66 kg
16.10.2025 09:24:50 - ----------------------------------
16.10.2025 09:24:50 - Current altitude:    0 ft.
16.10.2025 09:24:50 - Current range:       2450.53 NM.
16.10.2025 09:24:50 - Cruise Step Profile: 
16.10.2025 09:24:50 -   FL   | rel. Step Length | End Mass [kg]
16.10.2025 09:24:50 - 330.00 |        0.50      | 69932.96
16.10.2025 09:24:50 - 350.00 |        1.00      | 65158.50
16.10.2025 09:24:50 - CL_cruise: Average = 0.54, Max = 0.59, Min = 0.52
16.10.2025 09:24:50 - Mass (TOC) = 74977.68 kg; Mass (TOD) = 65158.50 kg
16.10.2025 09:24:50 - (TOC reached after 143.45 NM; TOD reached after 2335.47 NM)
16.10.2025 09:24:51 - Finish mission_analysis
*******************************************************************************
16.10.2025 09:25:35 - Start mission_analysis
16.10.2025 09:25:36 - Read aerodynamic data from file: C:/Programs/UNICADOworkflow/workingDirectoryRCE/UNICADOworkflow_2025-10-16_09-20-18_13/UNICADO-SMR-01/aero_data/SMR-01_design_trimmed_polar.xml
16.10.2025 09:25:36 - [MODULE RUNTIMEINFO] - mission_analysis
16.10.2025 09:25:36 -    [CONSOLE  ] - [ON]
16.10.2025 09:25:36 -    [LOG      ] - [ON]
16.10.2025 09:25:36 -    [PLOT     ] - [OFF]
16.10.2025 09:25:36 -       [COPY  ] - [ON]
16.10.2025 09:25:36 -       [DELETE] - [ON]
16.10.2025 09:25:36 -    [REPORT   ] - [OFF]
16.10.2025 09:25:36 -    [TEX      ] - [OFF]
16.10.2025 09:25:36 -    [INFOFILES] - [OFF]
16.10.2025 09:25:36 -    [GNUPLOT]
16.10.2025 09:25:36 -       [PATH    ] - C:/Programs/UNICADOworkflow/gnuplot
16.10.2025 09:25:36 -       [FILENAME] - 
16.10.2025 09:25:36 -    [INKSCAPE]
16.10.2025 09:25:36 -       [PATH    ] - C:/Programs/UNICADOworkflow/inkscape
16.10.2025 09:25:36 -       [FILENAME] - 
16.10.2025 09:25:36 -    [LOGFILE]
16.10.2025 09:25:36 -       [PATH    ] - C:/Programs/UNICADOworkflow/workingDirectoryRCE/UNICADOworkflow_2025-10-16_09-20-18_13
16.10.2025 09:25:36 -       [FILENAME] - mission_analysis.log
16.10.2025 09:25:36 -    [IO/ACXML]
16.10.2025 09:25:36 -       [PATH    ] - C:/Programs/UNICADOworkflow/workingDirectoryRCE/UNICADOworkflow_2025-10-16_09-20-18_13/UNICADO-SMR-01
16.10.2025 09:25:36 -       [FILENAME] - UNICADO-SMR-01.xml
16.10.2025 09:25:36 -    [MODCONFIG]
16.10.2025 09:25:36 -       [PATH    ] - ../workingDirectoryRCE/UNICADOworkflow_2025-10-16_09-20-18_13
16.10.2025 09:25:36 -       [FILENAME] - mission_analysis_conf.xml
16.10.2025 09:25:36 - Checking directory... [REPORT]
16.10.2025 09:25:36 - Checking directory... [TEX]
16.10.2025 09:25:36 - Checking directory... [LOGFILES]
16.10.2025 09:25:36 - Range Descent: 114.231 NM from altitude: 35000 ft
16.10.2025 09:25:36 - Range Cruise: 2335.77 NM (for total distance: 2450 NM).
16.10.2025 09:25:36 - Taxi fuel: 322.692 kg
16.10.2025 09:25:36 - Extra Fuel: 0 kg
16.10.2025 09:25:36 - Starting mission calculation with a TOM = 76629.8 kg.
16.10.2025 09:25:36 - *********************************************************
16.10.2025 09:25:36 - Calculation mode:     1 in mission segment: 1
16.10.2025 09:25:36 - Current altitude:     0 ft.
16.10.2025 09:25:36 - Current range:        0 NM.
16.10.2025 09:25:36 - Current Mach number:  0
16.10.2025 09:25:36 - Current CL:           0
16.10.2025 09:25:36 - Current L/D:          0
16.10.2025 09:25:36 - Take-off calculation ...
16.10.2025 09:25:36 - Lift-off speed: 72.9276 m/s.
16.10.2025 09:25:36 - Lift-off thrust:   191.031 kN.
16.10.2025 09:25:36 - Lift-off distance: 1163.7 m.
16.10.2025 09:25:36 - Climb or descend with constant CAS or Mach number ...
16.10.2025 09:25:36 - Climb step:           11.6667 ft.
16.10.2025 09:25:36 - Start altitude:       0 ft.
16.10.2025 09:25:36 - End altitude:         35 ft.
16.10.2025 09:25:36 - Takeoff distance total: 1228.09 m.
16.10.2025 09:25:36 - *********************************************************
16.10.2025 09:25:36 - Calculation mode:     3 in mission segment: 2
16.10.2025 09:25:36 - Current altitude:     35 ft.
16.10.2025 09:25:36 - Current range:        0.663113 NM.
16.10.2025 09:25:36 - Current Mach number:  0.21444
16.10.2025 09:25:36 - Current CL:           1.9215
16.10.2025 09:25:36 - Current L/D:          10.8648
16.10.2025 09:25:36 - Climb or descend with constant CAS or Mach number ...
16.10.2025 09:25:36 - Climb step:           16.2778 ft.
16.10.2025 09:25:36 - Start altitude:       35 ft.
16.10.2025 09:25:36 - End altitude:         1500 ft.
16.10.2025 09:25:37 - *********************************************************
16.10.2025 09:25:37 - Calculation mode:     3 in mission segment: 3
16.10.2025 09:25:37 - Current altitude:     1500 ft.
16.10.2025 09:25:37 - Current range:        2.20135 NM.
16.10.2025 09:25:37 - Current Mach number:  0.220154
16.10.2025 09:25:37 - Current CL:           1.92521
16.10.2025 09:25:37 - Current L/D:          13.0553
16.10.2025 09:25:37 - Climb or descend with constant CAS or Mach number ...
16.10.2025 09:25:37 - Climb step:           16.3043 ft.
16.10.2025 09:25:37 - Start altitude:       1500 ft.
16.10.2025 09:25:37 - End altitude:         3000 ft.
16.10.2025 09:25:37 - *********************************************************
16.10.2025 09:25:37 - Calculation mode:     2 in mission segment: 4
16.10.2025 09:25:37 - Current altitude:     3000 ft.
16.10.2025 09:25:37 - Current range:        3.89084 NM.
16.10.2025 09:25:37 - Current Mach number:  0.226223
16.10.2025 09:25:37 - Current CL:           1.92771
16.10.2025 09:25:37 - Current L/D:          13.0359
16.10.2025 09:25:37 - Change speed with constant ROC ... 
16.10.2025 09:25:37 - Acceleration step CAS: 0.961129 kts
16.10.2025 09:25:37 - Start speed CAS: 141.76 kts
16.10.2025 09:25:37 - End speed CAS: 210 kts
16.10.2025 09:25:37 - *********************************************************
16.10.2025 09:25:37 - Calculation mode:     2 in mission segment: 5
16.10.2025 09:25:37 - Current altitude:     3709.51 ft.
16.10.2025 09:25:37 - Current range:        6.03837 NM.
16.10.2025 09:25:37 - Current Mach number:  0.339169
16.10.2025 09:25:37 - Current CL:           0.887434
16.10.2025 09:25:37 - Current L/D:          23.8551
16.10.2025 09:25:37 - Change speed with constant ROC ... 
16.10.2025 09:25:37 - Acceleration step CAS: 0.952385 kts
16.10.2025 09:25:37 - Start speed CAS: 210 kts
16.10.2025 09:25:37 - End speed CAS: 250 kts
16.10.2025 09:25:37 - *********************************************************
16.10.2025 09:25:37 - Calculation mode:     3 in mission segment: 6
16.10.2025 09:25:37 - Current altitude:     4248.23 ft.
16.10.2025 09:25:37 - Current range:        7.85788 NM.
16.10.2025 09:25:37 - Current Mach number:  0.407387
16.10.2025 09:25:37 - Current CL:           0.627199
16.10.2025 09:25:37 - Current L/D:          19.1624
16.10.2025 09:25:37 - Climb or descend with constant CAS or Mach number ...
16.10.2025 09:25:37 - Climb step:           16.3868 ft.
16.10.2025 09:25:37 - Start altitude:       4248.23 ft.
16.10.2025 09:25:37 - End altitude:         10000 ft.
16.10.2025 09:25:38 - *********************************************************
16.10.2025 09:25:38 - Calculation mode:     2 in mission segment: 7
16.10.2025 09:25:38 - Current altitude:     10000 ft.
16.10.2025 09:25:38 - Current range:        16.4209 NM.
16.10.2025 09:25:38 - Current Mach number:  0.45227
16.10.2025 09:25:38 - Current CL:           0.629626
16.10.2025 09:25:38 - Current L/D:          19.2124
16.10.2025 09:25:38 - Change speed with constant ROC ... 
16.10.2025 09:25:38 - Acceleration step CAS: 0.961538 kts
16.10.2025 09:25:38 - Start speed CAS: 250 kts
16.10.2025 09:25:38 - End speed CAS: 300 kts
16.10.2025 09:25:39 - *********************************************************
16.10.2025 09:25:39 - Calculation mode:     4 in mission segment: 8
16.10.2025 09:25:39 - Current altitude:     10186 ft.
16.10.2025 09:25:39 - Current range:        19.7085 NM.
16.10.2025 09:25:39 - Current Mach number:  0.542871
16.10.2025 09:25:39 - Current CL:           0.441888
16.10.2025 09:25:39 - Current L/D:          17.7951
16.10.2025 09:25:39 - Climb to cruise altitude ... 
16.10.2025 09:25:39 - Climb or descend with constant CAS or Mach number ...
16.10.2025 09:25:39 - Climb step:           16.4011 ft.
16.10.2025 09:25:39 - Start altitude:       10186 ft.
16.10.2025 09:25:39 - End altitude:         33000 ft.
16.10.2025 09:25:39 - Transition altitude:  27994.8 ft.
16.10.2025 09:25:42 - *********************************************************
16.10.2025 09:25:42 - Calculation mode:     2 in mission segment: 9
16.10.2025 09:25:42 - Current altitude:     33000 ft.
16.10.2025 09:25:42 - Current range:        143.208 NM.
16.10.2025 09:25:42 - Current Mach number:  0.76
16.10.2025 09:25:42 - Current CL:           0.587761
16.10.2025 09:25:42 - Current L/D:          17.5589
16.10.2025 09:25:42 - Change speed with constant ROC ... 
16.10.2025 09:25:42 - Acceleration step Mach: 0.004
16.10.2025 09:25:42 - Start Mach number: 0.76
16.10.2025 09:25:42 - End Mach number: 0.78
16.10.2025 09:25:42 - *********************************************************
16.10.2025 09:25:42 - Calculation mode:     5 in mission segment: 10
16.10.2025 09:25:42 - Current altitude:     33000 ft.
16.10.2025 09:25:42 - Current range:        151.099 NM.
16.10.2025 09:25:42 - Current Mach number:  0.78
16.10.2025 09:25:42 - Current CL:           0.5577
16.10.2025 09:25:42 - Current L/D:          17.3912
16.10.2025 09:25:42 - Cruise at constant Mach number ... 
16.10.2025 09:25:47 - *********************************************************
16.10.2025 09:25:47 - Calculation mode:     11 in mission segment: 11
16.10.2025 09:25:47 - Current altitude:     33000 ft.
16.10.2025 09:25:47 - Current range:        1238.61 NM.
16.10.2025 09:25:47 - Current Mach number:  0.78
16.10.2025 09:25:47 - Current CL:           0.520517
16.10.2025 09:25:47 - Current L/D:          17.5373
16.10.2025 09:25:47 - Climb or descend with constant CAS or Mach number (with constant ROC) ...
16.10.2025 09:25:47 - Climb step:           16.3934 ft.
16.10.2025 09:25:47 - Start altitude:       33000 ft.
16.10.2025 09:25:47 - End altitude:         35000 ft.
16.10.2025 09:25:47 - *********************************************************
16.10.2025 09:25:47 - Calculation mode:     5 in mission segment: 12
16.10.2025 09:25:47 - Current altitude:     35000 ft.
16.10.2025 09:25:47 - Current range:        1288.79 NM.
16.10.2025 09:25:47 - Current Mach number:  0.78
16.10.2025 09:25:47 - Current CL:           0.569752
16.10.2025 09:25:47 - Current L/D:          17.2955
16.10.2025 09:25:47 - Cruise at constant Mach number ... 
16.10.2025 09:25:52 - *********************************************************
16.10.2025 09:25:52 - Calculation mode:     6 in mission segment: 13
16.10.2025 09:25:52 - Current altitude:     35000 ft.
16.10.2025 09:25:52 - Current range:        2335.39 NM.
16.10.2025 09:25:52 - Current Mach number:  0.78
16.10.2025 09:25:52 - Current CL:           0.53297
16.10.2025 09:25:52 - Current L/D:          17.5132
16.10.2025 09:25:52 - Descend to 10.000 ft ... 
16.10.2025 09:25:52 - Climb or descend with constant CAS or Mach number ...
16.10.2025 09:25:52 - Descent step:         -16.3934 ft.
16.10.2025 09:25:52 - Start altitude:       35000 ft.
16.10.2025 09:25:52 - End altitude:         10000 ft.
16.10.2025 09:25:52 - Transition altitude:  29315 ft.
16.10.2025 09:25:55 - *********************************************************
16.10.2025 09:25:55 - Calculation mode:     8 in mission segment: 14
16.10.2025 09:25:55 - Current altitude:     10000 ft.
16.10.2025 09:25:55 - Current range:        2410.26 NM.
16.10.2025 09:25:55 - Current Mach number:  0.541046
16.10.2025 09:25:55 - Current CL:           0.377792
16.10.2025 09:25:55 - Current L/D:          16.5812
16.10.2025 09:25:55 - Change speed with constant ROC ... 
16.10.2025 09:25:55 - Acceleration step CAS: -0.961538 kts
16.10.2025 09:25:55 - Start speed CAS: 300 kts
16.10.2025 09:25:55 - End speed CAS: 250 kts
16.10.2025 09:25:55 - *********************************************************
16.10.2025 09:25:55 - Calculation mode:     7 in mission segment: 15
16.10.2025 09:25:55 - Current altitude:     10000 ft.
16.10.2025 09:25:55 - Current range:        2415.49 NM.
16.10.2025 09:25:55 - Current Mach number:  0.45227
16.10.2025 09:25:55 - Current CL:           0.541478
16.10.2025 09:25:55 - Current L/D:          18.9554
16.10.2025 09:25:55 - Approach to landing ... 
16.10.2025 09:25:55 - Climb or descend with constant CAS or Mach number ...
16.10.2025 09:25:55 - Descent step:         -16.3934 ft.
16.10.2025 09:25:55 - Start altitude:       10000 ft.
16.10.2025 09:25:55 - End altitude:         3000 ft.
16.10.2025 09:25:56 - *********************************************************
16.10.2025 09:25:56 - Calculation mode:     8 in mission segment: 16
16.10.2025 09:25:56 - Current altitude:     3000 ft.
16.10.2025 09:25:56 - Current range:        2437.47 NM.
16.10.2025 09:25:56 - Current Mach number:  0.398429
16.10.2025 09:25:56 - Current CL:           0.533962
16.10.2025 09:25:56 - Current L/D:          15.8454
16.10.2025 09:25:56 - Change speed with constant ROC ... 
16.10.2025 09:25:56 - Acceleration step CAS: -0.963858 kts
16.10.2025 09:25:56 - Start speed CAS: 250 kts
16.10.2025 09:25:56 - End speed CAS: 170 kts
16.10.2025 09:25:56 - *********************************************************
16.10.2025 09:25:56 - Calculation mode:     10 in mission segment: 17
16.10.2025 09:25:56 - Current altitude:     3000 ft.
16.10.2025 09:25:56 - Current range:        2439.87 NM.
16.10.2025 09:25:56 - Current Mach number:  0.271213
16.10.2025 09:25:56 - Current CL:           1.15373
16.10.2025 09:25:56 - Current L/D:          9.4948
16.10.2025 09:25:56 - Glideslope Interception ... 
16.10.2025 09:25:56 - *********************************************************
16.10.2025 09:25:56 - Calculation mode:     8 in mission segment: 18
16.10.2025 09:25:56 - Current altitude:     3000 ft.
16.10.2025 09:25:56 - Current range:        2440.58 NM.
16.10.2025 09:25:56 - Current Mach number:  0.271213
16.10.2025 09:25:56 - Current CL:           1.15353
16.10.2025 09:25:56 - Current L/D:          8.66841
16.10.2025 09:25:56 - Change speed with constant ROC ... 
16.10.2025 09:25:56 - Acceleration step CAS: -0.957112 kts
16.10.2025 09:25:56 - Start speed CAS: 170 kts
16.10.2025 09:25:56 - End speed CAS: 136.501 kts
16.10.2025 09:25:56 - *********************************************************
16.10.2025 09:25:56 - Calculation mode:     7 in mission segment: 19
16.10.2025 09:25:56 - Current altitude:     2497.53 ft.
16.10.2025 09:25:56 - Current range:        2442.16 NM.
16.10.2025 09:25:56 - Current Mach number:  0.215858
16.10.2025 09:25:56 - Current CL:           1.78485
16.10.2025 09:25:56 - Current L/D:          8.84524
16.10.2025 09:25:56 - Approach to landing ... 
16.10.2025 09:25:56 - Climb or descend with constant CAS or Mach number ...
16.10.2025 09:25:56 - Descent step:         -16.353 ft.
16.10.2025 09:25:56 - Start altitude:       2497.53 ft.
16.10.2025 09:25:56 - End altitude:         1500 ft.
16.10.2025 09:25:56 - *********************************************************
16.10.2025 09:25:56 - Calculation mode:     8 in mission segment: 20
16.10.2025 09:25:56 - Current altitude:     1500 ft.
16.10.2025 09:25:56 - Current range:        2445.29 NM.
16.10.2025 09:25:56 - Current Mach number:  0.211992
16.10.2025 09:25:56 - Current CL:           1.7832
16.10.2025 09:25:56 - Current L/D:          8.84723
16.10.2025 09:25:56 - Change speed with constant ROC ... 
16.10.2025 09:25:56 - Acceleration step CAS: -0.833333 kts
16.10.2025 09:25:56 - Start speed CAS: 136.501 kts
16.10.2025 09:25:56 - End speed CAS: 131.501 kts
16.10.2025 09:25:56 - *********************************************************
16.10.2025 09:25:56 - Calculation mode:     7 in mission segment: 21
16.10.2025 09:25:56 - Current altitude:     1426 ft.
16.10.2025 09:25:56 - Current range:        2445.52 NM.
16.10.2025 09:25:56 - Current Mach number:  0.203959
16.10.2025 09:25:56 - Current CL:           1.92118
16.10.2025 09:25:56 - Current L/D:          9.19416
16.10.2025 09:25:56 - Approach to landing ... 
16.10.2025 09:25:56 - Climb or descend with constant CAS or Mach number ...
16.10.2025 09:25:56 - Descent step:         -16.3846 ft.
16.10.2025 09:25:56 - Start altitude:       1426 ft.
16.10.2025 09:25:56 - End altitude:         1000 ft.
16.10.2025 09:25:56 - *********************************************************
16.10.2025 09:25:56 - Calculation mode:     7 in mission segment: 22
16.10.2025 09:25:56 - Current altitude:     1000 ft.
16.10.2025 09:25:56 - Current range:        2446.86 NM.
16.10.2025 09:25:56 - Current Mach number:  0.202398
16.10.2025 09:25:56 - Current CL:           1.92046
16.10.2025 09:25:56 - Current L/D:          9.1953
16.10.2025 09:25:56 - Approach to landing ... 
16.10.2025 09:25:56 - Climb or descend with constant CAS or Mach number ...
16.10.2025 09:25:56 - Descent step:         -16.3793 ft.
16.10.2025 09:25:56 - Start altitude:       1000 ft.
16.10.2025 09:25:56 - End altitude:         50 ft.
16.10.2025 09:25:57 - *********************************************************
16.10.2025 09:25:57 - Calculation mode:     9 in mission segment: 23
16.10.2025 09:25:57 - Current altitude:     50 ft.
16.10.2025 09:25:57 - Current range:        2449.84 NM.
16.10.2025 09:25:57 - Current Mach number:  0.198975
16.10.2025 09:25:57 - Current CL:           1.91885
16.10.2025 09:25:57 - Current L/D:          9.19778
16.10.2025 09:25:57 - Landing ... 
16.10.2025 09:25:57 - Climb or descend with constant CAS or Mach number ...
16.10.2025 09:25:57 - Descent step:         -12.5 ft.
16.10.2025 09:25:57 - Start altitude:       50 ft.
16.10.2025 09:25:57 - End altitude:         0 ft.
16.10.2025 09:25:57 - Touchdown after 2450 NM
16.10.2025 09:25:57 - Rolling on the runway during the reaction time ...
16.10.2025 09:25:57 - Braking to taxi speed (15 kts) ...
16.10.2025 09:25:57 - Activate thrust reverser until deactivation speed (80 kts) is reached...
16.10.2025 09:25:57 - ... deactivation speed reached after 548.67 m: Deactivate thrust reverser.
16.10.2025 09:25:57 - Ground Run Distance: 778.771 m.
16.10.2025 09:25:57 - Landing Distance: 1281.34 m.
16.10.2025 09:25:57 - ---------- Reserve Fuel ----------
16.10.2025 09:25:57 -   - Contingency fuel: 349.8 kg
16.10.2025 09:25:57 -   - Additional Fuel: 0 kg
16.10.2025 09:25:57 -   - Final Reserve: 848.91 kg
16.10.2025 09:25:57 -   - Alternate Fuel: 1509.55 kg
16.10.2025 09:25:57 - ----------------------------------
16.10.2025 09:25:57 - Current altitude:    0 ft.
16.10.2025 09:25:57 - Current range:       2450.53 NM.
16.10.2025 09:25:57 - Cruise Step Profile: 
16.10.2025 09:25:57 -   FL   | rel. Step Length | End Mass [kg]
16.10.2025 09:25:57 - 330.00 |        0.50      | 70101.70
16.10.2025 09:25:57 - 350.00 |        1.00      | 65317.70
16.10.2025 09:25:57 - CL_cruise: Average = 0.55, Max = 0.59, Min = 0.52
16.10.2025 09:25:57 - Mass (TOC) = 75154.22 kg; Mass (TOD) = 65317.70 kg
16.10.2025 09:25:57 - (TOC reached after 143.21 NM; TOD reached after 2335.39 NM)
16.10.2025 09:25:57 - Finish mission_analysis
*******************************************************************************
16.10.2025 09:27:02 - Start mission_analysis
16.10.2025 09:27:03 - Read aerodynamic data from file: C:/Programs/UNICADOworkflow/workingDirectoryRCE/UNICADOworkflow_2025-10-16_09-20-18_13/UNICADO-SMR-01/aero_data/SMR-01_design_trimmed_polar.xml
16.10.2025 09:27:03 - [MODULE RUNTIMEINFO] - mission_analysis
16.10.2025 09:27:03 -    [CONSOLE  ] - [ON]
16.10.2025 09:27:03 -    [LOG      ] - [ON]
16.10.2025 09:27:03 -    [PLOT     ] - [ON]
16.10.2025 09:27:03 -       [COPY  ] - [ON]
16.10.2025 09:27:03 -       [DELETE] - [ON]
16.10.2025 09:27:03 -    [REPORT   ] - [ON]
16.10.2025 09:27:03 -    [TEX      ] - [ON]
16.10.2025 09:27:03 -    [INFOFILES] - [OFF]
16.10.2025 09:27:03 -    [GNUPLOT]
16.10.2025 09:27:03 -       [PATH    ] - C:/Programs/UNICADOworkflow/gnuplot
16.10.2025 09:27:03 -       [FILENAME] - 
16.10.2025 09:27:03 -    [INKSCAPE]
16.10.2025 09:27:03 -       [PATH    ] - C:/Programs/UNICADOworkflow/inkscape
16.10.2025 09:27:03 -       [FILENAME] - 
16.10.2025 09:27:03 -    [LOGFILE]
16.10.2025 09:27:03 -       [PATH    ] - C:/Programs/UNICADOworkflow/workingDirectoryRCE/UNICADOworkflow_2025-10-16_09-20-18_13
16.10.2025 09:27:03 -       [FILENAME] - mission_analysis.log
16.10.2025 09:27:03 -    [IO/ACXML]
16.10.2025 09:27:03 -       [PATH    ] - C:/Programs/UNICADOworkflow/workingDirectoryRCE/UNICADOworkflow_2025-10-16_09-20-18_13/UNICADO-SMR-01
16.10.2025 09:27:03 -       [FILENAME] - UNICADO-SMR-01.xml
16.10.2025 09:27:03 -    [MODCONFIG]
16.10.2025 09:27:03 -       [PATH    ] - ../workingDirectoryRCE/UNICADOworkflow_2025-10-16_09-20-18_13
16.10.2025 09:27:03 -       [FILENAME] - mission_analysis_conf.xml
16.10.2025 09:27:03 - Checking directory... [REPORT]
16.10.2025 09:27:03 - Checking directory... [TEX]
16.10.2025 09:27:03 - Checking directory... [HTML]
16.10.2025 09:27:03 - Checking directory... [PLOT]
16.10.2025 09:27:03 - Checking directory... [CSVFILES]
16.10.2025 09:27:03 - Checking directory... [CSVFILESTOOL]
16.10.2025 09:27:03 - Creating directory... [CSVFILESTOOL]
16.10.2025 09:27:03 - Checking directory... [PLOTFILES]
16.10.2025 09:27:03 - Checking directory... [PLOTFILESTOOL]
16.10.2025 09:27:03 - Creating directory... [PLOTFILESTOOL]
16.10.2025 09:27:03 - Checking directory... [LOGFILES]
16.10.2025 09:27:03 - Range Descent: 114.231 NM from altitude: 35000 ft
16.10.2025 09:27:03 - Range Cruise: 2335.77 NM (for total distance: 2450 NM).
16.10.2025 09:27:03 - Taxi fuel: 322.692 kg
16.10.2025 09:27:03 - Extra Fuel: 0 kg
16.10.2025 09:27:03 - Starting mission calculation with a TOM = 76629.8 kg.
16.10.2025 09:27:03 - *********************************************************
16.10.2025 09:27:03 - Calculation mode:     1 in mission segment: 1
16.10.2025 09:27:03 - Current altitude:     0 ft.
16.10.2025 09:27:03 - Current range:        0 NM.
16.10.2025 09:27:03 - Current Mach number:  0
16.10.2025 09:27:03 - Current CL:           0
16.10.2025 09:27:03 - Current L/D:          0
16.10.2025 09:27:03 - Take-off calculation ...
16.10.2025 09:27:04 - Lift-off speed: 72.9276 m/s.
16.10.2025 09:27:04 - Lift-off thrust:   191.031 kN.
16.10.2025 09:27:04 - Lift-off distance: 1163.7 m.
16.10.2025 09:27:04 - Climb or descend with constant CAS or Mach number ...
16.10.2025 09:27:04 - Climb step:           11.6667 ft.
16.10.2025 09:27:04 - Start altitude:       0 ft.
16.10.2025 09:27:04 - End altitude:         35 ft.
16.10.2025 09:27:04 - Takeoff distance total: 1228.09 m.
16.10.2025 09:27:04 - *********************************************************
16.10.2025 09:27:04 - Calculation mode:     3 in mission segment: 2
16.10.2025 09:27:04 - Current altitude:     35 ft.
16.10.2025 09:27:04 - Current range:        0.663113 NM.
16.10.2025 09:27:04 - Current Mach number:  0.21444
16.10.2025 09:27:04 - Current CL:           1.9215
16.10.2025 09:27:04 - Current L/D:          10.8648
16.10.2025 09:27:04 - Climb or descend with constant CAS or Mach number ...
16.10.2025 09:27:04 - Climb step:           16.2778 ft.
16.10.2025 09:27:04 - Start altitude:       35 ft.
16.10.2025 09:27:04 - End altitude:         1500 ft.
16.10.2025 09:27:04 - *********************************************************
16.10.2025 09:27:04 - Calculation mode:     3 in mission segment: 3
16.10.2025 09:27:04 - Current altitude:     1500 ft.
16.10.2025 09:27:04 - Current range:        2.20135 NM.
16.10.2025 09:27:04 - Current Mach number:  0.220154
16.10.2025 09:27:04 - Current CL:           1.92521
16.10.2025 09:27:04 - Current L/D:          13.0553
16.10.2025 09:27:04 - Climb or descend with constant CAS or Mach number ...
16.10.2025 09:27:04 - Climb step:           16.3043 ft.
16.10.2025 09:27:04 - Start altitude:       1500 ft.
16.10.2025 09:27:04 - End altitude:         3000 ft.
16.10.2025 09:27:04 - *********************************************************
16.10.2025 09:27:04 - Calculation mode:     2 in mission segment: 4
16.10.2025 09:27:04 - Current altitude:     3000 ft.
16.10.2025 09:27:04 - Current range:        3.89084 NM.
16.10.2025 09:27:04 - Current Mach number:  0.226223
16.10.2025 09:27:04 - Current CL:           1.92771
16.10.2025 09:27:04 - Current L/D:          13.0359
16.10.2025 09:27:04 - Change speed with constant ROC ... 
16.10.2025 09:27:04 - Acceleration step CAS: 0.961129 kts
16.10.2025 09:27:04 - Start speed CAS: 141.76 kts
16.10.2025 09:27:04 - End speed CAS: 210 kts
16.10.2025 09:27:04 - *********************************************************
16.10.2025 09:27:04 - Calculation mode:     2 in mission segment: 5
16.10.2025 09:27:04 - Current altitude:     3709.51 ft.
16.10.2025 09:27:04 - Current range:        6.03837 NM.
16.10.2025 09:27:04 - Current Mach number:  0.339169
16.10.2025 09:27:04 - Current CL:           0.887434
16.10.2025 09:27:04 - Current L/D:          23.8551
16.10.2025 09:27:04 - Change speed with constant ROC ... 
16.10.2025 09:27:04 - Acceleration step CAS: 0.952385 kts
16.10.2025 09:27:04 - Start speed CAS: 210 kts
16.10.2025 09:27:04 - End speed CAS: 250 kts
16.10.2025 09:27:04 - *********************************************************
16.10.2025 09:27:04 - Calculation mode:     3 in mission segment: 6
16.10.2025 09:27:04 - Current altitude:     4248.23 ft.
16.10.2025 09:27:04 - Current range:        7.85788 NM.
16.10.2025 09:27:04 - Current Mach number:  0.407387
16.10.2025 09:27:04 - Current CL:           0.627199
16.10.2025 09:27:04 - Current L/D:          19.1624
16.10.2025 09:27:04 - Climb or descend with constant CAS or Mach number ...
16.10.2025 09:27:04 - Climb step:           16.3868 ft.
16.10.2025 09:27:04 - Start altitude:       4248.23 ft.
16.10.2025 09:27:04 - End altitude:         10000 ft.
16.10.2025 09:27:05 - *********************************************************
16.10.2025 09:27:05 - Calculation mode:     2 in mission segment: 7
16.10.2025 09:27:05 - Current altitude:     10000 ft.
16.10.2025 09:27:05 - Current range:        16.4209 NM.
16.10.2025 09:27:05 - Current Mach number:  0.45227
16.10.2025 09:27:05 - Current CL:           0.629626
16.10.2025 09:27:05 - Current L/D:          19.2124
16.10.2025 09:27:05 - Change speed with constant ROC ... 
16.10.2025 09:27:05 - Acceleration step CAS: 0.961538 kts
16.10.2025 09:27:05 - Start speed CAS: 250 kts
16.10.2025 09:27:05 - End speed CAS: 300 kts
16.10.2025 09:27:05 - *********************************************************
16.10.2025 09:27:05 - Calculation mode:     4 in mission segment: 8
16.10.2025 09:27:05 - Current altitude:     10186 ft.
16.10.2025 09:27:05 - Current range:        19.7085 NM.
16.10.2025 09:27:05 - Current Mach number:  0.542871
16.10.2025 09:27:05 - Current CL:           0.441888
16.10.2025 09:27:05 - Current L/D:          17.7951
16.10.2025 09:27:05 - Climb to cruise altitude ... 
16.10.2025 09:27:05 - Climb or descend with constant CAS or Mach number ...
16.10.2025 09:27:05 - Climb step:           16.4011 ft.
16.10.2025 09:27:05 - Start altitude:       10186 ft.
16.10.2025 09:27:05 - End altitude:         33000 ft.
16.10.2025 09:27:05 - Transition altitude:  27994.8 ft.
16.10.2025 09:27:08 - *********************************************************
16.10.2025 09:27:08 - Calculation mode:     2 in mission segment: 9
16.10.2025 09:27:08 - Current altitude:     33000 ft.
16.10.2025 09:27:08 - Current range:        143.208 NM.
16.10.2025 09:27:08 - Current Mach number:  0.76
16.10.2025 09:27:08 - Current CL:           0.587761
16.10.2025 09:27:08 - Current L/D:          17.5589
16.10.2025 09:27:08 - Change speed with constant ROC ... 
16.10.2025 09:27:08 - Acceleration step Mach: 0.004
16.10.2025 09:27:08 - Start Mach number: 0.76
16.10.2025 09:27:08 - End Mach number: 0.78
16.10.2025 09:27:08 - *********************************************************
16.10.2025 09:27:08 - Calculation mode:     5 in mission segment: 10
16.10.2025 09:27:08 - Current altitude:     33000 ft.
16.10.2025 09:27:08 - Current range:        151.099 NM.
16.10.2025 09:27:08 - Current Mach number:  0.78
16.10.2025 09:27:08 - Current CL:           0.5577
16.10.2025 09:27:08 - Current L/D:          17.3912
16.10.2025 09:27:08 - Cruise at constant Mach number ... 
16.10.2025 09:27:13 - *********************************************************
16.10.2025 09:27:13 - Calculation mode:     11 in mission segment: 11
16.10.2025 09:27:13 - Current altitude:     33000 ft.
16.10.2025 09:27:13 - Current range:        1238.61 NM.
16.10.2025 09:27:13 - Current Mach number:  0.78
16.10.2025 09:27:13 - Current CL:           0.520517
16.10.2025 09:27:13 - Current L/D:          17.5373
16.10.2025 09:27:13 - Climb or descend with constant CAS or Mach number (with constant ROC) ...
16.10.2025 09:27:13 - Climb step:           16.3934 ft.
16.10.2025 09:27:13 - Start altitude:       33000 ft.
16.10.2025 09:27:13 - End altitude:         35000 ft.
16.10.2025 09:27:13 - *********************************************************
16.10.2025 09:27:13 - Calculation mode:     5 in mission segment: 12
16.10.2025 09:27:13 - Current altitude:     35000 ft.
16.10.2025 09:27:13 - Current range:        1288.79 NM.
16.10.2025 09:27:13 - Current Mach number:  0.78
16.10.2025 09:27:13 - Current CL:           0.569752
16.10.2025 09:27:13 - Current L/D:          17.2955
16.10.2025 09:27:13 - Cruise at constant Mach number ... 
16.10.2025 09:27:18 - *********************************************************
16.10.2025 09:27:18 - Calculation mode:     6 in mission segment: 13
16.10.2025 09:27:18 - Current altitude:     35000 ft.
16.10.2025 09:27:18 - Current range:        2335.39 NM.
16.10.2025 09:27:18 - Current Mach number:  0.78
16.10.2025 09:27:18 - Current CL:           0.53297
16.10.2025 09:27:18 - Current L/D:          17.5132
16.10.2025 09:27:18 - Descend to 10.000 ft ... 
16.10.2025 09:27:18 - Climb or descend with constant CAS or Mach number ...
16.10.2025 09:27:18 - Descent step:         -16.3934 ft.
16.10.2025 09:27:18 - Start altitude:       35000 ft.
16.10.2025 09:27:18 - End altitude:         10000 ft.
16.10.2025 09:27:18 - Transition altitude:  29315 ft.
16.10.2025 09:27:21 - *********************************************************
16.10.2025 09:27:21 - Calculation mode:     8 in mission segment: 14
16.10.2025 09:27:21 - Current altitude:     10000 ft.
16.10.2025 09:27:21 - Current range:        2410.26 NM.
16.10.2025 09:27:21 - Current Mach number:  0.541046
16.10.2025 09:27:21 - Current CL:           0.377792
16.10.2025 09:27:21 - Current L/D:          16.5812
16.10.2025 09:27:21 - Change speed with constant ROC ... 
16.10.2025 09:27:21 - Acceleration step CAS: -0.961538 kts
16.10.2025 09:27:21 - Start speed CAS: 300 kts
16.10.2025 09:27:21 - End speed CAS: 250 kts
16.10.2025 09:27:21 - *********************************************************
16.10.2025 09:27:21 - Calculation mode:     7 in mission segment: 15
16.10.2025 09:27:21 - Current altitude:     10000 ft.
16.10.2025 09:27:21 - Current range:        2415.49 NM.
16.10.2025 09:27:21 - Current Mach number:  0.45227
16.10.2025 09:27:21 - Current CL:           0.541478
16.10.2025 09:27:21 - Current L/D:          18.9554
16.10.2025 09:27:21 - Approach to landing ... 
16.10.2025 09:27:21 - Climb or descend with constant CAS or Mach number ...
16.10.2025 09:27:21 - Descent step:         -16.3934 ft.
16.10.2025 09:27:21 - Start altitude:       10000 ft.
16.10.2025 09:27:21 - End altitude:         3000 ft.
16.10.2025 09:27:22 - *********************************************************
16.10.2025 09:27:22 - Calculation mode:     8 in mission segment: 16
16.10.2025 09:27:22 - Current altitude:     3000 ft.
16.10.2025 09:27:22 - Current range:        2437.47 NM.
16.10.2025 09:27:22 - Current Mach number:  0.398429
16.10.2025 09:27:22 - Current CL:           0.533962
16.10.2025 09:27:22 - Current L/D:          15.8454
16.10.2025 09:27:22 - Change speed with constant ROC ... 
16.10.2025 09:27:22 - Acceleration step CAS: -0.963858 kts
16.10.2025 09:27:22 - Start speed CAS: 250 kts
16.10.2025 09:27:22 - End speed CAS: 170 kts
16.10.2025 09:27:22 - *********************************************************
16.10.2025 09:27:22 - Calculation mode:     10 in mission segment: 17
16.10.2025 09:27:22 - Current altitude:     3000 ft.
16.10.2025 09:27:22 - Current range:        2439.87 NM.
16.10.2025 09:27:22 - Current Mach number:  0.271213
16.10.2025 09:27:22 - Current CL:           1.15373
16.10.2025 09:27:22 - Current L/D:          9.4948
16.10.2025 09:27:22 - Glideslope Interception ... 
16.10.2025 09:27:22 - *********************************************************
16.10.2025 09:27:22 - Calculation mode:     8 in mission segment: 18
16.10.2025 09:27:22 - Current altitude:     3000 ft.
16.10.2025 09:27:22 - Current range:        2440.58 NM.
16.10.2025 09:27:22 - Current Mach number:  0.271213
16.10.2025 09:27:22 - Current CL:           1.15353
16.10.2025 09:27:22 - Current L/D:          8.66841
16.10.2025 09:27:22 - Change speed with constant ROC ... 
16.10.2025 09:27:22 - Acceleration step CAS: -0.957112 kts
16.10.2025 09:27:22 - Start speed CAS: 170 kts
16.10.2025 09:27:22 - End speed CAS: 136.501 kts
16.10.2025 09:27:22 - *********************************************************
16.10.2025 09:27:22 - Calculation mode:     7 in mission segment: 19
16.10.2025 09:27:22 - Current altitude:     2497.53 ft.
16.10.2025 09:27:22 - Current range:        2442.16 NM.
16.10.2025 09:27:22 - Current Mach number:  0.215858
16.10.2025 09:27:22 - Current CL:           1.78485
16.10.2025 09:27:22 - Current L/D:          8.84524
16.10.2025 09:27:22 - Approach to landing ... 
16.10.2025 09:27:22 - Climb or descend with constant CAS or Mach number ...
16.10.2025 09:27:22 - Descent step:         -16.353 ft.
16.10.2025 09:27:22 - Start altitude:       2497.53 ft.
16.10.2025 09:27:22 - End altitude:         1500 ft.
16.10.2025 09:27:23 - *********************************************************
16.10.2025 09:27:23 - Calculation mode:     8 in mission segment: 20
16.10.2025 09:27:23 - Current altitude:     1500 ft.
16.10.2025 09:27:23 - Current range:        2445.29 NM.
16.10.2025 09:27:23 - Current Mach number:  0.211992
16.10.2025 09:27:23 - Current CL:           1.7832
16.10.2025 09:27:23 - Current L/D:          8.84723
16.10.2025 09:27:23 - Change speed with constant ROC ... 
16.10.2025 09:27:23 - Acceleration step CAS: -0.833333 kts
16.10.2025 09:27:23 - Start speed CAS: 136.501 kts
16.10.2025 09:27:23 - End speed CAS: 131.501 kts
16.10.2025 09:27:23 - *********************************************************
16.10.2025 09:27:23 - Calculation mode:     7 in mission segment: 21
16.10.2025 09:27:23 - Current altitude:     1426 ft.
16.10.2025 09:27:23 - Current range:        2445.52 NM.
16.10.2025 09:27:23 - Current Mach number:  0.203959
16.10.2025 09:27:23 - Current CL:           1.92118
16.10.2025 09:27:23 - Current L/D:          9.19416
16.10.2025 09:27:23 - Approach to landing ... 
16.10.2025 09:27:23 - Climb or descend with constant CAS or Mach number ...
16.10.2025 09:27:23 - Descent step:         -16.3846 ft.
16.10.2025 09:27:23 - Start altitude:       1426 ft.
16.10.2025 09:27:23 - End altitude:         1000 ft.
16.10.2025 09:27:23 - *********************************************************
16.10.2025 09:27:23 - Calculation mode:     7 in mission segment: 22
16.10.2025 09:27:23 - Current altitude:     1000 ft.
16.10.2025 09:27:23 - Current range:        2446.86 NM.
16.10.2025 09:27:23 - Current Mach number:  0.202398
16.10.2025 09:27:23 - Current CL:           1.92046
16.10.2025 09:27:23 - Current L/D:          9.1953
16.10.2025 09:27:23 - Approach to landing ... 
16.10.2025 09:27:23 - Climb or descend with constant CAS or Mach number ...
16.10.2025 09:27:23 - Descent step:         -16.3793 ft.
16.10.2025 09:27:23 - Start altitude:       1000 ft.
16.10.2025 09:27:23 - End altitude:         50 ft.
16.10.2025 09:27:23 - *********************************************************
16.10.2025 09:27:23 - Calculation mode:     9 in mission segment: 23
16.10.2025 09:27:23 - Current altitude:     50 ft.
16.10.2025 09:27:23 - Current range:        2449.84 NM.
16.10.2025 09:27:23 - Current Mach number:  0.198975
16.10.2025 09:27:23 - Current CL:           1.91885
16.10.2025 09:27:23 - Current L/D:          9.19778
16.10.2025 09:27:23 - Landing ... 
16.10.2025 09:27:23 - Climb or descend with constant CAS or Mach number ...
16.10.2025 09:27:23 - Descent step:         -12.5 ft.
16.10.2025 09:27:23 - Start altitude:       50 ft.
16.10.2025 09:27:23 - End altitude:         0 ft.
16.10.2025 09:27:23 - Touchdown after 2450 NM
16.10.2025 09:27:23 - Rolling on the runway during the reaction time ...
16.10.2025 09:27:23 - Braking to taxi speed (15 kts) ...
16.10.2025 09:27:23 - Activate thrust reverser until deactivation speed (80 kts) is reached...
16.10.2025 09:27:23 - ... deactivation speed reached after 548.67 m: Deactivate thrust reverser.
16.10.2025 09:27:23 - Ground Run Distance: 778.771 m.
16.10.2025 09:27:23 - Landing Distance: 1281.34 m.
16.10.2025 09:27:23 - ---------- Reserve Fuel ----------
16.10.2025 09:27:23 -   - Contingency fuel: 349.8 kg
16.10.2025 09:27:23 -   - Additional Fuel: 0 kg
16.10.2025 09:27:23 -   - Final Reserve: 848.91 kg
16.10.2025 09:27:23 -   - Alternate Fuel: 1509.55 kg
16.10.2025 09:27:23 - ----------------------------------
16.10.2025 09:27:23 - Current altitude:    0 ft.
16.10.2025 09:27:23 - Current range:       2450.53 NM.
16.10.2025 09:27:23 - Cruise Step Profile: 
16.10.2025 09:27:23 -   FL   | rel. Step Length | End Mass [kg]
16.10.2025 09:27:23 - 330.00 |        0.50      | 70101.70
16.10.2025 09:27:23 - 350.00 |        1.00      | 65317.70
16.10.2025 09:27:23 - CL_cruise: Average = 0.55, Max = 0.59, Min = 0.52
16.10.2025 09:27:23 - Mass (TOC) = 75154.22 kg; Mass (TOD) = 65317.70 kg
16.10.2025 09:27:23 - (TOC reached after 143.21 NM; TOD reached after 2335.39 NM)
16.10.2025 09:27:30 - WARNING: Stall! CLmax exceeded!
16.10.2025 09:27:30 - WARNING: CL = 0.74
16.10.2025 09:27:30 - WARNING: CL_max = 0.49
16.10.2025 09:27:30 - WARNING: CL (last valid ID) = 0.49
16.10.2025 09:27:30 - WARNING: Stall! CLmax exceeded!
16.10.2025 09:27:30 - WARNING: CL = 0.74
16.10.2025 09:27:30 - WARNING: CL_max = 0.49
16.10.2025 09:27:30 - WARNING: CL (last valid ID) = 0.49
16.10.2025 09:27:30 - WARNING: Stall! CLmax exceeded!
16.10.2025 09:27:30 - WARNING: CL = 0.74
16.10.2025 09:27:30 - WARNING: CL_max = 0.49
16.10.2025 09:27:30 - WARNING: CL (last valid ID) = 0.49
16.10.2025 09:27:31 - CSS code written to style.css successfully.
16.10.2025 09:27:31 - Finish mission_analysis
*******************************************************************************
16.10.2025 09:27:39 - Start mission_analysis
16.10.2025 09:27:39 - Read aerodynamic data from file: C:/Programs/UNICADOworkflow/workingDirectoryRCE/UNICADOworkflow_2025-10-16_09-20-18_13/UNICADO-SMR-01/aero_data/SMR-01_design_trimmed_polar.xml
16.10.2025 09:27:39 - [MODULE RUNTIMEINFO] - mission_analysis
16.10.2025 09:27:39 -    [CONSOLE  ] - [ON]
16.10.2025 09:27:39 -    [LOG      ] - [ON]
16.10.2025 09:27:39 -    [PLOT     ] - [OFF]
16.10.2025 09:27:39 -       [COPY  ] - [ON]
16.10.2025 09:27:39 -       [DELETE] - [ON]
16.10.2025 09:27:39 -    [REPORT   ] - [OFF]
16.10.2025 09:27:39 -    [TEX      ] - [OFF]
16.10.2025 09:27:39 -    [INFOFILES] - [OFF]
16.10.2025 09:27:39 -    [GNUPLOT]
16.10.2025 09:27:39 -       [PATH    ] - C:/Programs/UNICADOworkflow/gnuplot
16.10.2025 09:27:39 -       [FILENAME] - 
16.10.2025 09:27:39 -    [INKSCAPE]
16.10.2025 09:27:39 -       [PATH    ] - C:/Programs/UNICADOworkflow/inkscape
16.10.2025 09:27:39 -       [FILENAME] - 
16.10.2025 09:27:39 -    [LOGFILE]
16.10.2025 09:27:39 -       [PATH    ] - C:/Programs/UNICADOworkflow/workingDirectoryRCE/UNICADOworkflow_2025-10-16_09-20-18_13
16.10.2025 09:27:39 -       [FILENAME] - mission_analysis.log
16.10.2025 09:27:39 -    [IO/ACXML]
16.10.2025 09:27:39 -       [PATH    ] - C:/Programs/UNICADOworkflow/workingDirectoryRCE/UNICADOworkflow_2025-10-16_09-20-18_13/UNICADO-SMR-01
16.10.2025 09:27:39 -       [FILENAME] - UNICADO-SMR-01.xml
16.10.2025 09:27:39 -    [MODCONFIG]
16.10.2025 09:27:39 -       [PATH    ] - ../workingDirectoryRCE/UNICADOworkflow_2025-10-16_09-20-18_13
16.10.2025 09:27:39 -       [FILENAME] - mission_analysis_conf.xml
16.10.2025 09:27:39 - Checking directory... [REPORT]
16.10.2025 09:27:39 - Checking directory... [TEX]
16.10.2025 09:27:39 - Checking directory... [LOGFILES]
16.10.2025 09:27:39 - WARNING: Node to read not existing ... analysis/masses_cg_inertia/study_mission/takeoff_mass/mass_properties/center_of_gravity/x
16.10.2025 09:27:39 - Range Descent: 111.982 NM from altitude: 35000 ft
16.10.2025 09:27:39 - Range Cruise: 688.018 NM (for total distance: 800 NM).
16.10.2025 09:27:39 - Taxi fuel: 322.692 kg
16.10.2025 09:27:39 - Extra Fuel: 0 kg
16.10.2025 09:27:39 - ******************* Estimate initial trip fuel mass *************************
16.10.2025 09:27:39 - ---------- Reserve Fuel ----------
16.10.2025 09:27:39 -   - Contingency fuel: 134.71 kg
16.10.2025 09:27:39 -   - Additional Fuel: 0 kg
16.10.2025 09:27:39 -   - Final Reserve: 813.93 kg
16.10.2025 09:27:39 -   - Alternate Fuel: 1484.92 kg
16.10.2025 09:27:39 - ----------------------------------
16.10.2025 09:27:39 - An avg. Cruise-CL has not yet been determined. Use CL_optCruise for L/D calculation.
16.10.2025 09:27:39 - Trip fuel: 3716.8 kg
16.10.2025 09:27:39 - ---------- Reserve Fuel ----------
16.10.2025 09:27:39 -   - Contingency fuel: 134.71 kg
16.10.2025 09:27:39 -   - Additional Fuel: 0 kg
16.10.2025 09:27:39 -   - Final Reserve: 813.93 kg
16.10.2025 09:27:39 -   - Alternate Fuel: 1484.92 kg
16.10.2025 09:27:39 - ----------------------------------
16.10.2025 09:27:39 - Starting mission calculation with a TOM = 63664.7 kg.
16.10.2025 09:27:39 - *********************************************************
16.10.2025 09:27:39 - Calculation mode:     1 in mission segment: 1
16.10.2025 09:27:39 - Current altitude:     0 ft.
16.10.2025 09:27:39 - Current range:        0 NM.
16.10.2025 09:27:39 - Current Mach number:  0
16.10.2025 09:27:39 - Current CL:           0
16.10.2025 09:27:39 - Current L/D:          0
16.10.2025 09:27:39 - Take-off calculation ...
16.10.2025 09:27:40 - Lift-off speed: 66.4725 m/s.
16.10.2025 09:27:40 - Lift-off thrust:   194.596 kN.
16.10.2025 09:27:40 - Lift-off distance: 770.564 m.
16.10.2025 09:27:40 - Climb or descend with constant CAS or Mach number ...
16.10.2025 09:27:40 - Climb step:           11.6667 ft.
16.10.2025 09:27:40 - Start altitude:       0 ft.
16.10.2025 09:27:40 - End altitude:         35 ft.
16.10.2025 09:27:40 - Takeoff distance total: 817.236 m.
16.10.2025 09:27:40 - *********************************************************
16.10.2025 09:27:40 - Calculation mode:     3 in mission segment: 2
16.10.2025 09:27:40 - Current altitude:     35 ft.
16.10.2025 09:27:40 - Current range:        0.441272 NM.
16.10.2025 09:27:40 - Current Mach number:  0.195459
16.10.2025 09:27:40 - Current CL:           1.89893
16.10.2025 09:27:40 - Current L/D:          10.9655
16.10.2025 09:27:40 - Climb or descend with constant CAS or Mach number ...
16.10.2025 09:27:40 - Climb step:           16.2778 ft.
16.10.2025 09:27:40 - Start altitude:       35 ft.
16.10.2025 09:27:40 - End altitude:         1500 ft.
16.10.2025 09:27:40 - *********************************************************
16.10.2025 09:27:40 - Calculation mode:     3 in mission segment: 3
16.10.2025 09:27:40 - Current altitude:     1500 ft.
16.10.2025 09:27:40 - Current range:        1.57044 NM.
16.10.2025 09:27:40 - Current Mach number:  0.200679
16.10.2025 09:27:40 - Current CL:           1.90683
16.10.2025 09:27:40 - Current L/D:          13.1999
16.10.2025 09:27:40 - Climb or descend with constant CAS or Mach number ...
16.10.2025 09:27:40 - Climb step:           16.3043 ft.
16.10.2025 09:27:40 - Start altitude:       1500 ft.
16.10.2025 09:27:40 - End altitude:         3000 ft.
16.10.2025 09:27:41 - *********************************************************
16.10.2025 09:27:41 - Calculation mode:     2 in mission segment: 4
16.10.2025 09:27:41 - Current altitude:     3000 ft.
16.10.2025 09:27:41 - Current range:        2.80433 NM.
16.10.2025 09:27:41 - Current Mach number:  0.206222
16.10.2025 09:27:41 - Current CL:           1.91114
16.10.2025 09:27:41 - Current L/D:          13.1658
16.10.2025 09:27:41 - Change speed with constant ROC ... 
16.10.2025 09:27:41 - Acceleration step CAS: 0.961759 kts
16.10.2025 09:27:41 - Start speed CAS: 129.212 kts
16.10.2025 09:27:41 - End speed CAS: 210 kts
16.10.2025 09:27:41 - *********************************************************
16.10.2025 09:27:41 - Calculation mode:     2 in mission segment: 5
16.10.2025 09:27:41 - Current altitude:     3547.53 ft.
16.10.2025 09:27:41 - Current range:        4.40532 NM.
16.10.2025 09:27:41 - Current Mach number:  0.338181
16.10.2025 09:27:41 - Current CL:           0.737307
16.10.2025 09:27:41 - Current L/D:          26.5795
16.10.2025 09:27:41 - Change speed with constant ROC ... 
16.10.2025 09:27:41 - Acceleration step CAS: 0.952385 kts
16.10.2025 09:27:41 - Start speed CAS: 210 kts
16.10.2025 09:27:41 - End speed CAS: 250 kts
16.10.2025 09:27:41 - *********************************************************
16.10.2025 09:27:41 - Calculation mode:     3 in mission segment: 6
16.10.2025 09:27:41 - Current altitude:     3908.37 ft.
16.10.2025 09:27:41 - Current range:        5.62038 NM.
16.10.2025 09:27:41 - Current Mach number:  0.404922
16.10.2025 09:27:41 - Current CL:           0.520975
16.10.2025 09:27:41 - Current L/D:          18.7653
16.10.2025 09:27:41 - Climb or descend with constant CAS or Mach number ...
16.10.2025 09:27:41 - Climb step:           16.3754 ft.
16.10.2025 09:27:41 - Start altitude:       3908.37 ft.
16.10.2025 09:27:41 - End altitude:         10000 ft.
16.10.2025 09:27:42 - *********************************************************
16.10.2025 09:27:42 - Calculation mode:     2 in mission segment: 7
16.10.2025 09:27:42 - Current altitude:     10000 ft.
16.10.2025 09:27:42 - Current range:        12.5586 NM.
16.10.2025 09:27:42 - Current Mach number:  0.45227
16.10.2025 09:27:42 - Current CL:           0.521574
16.10.2025 09:27:42 - Current L/D:          18.8171
16.10.2025 09:27:42 - Change speed with constant ROC ... 
16.10.2025 09:27:42 - Acceleration step CAS: 0.961538 kts
16.10.2025 09:27:42 - Start speed CAS: 250 kts
16.10.2025 09:27:42 - End speed CAS: 300 kts
16.10.2025 09:27:43 - *********************************************************
16.10.2025 09:27:43 - Calculation mode:     4 in mission segment: 8
16.10.2025 09:27:43 - Current altitude:     10140.2 ft.
16.10.2025 09:27:43 - Current range:        15.0364 NM.
16.10.2025 09:27:43 - Current Mach number:  0.542421
16.10.2025 09:27:43 - Current CL:           0.367223
16.10.2025 09:27:43 - Current L/D:          16.3279
16.10.2025 09:27:43 - Climb to cruise altitude ... 
16.10.2025 09:27:43 - Climb or descend with constant CAS or Mach number ...
16.10.2025 09:27:43 - Climb step:           16.3983 ft.
16.10.2025 09:27:43 - Start altitude:       10140.2 ft.
16.10.2025 09:27:43 - End altitude:         35000 ft.
16.10.2025 09:27:43 - Transition altitude:  27994.8 ft.
16.10.2025 09:27:47 - *********************************************************
16.10.2025 09:27:47 - Calculation mode:     2 in mission segment: 9
16.10.2025 09:27:47 - Current altitude:     35000 ft.
16.10.2025 09:27:47 - Current range:        110.158 NM.
16.10.2025 09:27:47 - Current Mach number:  0.76
16.10.2025 09:27:47 - Current CL:           0.537372
16.10.2025 09:27:47 - Current L/D:          17.8413
16.10.2025 09:27:47 - Change speed with constant ROC ... 
16.10.2025 09:27:47 - Acceleration step Mach: 0.004
16.10.2025 09:27:47 - Start Mach number: 0.76
16.10.2025 09:27:47 - End Mach number: 0.78
16.10.2025 09:27:47 - *********************************************************
16.10.2025 09:27:47 - Calculation mode:     5 in mission segment: 10
16.10.2025 09:27:47 - Current altitude:     35000 ft.
16.10.2025 09:27:47 - Current range:        114.186 NM.
16.10.2025 09:27:47 - Current Mach number:  0.78
16.10.2025 09:27:47 - Current CL:           0.510084
16.10.2025 09:27:47 - Current L/D:          17.5368
16.10.2025 09:27:47 - Cruise at constant Mach number ... 
16.10.2025 09:27:50 - *********************************************************
16.10.2025 09:27:50 - Calculation mode:     6 in mission segment: 11
16.10.2025 09:27:50 - Current altitude:     35000 ft.
16.10.2025 09:27:50 - Current range:        688.109 NM.
16.10.2025 09:27:50 - Current Mach number:  0.78
16.10.2025 09:27:50 - Current CL:           0.491799
16.10.2025 09:27:50 - Current L/D:          17.4914
16.10.2025 09:27:50 - Descend to 10.000 ft ... 
16.10.2025 09:27:50 - Climb or descend with constant CAS or Mach number ...
16.10.2025 09:27:50 - Descent step:         -16.3934 ft.
16.10.2025 09:27:50 - Start altitude:       35000 ft.
16.10.2025 09:27:50 - End altitude:         10000 ft.
16.10.2025 09:27:50 - Transition altitude:  29315 ft.
16.10.2025 09:27:55 - *********************************************************
16.10.2025 09:27:55 - Calculation mode:     8 in mission segment: 12
16.10.2025 09:27:55 - Current altitude:     10000 ft.
16.10.2025 09:27:55 - Current range:        760.465 NM.
16.10.2025 09:27:55 - Current Mach number:  0.541046
16.10.2025 09:27:55 - Current CL:           0.34853
16.10.2025 09:27:55 - Current L/D:          15.8574
16.10.2025 09:27:55 - Change speed with constant ROC ... 
16.10.2025 09:27:55 - Acceleration step CAS: -0.961538 kts
16.10.2025 09:27:55 - Start speed CAS: 300 kts
16.10.2025 09:27:55 - End speed CAS: 250 kts
16.10.2025 09:27:55 - *********************************************************
16.10.2025 09:27:55 - Calculation mode:     7 in mission segment: 13
16.10.2025 09:27:55 - Current altitude:     10000 ft.
16.10.2025 09:27:55 - Current range:        765.559 NM.
16.10.2025 09:27:55 - Current Mach number:  0.45227
16.10.2025 09:27:55 - Current CL:           0.499609
16.10.2025 09:27:55 - Current L/D:          18.6249
16.10.2025 09:27:55 - Approach to landing ... 
16.10.2025 09:27:55 - Climb or descend with constant CAS or Mach number ...
16.10.2025 09:27:55 - Descent step:         -16.3934 ft.
16.10.2025 09:27:55 - Start altitude:       10000 ft.
16.10.2025 09:27:55 - End altitude:         3000 ft.
16.10.2025 09:27:56 - *********************************************************
16.10.2025 09:27:56 - Calculation mode:     8 in mission segment: 14
16.10.2025 09:27:56 - Current altitude:     3000 ft.
16.10.2025 09:27:56 - Current range:        787.542 NM.
16.10.2025 09:27:56 - Current Mach number:  0.398429
16.10.2025 09:27:56 - Current CL:           0.492622
16.10.2025 09:27:56 - Current L/D:          15.7149
16.10.2025 09:27:56 - Change speed with constant ROC ... 
16.10.2025 09:27:56 - Acceleration step CAS: -0.963858 kts
16.10.2025 09:27:56 - Start speed CAS: 250 kts
16.10.2025 09:27:56 - End speed CAS: 170 kts
16.10.2025 09:27:56 - *********************************************************
16.10.2025 09:27:56 - Calculation mode:     10 in mission segment: 15
16.10.2025 09:27:56 - Current altitude:     3000 ft.
16.10.2025 09:27:56 - Current range:        789.84 NM.
16.10.2025 09:27:56 - Current Mach number:  0.271213
16.10.2025 09:27:56 - Current CL:           1.0644
16.10.2025 09:27:56 - Current L/D:          9.46011
16.10.2025 09:27:56 - Glideslope Interception ... 
16.10.2025 09:27:56 - *********************************************************
16.10.2025 09:27:56 - Calculation mode:     8 in mission segment: 16
16.10.2025 09:27:56 - Current altitude:     3000 ft.
16.10.2025 09:27:56 - Current range:        790.579 NM.
16.10.2025 09:27:56 - Current Mach number:  0.271213
16.10.2025 09:27:56 - Current CL:           1.0642
16.10.2025 09:27:56 - Current L/D:          8.40741
16.10.2025 09:27:56 - Change speed with constant ROC ... 
16.10.2025 09:27:56 - Acceleration step CAS: -0.957112 kts
16.10.2025 09:27:56 - Start speed CAS: 170 kts
16.10.2025 09:27:56 - End speed CAS: 136.501 kts
16.10.2025 09:27:57 - *********************************************************
16.10.2025 09:27:57 - Calculation mode:     7 in mission segment: 17
16.10.2025 09:27:57 - Current altitude:     2500.22 ft.
16.10.2025 09:27:57 - Current range:        792.148 NM.
16.10.2025 09:27:57 - Current Mach number:  0.215868
16.10.2025 09:27:57 - Current CL:           1.64661
16.10.2025 09:27:57 - Current L/D:          8.98206
16.10.2025 09:27:57 - Approach to landing ... 
16.10.2025 09:27:57 - Climb or descend with constant CAS or Mach number ...
16.10.2025 09:27:57 - Descent step:         -16.3971 ft.
16.10.2025 09:27:57 - Start altitude:       2500.22 ft.
16.10.2025 09:27:57 - End altitude:         1500 ft.
16.10.2025 09:27:57 - *********************************************************
16.10.2025 09:27:57 - Calculation mode:     8 in mission segment: 18
16.10.2025 09:27:57 - Current altitude:     1500 ft.
16.10.2025 09:27:57 - Current range:        795.289 NM.
16.10.2025 09:27:57 - Current Mach number:  0.211992
16.10.2025 09:27:57 - Current CL:           1.64508
16.10.2025 09:27:57 - Current L/D:          8.9832
16.10.2025 09:27:57 - Change speed with constant ROC ... 
16.10.2025 09:27:57 - Acceleration step CAS: -0.833333 kts
16.10.2025 09:27:57 - Start speed CAS: 136.501 kts
16.10.2025 09:27:57 - End speed CAS: 131.501 kts
16.10.2025 09:27:57 - *********************************************************
16.10.2025 09:27:57 - Calculation mode:     7 in mission segment: 19
16.10.2025 09:27:57 - Current altitude:     1420.9 ft.
16.10.2025 09:27:57 - Current range:        795.538 NM.
16.10.2025 09:27:57 - Current Mach number:  0.20394
16.10.2025 09:27:57 - Current CL:           1.77236
16.10.2025 09:27:57 - Current L/D:          9.39668
16.10.2025 09:27:57 - Approach to landing ... 
16.10.2025 09:27:57 - Climb or descend with constant CAS or Mach number ...
16.10.2025 09:27:57 - Descent step:         -16.1884 ft.
16.10.2025 09:27:57 - Start altitude:       1420.9 ft.
16.10.2025 09:27:57 - End altitude:         1000 ft.
16.10.2025 09:27:57 - *********************************************************
16.10.2025 09:27:57 - Calculation mode:     7 in mission segment: 20
16.10.2025 09:27:57 - Current altitude:     1000 ft.
16.10.2025 09:27:57 - Current range:        796.86 NM.
16.10.2025 09:27:57 - Current Mach number:  0.202398
16.10.2025 09:27:57 - Current CL:           1.7717
16.10.2025 09:27:57 - Current L/D:          9.39743
16.10.2025 09:27:57 - Approach to landing ... 
16.10.2025 09:27:57 - Climb or descend with constant CAS or Mach number ...
16.10.2025 09:27:57 - Descent step:         -16.3793 ft.
16.10.2025 09:27:57 - Start altitude:       1000 ft.
16.10.2025 09:27:57 - End altitude:         50 ft.
16.10.2025 09:27:57 - *********************************************************
16.10.2025 09:27:57 - Calculation mode:     9 in mission segment: 21
16.10.2025 09:27:57 - Current altitude:     50 ft.
16.10.2025 09:27:57 - Current range:        799.843 NM.
16.10.2025 09:27:57 - Current Mach number:  0.198975
16.10.2025 09:27:57 - Current CL:           1.77022
16.10.2025 09:27:57 - Current L/D:          9.39914
16.10.2025 09:27:57 - Landing ... 
16.10.2025 09:27:57 - Climb or descend with constant CAS or Mach number ...
16.10.2025 09:27:57 - Descent step:         -12.5 ft.
16.10.2025 09:27:57 - Start altitude:       50 ft.
16.10.2025 09:27:57 - End altitude:         0 ft.
16.10.2025 09:27:57 - Touchdown after 800 NM
16.10.2025 09:27:57 - Rolling on the runway during the reaction time ...
16.10.2025 09:27:57 - Braking to taxi speed (15 kts) ...
16.10.2025 09:27:57 - Activate thrust reverser until deactivation speed (80 kts) is reached...
16.10.2025 09:27:57 - ... deactivation speed reached after 564.73 m: Deactivate thrust reverser.
16.10.2025 09:27:57 - Ground Run Distance: 788.177 m.
16.10.2025 09:27:57 - Landing Distance: 1291.79 m.
16.10.2025 09:27:57 - ---------- Reserve Fuel ----------
16.10.2025 09:27:57 -   - Contingency fuel: 134.71 kg
16.10.2025 09:27:57 -   - Additional Fuel: 0 kg
16.10.2025 09:27:57 -   - Final Reserve: 813.93 kg
16.10.2025 09:27:57 -   - Alternate Fuel: 1484.92 kg
16.10.2025 09:27:57 - ----------------------------------
16.10.2025 09:27:57 - Current altitude:    0 ft.
16.10.2025 09:27:57 - Current range:       800.54 NM.
16.10.2025 09:27:57 - Cruise Step Profile: 
16.10.2025 09:27:57 -   FL   | rel. Step Length | End Mass [kg]
16.10.2025 09:27:57 - 350.00 |        1.00      | 60272.03
16.10.2025 09:27:57 - CL_cruise: Average = 0.50, Max = 0.54, Min = 0.49
16.10.2025 09:27:57 - Mass (TOC) = 62534.49 kg; Mass (TOD) = 60272.03 kg
16.10.2025 09:27:57 - (TOC reached after 110.16 NM; TOD reached after 688.11 NM)
16.10.2025 09:27:58 - Finish mission_analysis
*******************************************************************************
16.10.2025 09:28:04 - Start mission_analysis
16.10.2025 09:28:04 - Read aerodynamic data from file: C:/Programs/UNICADOworkflow/workingDirectoryRCE/UNICADOworkflow_2025-10-16_09-20-18_13/UNICADO-SMR-01/aero_data/SMR-01_design_trimmed_polar.xml
16.10.2025 09:28:04 - [MODULE RUNTIMEINFO] - mission_analysis
16.10.2025 09:28:04 -    [CONSOLE  ] - [ON]
16.10.2025 09:28:04 -    [LOG      ] - [ON]
16.10.2025 09:28:04 -    [PLOT     ] - [OFF]
16.10.2025 09:28:04 -       [COPY  ] - [ON]
16.10.2025 09:28:04 -       [DELETE] - [ON]
16.10.2025 09:28:04 -    [REPORT   ] - [OFF]
16.10.2025 09:28:04 -    [TEX      ] - [OFF]
16.10.2025 09:28:04 -    [INFOFILES] - [OFF]
16.10.2025 09:28:04 -    [GNUPLOT]
16.10.2025 09:28:04 -       [PATH    ] - C:/Programs/UNICADOworkflow/gnuplot
16.10.2025 09:28:04 -       [FILENAME] - 
16.10.2025 09:28:04 -    [INKSCAPE]
16.10.2025 09:28:04 -       [PATH    ] - C:/Programs/UNICADOworkflow/inkscape
16.10.2025 09:28:04 -       [FILENAME] - 
16.10.2025 09:28:04 -    [LOGFILE]
16.10.2025 09:28:04 -       [PATH    ] - C:/Programs/UNICADOworkflow/workingDirectoryRCE/UNICADOworkflow_2025-10-16_09-20-18_13
16.10.2025 09:28:04 -       [FILENAME] - mission_analysis.log
16.10.2025 09:28:04 -    [IO/ACXML]
16.10.2025 09:28:04 -       [PATH    ] - C:/Programs/UNICADOworkflow/workingDirectoryRCE/UNICADOworkflow_2025-10-16_09-20-18_13/UNICADO-SMR-01
16.10.2025 09:28:04 -       [FILENAME] - UNICADO-SMR-01.xml
16.10.2025 09:28:04 -    [MODCONFIG]
16.10.2025 09:28:04 -       [PATH    ] - ../workingDirectoryRCE/UNICADOworkflow_2025-10-16_09-20-18_13
16.10.2025 09:28:04 -       [FILENAME] - mission_analysis_conf.xml
16.10.2025 09:28:04 - Checking directory... [REPORT]
16.10.2025 09:28:04 - Checking directory... [TEX]
16.10.2025 09:28:04 - Checking directory... [LOGFILES]
16.10.2025 09:28:05 - Range Descent: 111.982 NM from altitude: 35000 ft
16.10.2025 09:28:05 - Range Cruise: 688.018 NM (for total distance: 800 NM).
16.10.2025 09:28:05 - Taxi fuel: 322.692 kg
16.10.2025 09:28:05 - Extra Fuel: 0 kg
16.10.2025 09:28:05 - Starting mission calculation with a TOM = 63678.1 kg.
16.10.2025 09:28:05 - *********************************************************
16.10.2025 09:28:05 - Calculation mode:     1 in mission segment: 1
16.10.2025 09:28:05 - Current altitude:     0 ft.
16.10.2025 09:28:05 - Current range:        0 NM.
16.10.2025 09:28:05 - Current Mach number:  0
16.10.2025 09:28:05 - Current CL:           0
16.10.2025 09:28:05 - Current L/D:          0
16.10.2025 09:28:05 - Take-off calculation ...
16.10.2025 09:28:05 - Lift-off speed: 66.4796 m/s.
16.10.2025 09:28:05 - Lift-off thrust:   194.592 kN.
16.10.2025 09:28:05 - Lift-off distance: 770.924 m.
16.10.2025 09:28:05 - Climb or descend with constant CAS or Mach number ...
16.10.2025 09:28:05 - Climb step:           11.6667 ft.
16.10.2025 09:28:05 - Start altitude:       0 ft.
16.10.2025 09:28:05 - End altitude:         35 ft.
16.10.2025 09:28:05 - Takeoff distance total: 817.613 m.
16.10.2025 09:28:05 - *********************************************************
16.10.2025 09:28:05 - Calculation mode:     3 in mission segment: 2
16.10.2025 09:28:05 - Current altitude:     35 ft.
16.10.2025 09:28:05 - Current range:        0.441476 NM.
16.10.2025 09:28:05 - Current Mach number:  0.19548
16.10.2025 09:28:05 - Current CL:           1.89896
16.10.2025 09:28:05 - Current L/D:          10.9653
16.10.2025 09:28:05 - Climb or descend with constant CAS or Mach number ...
16.10.2025 09:28:05 - Climb step:           16.2778 ft.
16.10.2025 09:28:05 - Start altitude:       35 ft.
16.10.2025 09:28:05 - End altitude:         1500 ft.
16.10.2025 09:28:06 - *********************************************************
16.10.2025 09:28:06 - Calculation mode:     3 in mission segment: 3
16.10.2025 09:28:06 - Current altitude:     1500 ft.
16.10.2025 09:28:06 - Current range:        1.57103 NM.
16.10.2025 09:28:06 - Current Mach number:  0.2007
16.10.2025 09:28:06 - Current CL:           1.90686
16.10.2025 09:28:06 - Current L/D:          13.1997
16.10.2025 09:28:06 - Climb or descend with constant CAS or Mach number ...
16.10.2025 09:28:06 - Climb step:           16.3043 ft.
16.10.2025 09:28:06 - Start altitude:       1500 ft.
16.10.2025 09:28:06 - End altitude:         3000 ft.
16.10.2025 09:28:06 - *********************************************************
16.10.2025 09:28:06 - Calculation mode:     2 in mission segment: 4
16.10.2025 09:28:06 - Current altitude:     3000 ft.
16.10.2025 09:28:06 - Current range:        2.80535 NM.
16.10.2025 09:28:06 - Current Mach number:  0.206243
16.10.2025 09:28:06 - Current CL:           1.91116
16.10.2025 09:28:06 - Current L/D:          13.1656
16.10.2025 09:28:06 - Change speed with constant ROC ... 
16.10.2025 09:28:06 - Acceleration step CAS: 0.961596 kts
16.10.2025 09:28:06 - Start speed CAS: 129.226 kts
16.10.2025 09:28:06 - End speed CAS: 210 kts
16.10.2025 09:28:06 - *********************************************************
16.10.2025 09:28:06 - Calculation mode:     2 in mission segment: 5
16.10.2025 09:28:06 - Current altitude:     3547.67 ft.
16.10.2025 09:28:06 - Current range:        4.4068 NM.
16.10.2025 09:28:06 - Current Mach number:  0.338182
16.10.2025 09:28:06 - Current CL:           0.737463
16.10.2025 09:28:06 - Current L/D:          26.5769
16.10.2025 09:28:06 - Change speed with constant ROC ... 
16.10.2025 09:28:06 - Acceleration step CAS: 0.952385 kts
16.10.2025 09:28:06 - Start speed CAS: 210 kts
16.10.2025 09:28:06 - End speed CAS: 250 kts
16.10.2025 09:28:07 - *********************************************************
16.10.2025 09:28:07 - Calculation mode:     3 in mission segment: 6
16.10.2025 09:28:07 - Current altitude:     3908.65 ft.
16.10.2025 09:28:07 - Current range:        5.62235 NM.
16.10.2025 09:28:07 - Current Mach number:  0.404924
16.10.2025 09:28:07 - Current CL:           0.521085
16.10.2025 09:28:07 - Current L/D:          18.7662
16.10.2025 09:28:07 - Climb or descend with constant CAS or Mach number ...
16.10.2025 09:28:07 - Climb step:           16.3746 ft.
16.10.2025 09:28:07 - Start altitude:       3908.65 ft.
16.10.2025 09:28:07 - End altitude:         10000 ft.
16.10.2025 09:28:08 - *********************************************************
16.10.2025 09:28:08 - Calculation mode:     2 in mission segment: 7
16.10.2025 09:28:08 - Current altitude:     10000 ft.
16.10.2025 09:28:08 - Current range:        12.5622 NM.
16.10.2025 09:28:08 - Current Mach number:  0.45227
16.10.2025 09:28:08 - Current CL:           0.521687
16.10.2025 09:28:08 - Current L/D:          18.8179
16.10.2025 09:28:08 - Change speed with constant ROC ... 
16.10.2025 09:28:08 - Acceleration step CAS: 0.961538 kts
16.10.2025 09:28:08 - Start speed CAS: 250 kts
16.10.2025 09:28:08 - End speed CAS: 300 kts
16.10.2025 09:28:08 - *********************************************************
16.10.2025 09:28:08 - Calculation mode:     4 in mission segment: 8
16.10.2025 09:28:08 - Current altitude:     10140.2 ft.
16.10.2025 09:28:08 - Current range:        15.0408 NM.
16.10.2025 09:28:08 - Current Mach number:  0.542421
16.10.2025 09:28:08 - Current CL:           0.367301
16.10.2025 09:28:08 - Current L/D:          16.3298
16.10.2025 09:28:08 - Climb to cruise altitude ... 
16.10.2025 09:28:08 - Climb or descend with constant CAS or Mach number ...
16.10.2025 09:28:08 - Climb step:           16.3983 ft.
16.10.2025 09:28:08 - Start altitude:       10140.2 ft.
16.10.2025 09:28:08 - End altitude:         35000 ft.
16.10.2025 09:28:08 - Transition altitude:  27994.8 ft.
16.10.2025 09:28:11 - *********************************************************
16.10.2025 09:28:11 - Calculation mode:     2 in mission segment: 9
16.10.2025 09:28:11 - Current altitude:     35000 ft.
16.10.2025 09:28:11 - Current range:        110.204 NM.
16.10.2025 09:28:11 - Current Mach number:  0.76
16.10.2025 09:28:11 - Current CL:           0.537484
16.10.2025 09:28:11 - Current L/D:          17.8411
16.10.2025 09:28:11 - Change speed with constant ROC ... 
16.10.2025 09:28:11 - Acceleration step Mach: 0.004
16.10.2025 09:28:11 - Start Mach number: 0.76
16.10.2025 09:28:11 - End Mach number: 0.78
16.10.2025 09:28:11 - *********************************************************
16.10.2025 09:28:11 - Calculation mode:     5 in mission segment: 10
16.10.2025 09:28:11 - Current altitude:     35000 ft.
16.10.2025 09:28:11 - Current range:        114.235 NM.
16.10.2025 09:28:11 - Current Mach number:  0.78
16.10.2025 09:28:11 - Current CL:           0.510191
16.10.2025 09:28:11 - Current L/D:          17.5368
16.10.2025 09:28:11 - Cruise at constant Mach number ... 
16.10.2025 09:28:14 - *********************************************************
16.10.2025 09:28:14 - Calculation mode:     6 in mission segment: 11
16.10.2025 09:28:14 - Current altitude:     35000 ft.
16.10.2025 09:28:14 - Current range:        688.101 NM.
16.10.2025 09:28:14 - Current Mach number:  0.78
16.10.2025 09:28:14 - Current CL:           0.491903
16.10.2025 09:28:14 - Current L/D:          17.4918
16.10.2025 09:28:14 - Descend to 10.000 ft ... 
16.10.2025 09:28:14 - Climb or descend with constant CAS or Mach number ...
16.10.2025 09:28:14 - Descent step:         -16.3934 ft.
16.10.2025 09:28:14 - Start altitude:       35000 ft.
16.10.2025 09:28:14 - End altitude:         10000 ft.
16.10.2025 09:28:14 - Transition altitude:  29315 ft.
16.10.2025 09:28:18 - *********************************************************
16.10.2025 09:28:18 - Calculation mode:     8 in mission segment: 12
16.10.2025 09:28:18 - Current altitude:     10000 ft.
16.10.2025 09:28:18 - Current range:        760.464 NM.
16.10.2025 09:28:18 - Current Mach number:  0.541046
16.10.2025 09:28:18 - Current CL:           0.348604
16.10.2025 09:28:18 - Current L/D:          15.8594
16.10.2025 09:28:18 - Change speed with constant ROC ... 
16.10.2025 09:28:18 - Acceleration step CAS: -0.961538 kts
16.10.2025 09:28:18 - Start speed CAS: 300 kts
16.10.2025 09:28:18 - End speed CAS: 250 kts
16.10.2025 09:28:18 - *********************************************************
16.10.2025 09:28:18 - Calculation mode:     7 in mission segment: 13
16.10.2025 09:28:18 - Current altitude:     10000 ft.
16.10.2025 09:28:18 - Current range:        765.559 NM.
16.10.2025 09:28:18 - Current Mach number:  0.45227
16.10.2025 09:28:18 - Current CL:           0.499716
16.10.2025 09:28:18 - Current L/D:          18.626
16.10.2025 09:28:18 - Approach to landing ... 
16.10.2025 09:28:18 - Climb or descend with constant CAS or Mach number ...
16.10.2025 09:28:18 - Descent step:         -16.3934 ft.
16.10.2025 09:28:18 - Start altitude:       10000 ft.
16.10.2025 09:28:18 - End altitude:         3000 ft.
16.10.2025 09:28:19 - *********************************************************
16.10.2025 09:28:19 - Calculation mode:     8 in mission segment: 14
16.10.2025 09:28:19 - Current altitude:     3000 ft.
16.10.2025 09:28:19 - Current range:        787.542 NM.
16.10.2025 09:28:19 - Current Mach number:  0.398429
16.10.2025 09:28:19 - Current CL:           0.492727
16.10.2025 09:28:19 - Current L/D:          15.7153
16.10.2025 09:28:19 - Change speed with constant ROC ... 
16.10.2025 09:28:19 - Acceleration step CAS: -0.963858 kts
16.10.2025 09:28:19 - Start speed CAS: 250 kts
16.10.2025 09:28:19 - End speed CAS: 170 kts
16.10.2025 09:28:19 - *********************************************************
16.10.2025 09:28:19 - Calculation mode:     10 in mission segment: 15
16.10.2025 09:28:19 - Current altitude:     3000 ft.
16.10.2025 09:28:19 - Current range:        789.84 NM.
16.10.2025 09:28:19 - Current Mach number:  0.271213
16.10.2025 09:28:19 - Current CL:           1.06462
16.10.2025 09:28:19 - Current L/D:          9.46024
16.10.2025 09:28:19 - Glideslope Interception ... 
16.10.2025 09:28:20 - *********************************************************
16.10.2025 09:28:20 - Calculation mode:     8 in mission segment: 16
16.10.2025 09:28:20 - Current altitude:     3000 ft.
16.10.2025 09:28:20 - Current range:        790.579 NM.
16.10.2025 09:28:20 - Current Mach number:  0.271213
16.10.2025 09:28:20 - Current CL:           1.06443
16.10.2025 09:28:20 - Current L/D:          8.40818
16.10.2025 09:28:20 - Change speed with constant ROC ... 
16.10.2025 09:28:20 - Acceleration step CAS: -0.957112 kts
16.10.2025 09:28:20 - Start speed CAS: 170 kts
16.10.2025 09:28:20 - End speed CAS: 136.501 kts
16.10.2025 09:28:20 - *********************************************************
16.10.2025 09:28:20 - Calculation mode:     7 in mission segment: 17
16.10.2025 09:28:20 - Current altitude:     2500.21 ft.
16.10.2025 09:28:20 - Current range:        792.148 NM.
16.10.2025 09:28:20 - Current Mach number:  0.215868
16.10.2025 09:28:20 - Current CL:           1.64696
16.10.2025 09:28:20 - Current L/D:          8.9818
16.10.2025 09:28:20 - Approach to landing ... 
16.10.2025 09:28:20 - Climb or descend with constant CAS or Mach number ...
16.10.2025 09:28:20 - Descent step:         -16.3968 ft.
16.10.2025 09:28:20 - Start altitude:       2500.21 ft.
16.10.2025 09:28:20 - End altitude:         1500 ft.
16.10.2025 09:28:20 - *********************************************************
16.10.2025 09:28:20 - Calculation mode:     8 in mission segment: 18
16.10.2025 09:28:20 - Current altitude:     1500 ft.
16.10.2025 09:28:20 - Current range:        795.289 NM.
16.10.2025 09:28:20 - Current Mach number:  0.211992
16.10.2025 09:28:20 - Current CL:           1.64543
16.10.2025 09:28:20 - Current L/D:          8.98294
16.10.2025 09:28:20 - Change speed with constant ROC ... 
16.10.2025 09:28:20 - Acceleration step CAS: -0.833333 kts
16.10.2025 09:28:20 - Start speed CAS: 136.501 kts
16.10.2025 09:28:20 - End speed CAS: 131.501 kts
16.10.2025 09:28:20 - *********************************************************
16.10.2025 09:28:20 - Calculation mode:     7 in mission segment: 19
16.10.2025 09:28:20 - Current altitude:     1420.91 ft.
16.10.2025 09:28:20 - Current range:        795.538 NM.
16.10.2025 09:28:20 - Current Mach number:  0.20394
16.10.2025 09:28:20 - Current CL:           1.77274
16.10.2025 09:28:20 - Current L/D:          9.39624
16.10.2025 09:28:20 - Approach to landing ... 
16.10.2025 09:28:20 - Climb or descend with constant CAS or Mach number ...
16.10.2025 09:28:20 - Descent step:         -16.1888 ft.
16.10.2025 09:28:20 - Start altitude:       1420.91 ft.
16.10.2025 09:28:20 - End altitude:         1000 ft.
16.10.2025 09:28:20 - *********************************************************
16.10.2025 09:28:20 - Calculation mode:     7 in mission segment: 20
16.10.2025 09:28:20 - Current altitude:     1000 ft.
16.10.2025 09:28:20 - Current range:        796.86 NM.
16.10.2025 09:28:20 - Current Mach number:  0.202398
16.10.2025 09:28:20 - Current CL:           1.77208
16.10.2025 09:28:20 - Current L/D:          9.397
16.10.2025 09:28:20 - Approach to landing ... 
16.10.2025 09:28:20 - Climb or descend with constant CAS or Mach number ...
16.10.2025 09:28:20 - Descent step:         -16.3793 ft.
16.10.2025 09:28:20 - Start altitude:       1000 ft.
16.10.2025 09:28:20 - End altitude:         50 ft.
16.10.2025 09:28:20 - *********************************************************
16.10.2025 09:28:20 - Calculation mode:     9 in mission segment: 21
16.10.2025 09:28:20 - Current altitude:     50 ft.
16.10.2025 09:28:20 - Current range:        799.843 NM.
16.10.2025 09:28:20 - Current Mach number:  0.198975
16.10.2025 09:28:20 - Current CL:           1.7706
16.10.2025 09:28:20 - Current L/D:          9.39871
16.10.2025 09:28:20 - Landing ... 
16.10.2025 09:28:20 - Climb or descend with constant CAS or Mach number ...
16.10.2025 09:28:20 - Descent step:         -12.5 ft.
16.10.2025 09:28:20 - Start altitude:       50 ft.
16.10.2025 09:28:20 - End altitude:         0 ft.
16.10.2025 09:28:20 - Touchdown after 800 NM
16.10.2025 09:28:20 - Rolling on the runway during the reaction time ...
16.10.2025 09:28:20 - Braking to taxi speed (15 kts) ...
16.10.2025 09:28:20 - Activate thrust reverser until deactivation speed (80 kts) is reached...
16.10.2025 09:28:20 - ... deactivation speed reached after 564.73 m: Deactivate thrust reverser.
16.10.2025 09:28:20 - Ground Run Distance: 788.166 m.
16.10.2025 09:28:20 - Landing Distance: 1291.77 m.
16.10.2025 09:28:20 - ---------- Reserve Fuel ----------
16.10.2025 09:28:20 -   - Contingency fuel: 134.71 kg
16.10.2025 09:28:20 -   - Additional Fuel: 0 kg
16.10.2025 09:28:20 -   - Final Reserve: 813.93 kg
16.10.2025 09:28:20 -   - Alternate Fuel: 1484.92 kg
16.10.2025 09:28:20 - ----------------------------------
16.10.2025 09:28:20 - Current altitude:    0 ft.
16.10.2025 09:28:20 - Current range:       800.54 NM.
16.10.2025 09:28:20 - Cruise Step Profile: 
16.10.2025 09:28:20 -   FL   | rel. Step Length | End Mass [kg]
16.10.2025 09:28:20 - 350.00 |        1.00      | 60284.86
16.10.2025 09:28:20 - CL_cruise: Average = 0.50, Max = 0.54, Min = 0.49
16.10.2025 09:28:20 - Mass (TOC) = 62547.53 kg; Mass (TOD) = 60284.86 kg
16.10.2025 09:28:20 - (TOC reached after 110.20 NM; TOD reached after 688.10 NM)
16.10.2025 09:28:21 - Finish mission_analysis
*******************************************************************************
16.10.2025 09:28:33 - Start mission_analysis
16.10.2025 09:28:34 - Read aerodynamic data from file: C:/Programs/UNICADOworkflow/workingDirectoryRCE/UNICADOworkflow_2025-10-16_09-20-18_13/UNICADO-SMR-01/aero_data/SMR-01_design_trimmed_polar.xml
16.10.2025 09:28:34 - [MODULE RUNTIMEINFO] - mission_analysis
16.10.2025 09:28:34 -    [CONSOLE  ] - [ON]
16.10.2025 09:28:34 -    [LOG      ] - [ON]
16.10.2025 09:28:34 -    [PLOT     ] - [ON]
16.10.2025 09:28:34 -       [COPY  ] - [ON]
16.10.2025 09:28:34 -       [DELETE] - [ON]
16.10.2025 09:28:34 -    [REPORT   ] - [ON]
16.10.2025 09:28:34 -    [TEX      ] - [ON]
16.10.2025 09:28:34 -    [INFOFILES] - [OFF]
16.10.2025 09:28:34 -    [GNUPLOT]
16.10.2025 09:28:34 -       [PATH    ] - C:/Programs/UNICADOworkflow/gnuplot
16.10.2025 09:28:34 -       [FILENAME] - 
16.10.2025 09:28:34 -    [INKSCAPE]
16.10.2025 09:28:34 -       [PATH    ] - C:/Programs/UNICADOworkflow/inkscape
16.10.2025 09:28:34 -       [FILENAME] - 
16.10.2025 09:28:34 -    [LOGFILE]
16.10.2025 09:28:34 -       [PATH    ] - C:/Programs/UNICADOworkflow/workingDirectoryRCE/UNICADOworkflow_2025-10-16_09-20-18_13
16.10.2025 09:28:34 -       [FILENAME] - mission_analysis.log
16.10.2025 09:28:34 -    [IO/ACXML]
16.10.2025 09:28:34 -       [PATH    ] - C:/Programs/UNICADOworkflow/workingDirectoryRCE/UNICADOworkflow_2025-10-16_09-20-18_13/UNICADO-SMR-01
16.10.2025 09:28:34 -       [FILENAME] - UNICADO-SMR-01.xml
16.10.2025 09:28:34 -    [MODCONFIG]
16.10.2025 09:28:34 -       [PATH    ] - ../workingDirectoryRCE/UNICADOworkflow_2025-10-16_09-20-18_13
16.10.2025 09:28:34 -       [FILENAME] - mission_analysis_conf.xml
16.10.2025 09:28:34 - Checking directory... [REPORT]
16.10.2025 09:28:34 - Checking directory... [TEX]
16.10.2025 09:28:34 - Checking directory... [HTML]
16.10.2025 09:28:34 - Checking directory... [PLOT]
16.10.2025 09:28:34 - Checking directory... [CSVFILES]
16.10.2025 09:28:34 - Checking directory... [CSVFILESTOOL]
16.10.2025 09:28:34 - Creating directory... [CSVFILESTOOL]
16.10.2025 09:28:34 - Checking directory... [PLOTFILES]
16.10.2025 09:28:34 - Checking directory... [PLOTFILESTOOL]
16.10.2025 09:28:34 - Creating directory... [PLOTFILESTOOL]
16.10.2025 09:28:34 - Checking directory... [LOGFILES]
16.10.2025 09:28:34 - WARNING: Node to read not existing ... analysis/masses_cg_inertia/study_mission/takeoff_mass/mass_properties/center_of_gravity/x
16.10.2025 09:28:34 - Range Descent: 111.982 NM from altitude: 35000 ft
16.10.2025 09:28:34 - Range Cruise: 688.018 NM (for total distance: 800 NM).
16.10.2025 09:28:34 - Taxi fuel: 322.692 kg
16.10.2025 09:28:34 - Extra Fuel: 0 kg
16.10.2025 09:28:34 - ******************* Estimate initial trip fuel mass *************************
16.10.2025 09:28:34 - ---------- Reserve Fuel ----------
16.10.2025 09:28:34 -   - Contingency fuel: 134.71 kg
16.10.2025 09:28:34 -   - Additional Fuel: 0 kg
16.10.2025 09:28:34 -   - Final Reserve: 813.93 kg
16.10.2025 09:28:34 -   - Alternate Fuel: 1484.92 kg
16.10.2025 09:28:34 - ----------------------------------
16.10.2025 09:28:34 - An avg. Cruise-CL has not yet been determined. Use CL_optCruise for L/D calculation.
16.10.2025 09:28:34 - Trip fuel: 3716.8 kg
16.10.2025 09:28:34 - ---------- Reserve Fuel ----------
16.10.2025 09:28:34 -   - Contingency fuel: 134.71 kg
16.10.2025 09:28:34 -   - Additional Fuel: 0 kg
16.10.2025 09:28:34 -   - Final Reserve: 813.93 kg
16.10.2025 09:28:34 -   - Alternate Fuel: 1484.92 kg
16.10.2025 09:28:34 - ----------------------------------
16.10.2025 09:28:34 - Starting mission calculation with a TOM = 63664.7 kg.
16.10.2025 09:28:34 - *********************************************************
16.10.2025 09:28:34 - Calculation mode:     1 in mission segment: 1
16.10.2025 09:28:34 - Current altitude:     0 ft.
16.10.2025 09:28:34 - Current range:        0 NM.
16.10.2025 09:28:34 - Current Mach number:  0
16.10.2025 09:28:34 - Current CL:           0
16.10.2025 09:28:34 - Current L/D:          0
16.10.2025 09:28:34 - Take-off calculation ...
16.10.2025 09:28:35 - Lift-off speed: 66.4725 m/s.
16.10.2025 09:28:35 - Lift-off thrust:   194.596 kN.
16.10.2025 09:28:35 - Lift-off distance: 770.564 m.
16.10.2025 09:28:35 - Climb or descend with constant CAS or Mach number ...
16.10.2025 09:28:35 - Climb step:           11.6667 ft.
16.10.2025 09:28:35 - Start altitude:       0 ft.
16.10.2025 09:28:35 - End altitude:         35 ft.
16.10.2025 09:28:35 - Takeoff distance total: 817.236 m.
16.10.2025 09:28:35 - *********************************************************
16.10.2025 09:28:35 - Calculation mode:     3 in mission segment: 2
16.10.2025 09:28:35 - Current altitude:     35 ft.
16.10.2025 09:28:35 - Current range:        0.441272 NM.
16.10.2025 09:28:35 - Current Mach number:  0.195459
16.10.2025 09:28:35 - Current CL:           1.89893
16.10.2025 09:28:35 - Current L/D:          10.9655
16.10.2025 09:28:35 - Climb or descend with constant CAS or Mach number ...
16.10.2025 09:28:35 - Climb step:           16.2778 ft.
16.10.2025 09:28:35 - Start altitude:       35 ft.
16.10.2025 09:28:35 - End altitude:         1500 ft.
16.10.2025 09:28:35 - *********************************************************
16.10.2025 09:28:35 - Calculation mode:     3 in mission segment: 3
16.10.2025 09:28:35 - Current altitude:     1500 ft.
16.10.2025 09:28:35 - Current range:        1.57044 NM.
16.10.2025 09:28:35 - Current Mach number:  0.200679
16.10.2025 09:28:35 - Current CL:           1.90683
16.10.2025 09:28:35 - Current L/D:          13.1999
16.10.2025 09:28:35 - Climb or descend with constant CAS or Mach number ...
16.10.2025 09:28:35 - Climb step:           16.3043 ft.
16.10.2025 09:28:35 - Start altitude:       1500 ft.
16.10.2025 09:28:35 - End altitude:         3000 ft.
16.10.2025 09:28:35 - *********************************************************
16.10.2025 09:28:35 - Calculation mode:     2 in mission segment: 4
16.10.2025 09:28:35 - Current altitude:     3000 ft.
16.10.2025 09:28:35 - Current range:        2.80433 NM.
16.10.2025 09:28:35 - Current Mach number:  0.206222
16.10.2025 09:28:35 - Current CL:           1.91114
16.10.2025 09:28:35 - Current L/D:          13.1658
16.10.2025 09:28:35 - Change speed with constant ROC ... 
16.10.2025 09:28:35 - Acceleration step CAS: 0.961759 kts
16.10.2025 09:28:35 - Start speed CAS: 129.212 kts
16.10.2025 09:28:35 - End speed CAS: 210 kts
16.10.2025 09:28:36 - *********************************************************
16.10.2025 09:28:36 - Calculation mode:     2 in mission segment: 5
16.10.2025 09:28:36 - Current altitude:     3547.53 ft.
16.10.2025 09:28:36 - Current range:        4.40532 NM.
16.10.2025 09:28:36 - Current Mach number:  0.338181
16.10.2025 09:28:36 - Current CL:           0.737307
16.10.2025 09:28:36 - Current L/D:          26.5795
16.10.2025 09:28:36 - Change speed with constant ROC ... 
16.10.2025 09:28:36 - Acceleration step CAS: 0.952385 kts
16.10.2025 09:28:36 - Start speed CAS: 210 kts
16.10.2025 09:28:36 - End speed CAS: 250 kts
16.10.2025 09:28:36 - *********************************************************
16.10.2025 09:28:36 - Calculation mode:     3 in mission segment: 6
16.10.2025 09:28:36 - Current altitude:     3908.37 ft.
16.10.2025 09:28:36 - Current range:        5.62038 NM.
16.10.2025 09:28:36 - Current Mach number:  0.404922
16.10.2025 09:28:36 - Current CL:           0.520975
16.10.2025 09:28:36 - Current L/D:          18.7653
16.10.2025 09:28:36 - Climb or descend with constant CAS or Mach number ...
16.10.2025 09:28:36 - Climb step:           16.3754 ft.
16.10.2025 09:28:36 - Start altitude:       3908.37 ft.
16.10.2025 09:28:36 - End altitude:         10000 ft.
16.10.2025 09:28:37 - *********************************************************
16.10.2025 09:28:37 - Calculation mode:     2 in mission segment: 7
16.10.2025 09:28:37 - Current altitude:     10000 ft.
16.10.2025 09:28:37 - Current range:        12.5586 NM.
16.10.2025 09:28:37 - Current Mach number:  0.45227
16.10.2025 09:28:37 - Current CL:           0.521574
16.10.2025 09:28:37 - Current L/D:          18.8171
16.10.2025 09:28:37 - Change speed with constant ROC ... 
16.10.2025 09:28:37 - Acceleration step CAS: 0.961538 kts
16.10.2025 09:28:37 - Start speed CAS: 250 kts
16.10.2025 09:28:37 - End speed CAS: 300 kts
16.10.2025 09:28:37 - *********************************************************
16.10.2025 09:28:37 - Calculation mode:     4 in mission segment: 8
16.10.2025 09:28:37 - Current altitude:     10140.2 ft.
16.10.2025 09:28:37 - Current range:        15.0364 NM.
16.10.2025 09:28:37 - Current Mach number:  0.542421
16.10.2025 09:28:37 - Current CL:           0.367223
16.10.2025 09:28:37 - Current L/D:          16.3279
16.10.2025 09:28:37 - Climb to cruise altitude ... 
16.10.2025 09:28:37 - Climb or descend with constant CAS or Mach number ...
16.10.2025 09:28:37 - Climb step:           16.3983 ft.
16.10.2025 09:28:37 - Start altitude:       10140.2 ft.
16.10.2025 09:28:37 - End altitude:         35000 ft.
16.10.2025 09:28:37 - Transition altitude:  27994.8 ft.
16.10.2025 09:28:42 - *********************************************************
16.10.2025 09:28:42 - Calculation mode:     2 in mission segment: 9
16.10.2025 09:28:42 - Current altitude:     35000 ft.
16.10.2025 09:28:42 - Current range:        110.158 NM.
16.10.2025 09:28:42 - Current Mach number:  0.76
16.10.2025 09:28:42 - Current CL:           0.537372
16.10.2025 09:28:42 - Current L/D:          17.8413
16.10.2025 09:28:42 - Change speed with constant ROC ... 
16.10.2025 09:28:42 - Acceleration step Mach: 0.004
16.10.2025 09:28:42 - Start Mach number: 0.76
16.10.2025 09:28:42 - End Mach number: 0.78
16.10.2025 09:28:42 - *********************************************************
16.10.2025 09:28:42 - Calculation mode:     5 in mission segment: 10
16.10.2025 09:28:42 - Current altitude:     35000 ft.
16.10.2025 09:28:42 - Current range:        114.186 NM.
16.10.2025 09:28:42 - Current Mach number:  0.78
16.10.2025 09:28:42 - Current CL:           0.510084
16.10.2025 09:28:42 - Current L/D:          17.5368
16.10.2025 09:28:42 - Cruise at constant Mach number ... 
16.10.2025 09:28:45 - *********************************************************
16.10.2025 09:28:45 - Calculation mode:     6 in mission segment: 11
16.10.2025 09:28:45 - Current altitude:     35000 ft.
16.10.2025 09:28:45 - Current range:        688.109 NM.
16.10.2025 09:28:45 - Current Mach number:  0.78
16.10.2025 09:28:45 - Current CL:           0.491799
16.10.2025 09:28:45 - Current L/D:          17.4914
16.10.2025 09:28:45 - Descend to 10.000 ft ... 
16.10.2025 09:28:45 - Climb or descend with constant CAS or Mach number ...
16.10.2025 09:28:45 - Descent step:         -16.3934 ft.
16.10.2025 09:28:45 - Start altitude:       35000 ft.
16.10.2025 09:28:45 - End altitude:         10000 ft.
16.10.2025 09:28:45 - Transition altitude:  29315 ft.
16.10.2025 09:28:49 - *********************************************************
16.10.2025 09:28:49 - Calculation mode:     8 in mission segment: 12
16.10.2025 09:28:49 - Current altitude:     10000 ft.
16.10.2025 09:28:49 - Current range:        760.465 NM.
16.10.2025 09:28:49 - Current Mach number:  0.541046
16.10.2025 09:28:49 - Current CL:           0.34853
16.10.2025 09:28:49 - Current L/D:          15.8574
16.10.2025 09:28:49 - Change speed with constant ROC ... 
16.10.2025 09:28:49 - Acceleration step CAS: -0.961538 kts
16.10.2025 09:28:49 - Start speed CAS: 300 kts
16.10.2025 09:28:49 - End speed CAS: 250 kts
16.10.2025 09:28:50 - *********************************************************
16.10.2025 09:28:50 - Calculation mode:     7 in mission segment: 13
16.10.2025 09:28:50 - Current altitude:     10000 ft.
16.10.2025 09:28:50 - Current range:        765.559 NM.
16.10.2025 09:28:50 - Current Mach number:  0.45227
16.10.2025 09:28:50 - Current CL:           0.499609
16.10.2025 09:28:50 - Current L/D:          18.6249
16.10.2025 09:28:50 - Approach to landing ... 
16.10.2025 09:28:50 - Climb or descend with constant CAS or Mach number ...
16.10.2025 09:28:50 - Descent step:         -16.3934 ft.
16.10.2025 09:28:50 - Start altitude:       10000 ft.
16.10.2025 09:28:50 - End altitude:         3000 ft.
16.10.2025 09:28:51 - *********************************************************
16.10.2025 09:28:51 - Calculation mode:     8 in mission segment: 14
16.10.2025 09:28:51 - Current altitude:     3000 ft.
16.10.2025 09:28:51 - Current range:        787.542 NM.
16.10.2025 09:28:51 - Current Mach number:  0.398429
16.10.2025 09:28:51 - Current CL:           0.492622
16.10.2025 09:28:51 - Current L/D:          15.7149
16.10.2025 09:28:51 - Change speed with constant ROC ... 
16.10.2025 09:28:51 - Acceleration step CAS: -0.963858 kts
16.10.2025 09:28:51 - Start speed CAS: 250 kts
16.10.2025 09:28:51 - End speed CAS: 170 kts
16.10.2025 09:28:51 - *********************************************************
16.10.2025 09:28:51 - Calculation mode:     10 in mission segment: 15
16.10.2025 09:28:51 - Current altitude:     3000 ft.
16.10.2025 09:28:51 - Current range:        789.84 NM.
16.10.2025 09:28:51 - Current Mach number:  0.271213
16.10.2025 09:28:51 - Current CL:           1.0644
16.10.2025 09:28:51 - Current L/D:          9.46011
16.10.2025 09:28:51 - Glideslope Interception ... 
16.10.2025 09:28:51 - *********************************************************
16.10.2025 09:28:51 - Calculation mode:     8 in mission segment: 16
16.10.2025 09:28:51 - Current altitude:     3000 ft.
16.10.2025 09:28:51 - Current range:        790.579 NM.
16.10.2025 09:28:51 - Current Mach number:  0.271213
16.10.2025 09:28:51 - Current CL:           1.0642
16.10.2025 09:28:51 - Current L/D:          8.40741
16.10.2025 09:28:51 - Change speed with constant ROC ... 
16.10.2025 09:28:51 - Acceleration step CAS: -0.957112 kts
16.10.2025 09:28:51 - Start speed CAS: 170 kts
16.10.2025 09:28:51 - End speed CAS: 136.501 kts
16.10.2025 09:28:51 - *********************************************************
16.10.2025 09:28:51 - Calculation mode:     7 in mission segment: 17
16.10.2025 09:28:51 - Current altitude:     2500.22 ft.
16.10.2025 09:28:51 - Current range:        792.148 NM.
16.10.2025 09:28:51 - Current Mach number:  0.215868
16.10.2025 09:28:51 - Current CL:           1.64661
16.10.2025 09:28:51 - Current L/D:          8.98206
16.10.2025 09:28:51 - Approach to landing ... 
16.10.2025 09:28:51 - Climb or descend with constant CAS or Mach number ...
16.10.2025 09:28:51 - Descent step:         -16.3971 ft.
16.10.2025 09:28:51 - Start altitude:       2500.22 ft.
16.10.2025 09:28:51 - End altitude:         1500 ft.
16.10.2025 09:28:52 - *********************************************************
16.10.2025 09:28:52 - Calculation mode:     8 in mission segment: 18
16.10.2025 09:28:52 - Current altitude:     1500 ft.
16.10.2025 09:28:52 - Current range:        795.289 NM.
16.10.2025 09:28:52 - Current Mach number:  0.211992
16.10.2025 09:28:52 - Current CL:           1.64508
16.10.2025 09:28:52 - Current L/D:          8.9832
16.10.2025 09:28:52 - Change speed with constant ROC ... 
16.10.2025 09:28:52 - Acceleration step CAS: -0.833333 kts
16.10.2025 09:28:52 - Start speed CAS: 136.501 kts
16.10.2025 09:28:52 - End speed CAS: 131.501 kts
16.10.2025 09:28:52 - *********************************************************
16.10.2025 09:28:52 - Calculation mode:     7 in mission segment: 19
16.10.2025 09:28:52 - Current altitude:     1420.9 ft.
16.10.2025 09:28:52 - Current range:        795.538 NM.
16.10.2025 09:28:52 - Current Mach number:  0.20394
16.10.2025 09:28:52 - Current CL:           1.77236
16.10.2025 09:28:52 - Current L/D:          9.39668
16.10.2025 09:28:52 - Approach to landing ... 
16.10.2025 09:28:52 - Climb or descend with constant CAS or Mach number ...
16.10.2025 09:28:52 - Descent step:         -16.1884 ft.
16.10.2025 09:28:52 - Start altitude:       1420.9 ft.
16.10.2025 09:28:52 - End altitude:         1000 ft.
16.10.2025 09:28:52 - *********************************************************
16.10.2025 09:28:52 - Calculation mode:     7 in mission segment: 20
16.10.2025 09:28:52 - Current altitude:     1000 ft.
16.10.2025 09:28:52 - Current range:        796.86 NM.
16.10.2025 09:28:52 - Current Mach number:  0.202398
16.10.2025 09:28:52 - Current CL:           1.7717
16.10.2025 09:28:52 - Current L/D:          9.39743
16.10.2025 09:28:52 - Approach to landing ... 
16.10.2025 09:28:52 - Climb or descend with constant CAS or Mach number ...
16.10.2025 09:28:52 - Descent step:         -16.3793 ft.
16.10.2025 09:28:52 - Start altitude:       1000 ft.
16.10.2025 09:28:52 - End altitude:         50 ft.
16.10.2025 09:28:52 - *********************************************************
16.10.2025 09:28:52 - Calculation mode:     9 in mission segment: 21
16.10.2025 09:28:52 - Current altitude:     50 ft.
16.10.2025 09:28:52 - Current range:        799.843 NM.
16.10.2025 09:28:52 - Current Mach number:  0.198975
16.10.2025 09:28:52 - Current CL:           1.77022
16.10.2025 09:28:52 - Current L/D:          9.39914
16.10.2025 09:28:52 - Landing ... 
16.10.2025 09:28:52 - Climb or descend with constant CAS or Mach number ...
16.10.2025 09:28:52 - Descent step:         -12.5 ft.
16.10.2025 09:28:52 - Start altitude:       50 ft.
16.10.2025 09:28:52 - End altitude:         0 ft.
16.10.2025 09:28:52 - Touchdown after 800 NM
16.10.2025 09:28:52 - Rolling on the runway during the reaction time ...
16.10.2025 09:28:52 - Braking to taxi speed (15 kts) ...
16.10.2025 09:28:52 - Activate thrust reverser until deactivation speed (80 kts) is reached...
16.10.2025 09:28:52 - ... deactivation speed reached after 564.73 m: Deactivate thrust reverser.
16.10.2025 09:28:52 - Ground Run Distance: 788.177 m.
16.10.2025 09:28:52 - Landing Distance: 1291.79 m.
16.10.2025 09:28:52 - ---------- Reserve Fuel ----------
16.10.2025 09:28:52 -   - Contingency fuel: 134.71 kg
16.10.2025 09:28:52 -   - Additional Fuel: 0 kg
16.10.2025 09:28:52 -   - Final Reserve: 813.93 kg
16.10.2025 09:28:52 -   - Alternate Fuel: 1484.92 kg
16.10.2025 09:28:52 - ----------------------------------
16.10.2025 09:28:52 - Current altitude:    0 ft.
16.10.2025 09:28:52 - Current range:       800.54 NM.
16.10.2025 09:28:52 - Cruise Step Profile: 
16.10.2025 09:28:52 -   FL   | rel. Step Length | End Mass [kg]
16.10.2025 09:28:52 - 350.00 |        1.00      | 60272.03
16.10.2025 09:28:52 - CL_cruise: Average = 0.50, Max = 0.54, Min = 0.49
16.10.2025 09:28:52 - Mass (TOC) = 62534.49 kg; Mass (TOD) = 60272.03 kg
16.10.2025 09:28:52 - (TOC reached after 110.16 NM; TOD reached after 688.11 NM)
16.10.2025 09:28:57 - WARNING: Stall! CLmax exceeded!
16.10.2025 09:28:57 - WARNING: CL = 0.74
16.10.2025 09:28:57 - WARNING: CL_max = 0.49
16.10.2025 09:28:57 - WARNING: CL (last valid ID) = 0.49
16.10.2025 09:28:58 - CSS code written to style.css successfully.
16.10.2025 09:28:58 - Finish mission_analysis
*******************************************************************************
16.10.2025 09:29:11 - Start mission_analysis
16.10.2025 09:29:11 - Read aerodynamic data from file: C:/Programs/UNICADOworkflow/workingDirectoryRCE/UNICADOworkflow_2025-10-16_09-20-18_13/UNICADO-SMR-01/aero_data/SMR-01_design_trimmed_polar.xml
16.10.2025 09:29:11 - [MODULE RUNTIMEINFO] - mission_analysis
16.10.2025 09:29:11 -    [CONSOLE  ] - [ON]
16.10.2025 09:29:11 -    [LOG      ] - [ON]
16.10.2025 09:29:11 -    [PLOT     ] - [ON]
16.10.2025 09:29:11 -       [COPY  ] - [ON]
16.10.2025 09:29:11 -       [DELETE] - [ON]
16.10.2025 09:29:11 -    [REPORT   ] - [ON]
16.10.2025 09:29:11 -    [TEX      ] - [ON]
16.10.2025 09:29:11 -    [INFOFILES] - [OFF]
16.10.2025 09:29:11 -    [GNUPLOT]
16.10.2025 09:29:11 -       [PATH    ] - C:/Programs/UNICADOworkflow/gnuplot
16.10.2025 09:29:11 -       [FILENAME] - 
16.10.2025 09:29:11 -    [INKSCAPE]
16.10.2025 09:29:11 -       [PATH    ] - C:/Programs/UNICADOworkflow/inkscape
16.10.2025 09:29:11 -       [FILENAME] - 
16.10.2025 09:29:11 -    [LOGFILE]
16.10.2025 09:29:11 -       [PATH    ] - C:/Programs/UNICADOworkflow/workingDirectoryRCE/UNICADOworkflow_2025-10-16_09-20-18_13
16.10.2025 09:29:11 -       [FILENAME] - mission_analysis.log
16.10.2025 09:29:11 -    [IO/ACXML]
16.10.2025 09:29:11 -       [PATH    ] - C:/Programs/UNICADOworkflow/workingDirectoryRCE/UNICADOworkflow_2025-10-16_09-20-18_13/UNICADO-SMR-01
16.10.2025 09:29:11 -       [FILENAME] - UNICADO-SMR-01.xml
16.10.2025 09:29:11 -    [MODCONFIG]
16.10.2025 09:29:11 -       [PATH    ] - ../workingDirectoryRCE/UNICADOworkflow_2025-10-16_09-20-18_13
16.10.2025 09:29:11 -       [FILENAME] - mission_analysis_conf.xml
16.10.2025 09:29:11 - Checking directory... [REPORT]
16.10.2025 09:29:11 - Checking directory... [TEX]
16.10.2025 09:29:11 - Checking directory... [HTML]
16.10.2025 09:29:11 - Checking directory... [PLOT]
16.10.2025 09:29:11 - Checking directory... [CSVFILES]
16.10.2025 09:29:11 - Checking directory... [CSVFILESTOOL]
16.10.2025 09:29:11 - Creating directory... [CSVFILESTOOL]
16.10.2025 09:29:11 - Checking directory... [PLOTFILES]
16.10.2025 09:29:11 - Checking directory... [PLOTFILESTOOL]
16.10.2025 09:29:11 - Creating directory... [PLOTFILESTOOL]
16.10.2025 09:29:11 - Checking directory... [LOGFILES]
16.10.2025 09:29:11 - WARNING: Node to read not existing ... analysis/masses_cg_inertia/requirements_mission/takeoff_mass/mass_properties/center_of_gravity/x
16.10.2025 09:29:11 - Range Descent: 0 NM from altitude: 33000 ft
16.10.2025 09:29:11 - Range Cruise: 2450 NM (for total distance: 2450 NM).
16.10.2025 09:29:11 - Taxi fuel: 322.692 kg
16.10.2025 09:29:11 - Extra Fuel: 0 kg
16.10.2025 09:29:11 - ******************* Estimate initial trip fuel mass *************************
16.10.2025 09:29:11 - ---------- Reserve Fuel ----------
16.10.2025 09:29:11 -   - Contingency fuel: 140.33 kg
16.10.2025 09:29:11 -   - Additional Fuel: 0 kg
16.10.2025 09:29:11 -   - Final Reserve: 847.76 kg
16.10.2025 09:29:11 -   - Alternate Fuel: 1511.59 kg
16.10.2025 09:29:11 - ----------------------------------
16.10.2025 09:29:11 - An avg. Cruise-CL has not yet been determined. Use CL_optCruise for L/D calculation.
16.10.2025 09:29:11 - Trip fuel: 11089.1 kg
16.10.2025 09:29:11 - ---------- Reserve Fuel ----------
16.10.2025 09:29:11 -   - Contingency fuel: 332.67 kg
16.10.2025 09:29:11 -   - Additional Fuel: 0 kg
16.10.2025 09:29:11 -   - Final Reserve: 849.18 kg
16.10.2025 09:29:11 -   - Alternate Fuel: 1512.58 kg
16.10.2025 09:29:11 - ----------------------------------
16.10.2025 09:29:11 - Starting mission calculation with a TOM = 76122.9 kg.
16.10.2025 09:29:11 - *********************************************************
16.10.2025 09:29:11 - Calculation mode:     1 in mission segment: 1
16.10.2025 09:29:11 - Current altitude:     0 ft.
16.10.2025 09:29:11 - Current range:        0 NM.
16.10.2025 09:29:11 - Current Mach number:  0
16.10.2025 09:29:11 - Current CL:           0
16.10.2025 09:29:11 - Current L/D:          0
16.10.2025 09:29:11 - Take-off calculation ...
16.10.2025 09:29:12 - Lift-off speed: 72.686 m/s.
16.10.2025 09:29:12 - Lift-off thrust:   191.161 kN.
16.10.2025 09:29:12 - Lift-off distance: 1146.42 m.
16.10.2025 09:29:12 - Climb or descend with constant CAS or Mach number ...
16.10.2025 09:29:12 - Climb step:           11.6667 ft.
16.10.2025 09:29:12 - Start altitude:       0 ft.
16.10.2025 09:29:12 - End altitude:         35 ft.
16.10.2025 09:29:12 - Takeoff distance total: 1210.03 m.
16.10.2025 09:29:12 - *********************************************************
16.10.2025 09:29:12 - Calculation mode:     3 in mission segment: 2
16.10.2025 09:29:12 - Current altitude:     35 ft.
16.10.2025 09:29:12 - Current range:        0.653366 NM.
16.10.2025 09:29:12 - Current Mach number:  0.213729
16.10.2025 09:29:12 - Current CL:           1.92088
16.10.2025 09:29:12 - Current L/D:          10.8676
16.10.2025 09:29:12 - Climb or descend with constant CAS or Mach number ...
16.10.2025 09:29:12 - Climb step:           16.2778 ft.
16.10.2025 09:29:12 - Start altitude:       35 ft.
16.10.2025 09:29:12 - End altitude:         1500 ft.
16.10.2025 09:29:12 - *********************************************************
16.10.2025 09:29:12 - Calculation mode:     3 in mission segment: 3
16.10.2025 09:29:12 - Current altitude:     1500 ft.
16.10.2025 09:29:12 - Current range:        2.17406 NM.
16.10.2025 09:29:12 - Current Mach number:  0.219426
16.10.2025 09:29:12 - Current CL:           1.92471
16.10.2025 09:29:12 - Current L/D:          13.0592
16.10.2025 09:29:12 - Climb or descend with constant CAS or Mach number ...
16.10.2025 09:29:12 - Climb step:           16.3043 ft.
16.10.2025 09:29:12 - Start altitude:       1500 ft.
16.10.2025 09:29:12 - End altitude:         3000 ft.
16.10.2025 09:29:13 - *********************************************************
16.10.2025 09:29:13 - Calculation mode:     2 in mission segment: 4
16.10.2025 09:29:13 - Current altitude:     3000 ft.
16.10.2025 09:29:13 - Current range:        3.84387 NM.
16.10.2025 09:29:13 - Current Mach number:  0.225474
16.10.2025 09:29:13 - Current CL:           1.92726
16.10.2025 09:29:13 - Current L/D:          13.0394
16.10.2025 09:29:13 - Change speed with constant ROC ... 
16.10.2025 09:29:13 - Acceleration step CAS: 0.967744 kts
16.10.2025 09:29:13 - Start speed CAS: 141.29 kts
16.10.2025 09:29:13 - End speed CAS: 210 kts
16.10.2025 09:29:13 - *********************************************************
16.10.2025 09:29:13 - Calculation mode:     2 in mission segment: 5
16.10.2025 09:29:13 - Current altitude:     3701.98 ft.
16.10.2025 09:29:13 - Current range:        5.96589 NM.
16.10.2025 09:29:13 - Current Mach number:  0.339123
16.10.2025 09:29:13 - Current CL:           0.881565
16.10.2025 09:29:13 - Current L/D:          23.9631
16.10.2025 09:29:13 - Change speed with constant ROC ... 
16.10.2025 09:29:13 - Acceleration step CAS: 0.952385 kts
16.10.2025 09:29:13 - Start speed CAS: 210 kts
16.10.2025 09:29:13 - End speed CAS: 250 kts
16.10.2025 09:29:13 - *********************************************************
16.10.2025 09:29:13 - Calculation mode:     3 in mission segment: 6
16.10.2025 09:29:13 - Current altitude:     4231.85 ft.
16.10.2025 09:29:13 - Current range:        7.75525 NM.
16.10.2025 09:29:13 - Current Mach number:  0.407268
16.10.2025 09:29:13 - Current CL:           0.623044
16.10.2025 09:29:13 - Current L/D:          19.1611
16.10.2025 09:29:13 - Climb or descend with constant CAS or Mach number ...
16.10.2025 09:29:13 - Climb step:           16.3868 ft.
16.10.2025 09:29:13 - Start altitude:       4231.85 ft.
16.10.2025 09:29:13 - End altitude:         10000 ft.
16.10.2025 09:29:14 - *********************************************************
16.10.2025 09:29:14 - Calculation mode:     2 in mission segment: 7
16.10.2025 09:29:14 - Current altitude:     10000 ft.
16.10.2025 09:29:14 - Current range:        16.2549 NM.
16.10.2025 09:29:14 - Current Mach number:  0.45227
16.10.2025 09:29:14 - Current CL:           0.625411
16.10.2025 09:29:14 - Current L/D:          19.2111
16.10.2025 09:29:14 - Change speed with constant ROC ... 
16.10.2025 09:29:14 - Acceleration step CAS: 0.961538 kts
16.10.2025 09:29:14 - Start speed CAS: 250 kts
16.10.2025 09:29:14 - End speed CAS: 300 kts
16.10.2025 09:29:14 - *********************************************************
16.10.2025 09:29:14 - Calculation mode:     50 in mission segment: 8
16.10.2025 09:29:14 - Current altitude:     10184 ft.
16.10.2025 09:29:14 - Current range:        19.5068 NM.
16.10.2025 09:29:14 - Current Mach number:  0.542851
16.10.2025 09:29:14 - Current CL:           0.438971
16.10.2025 09:29:14 - Current L/D:          17.7503
16.10.2025 09:29:14 - Climb over ICA to service ceiling (ISA + 0) ... 
16.10.2025 09:29:14 - Climb to cruise altitude ... 
16.10.2025 09:29:14 - Climb or descend with constant CAS or Mach number ...
16.10.2025 09:29:14 - Climb step:           16.4026 ft.
16.10.2025 09:29:14 - Start altitude:       10184 ft.
16.10.2025 09:29:14 - End altitude:         33000 ft.
16.10.2025 09:29:14 - Transition altitude:  27994.8 ft.

16.10.2025 09:29:18 - Flying maximum operating altitude ...
16.10.2025 09:29:18 - Climb Step:          8.20101 ft.
16.10.2025 09:29:18 - Total:               47000 ft.
16.10.2025 09:29:18 - Start altitude:      33000 ft.
16.10.2025 09:29:18 - End altitude:        80000 ft.
16.10.2025 09:29:18 - Transition altitude: 29463.9 ft.
16.10.2025 09:29:18 - Engine Rating:       maximum_continuous
16.10.2025 09:29:19 - Finish climb
16.10.2025 09:29:19 - maximum operating altitude: 36952.9 ft.

16.10.2025 09:29:19 - Flying absolute ceiling altitude ...
16.10.2025 09:29:19 - Climb Step:         8.20101 ft.
16.10.2025 09:29:19 - Total:               43047.1 ft.
16.10.2025 09:29:19 - Start altitude:      36952.9 ft.
16.10.2025 09:29:19 - End altitude:        80000 ft.
16.10.2025 09:29:19 - Transition altitude: 29463.9 ft.
16.10.2025 09:29:19 - Engine Rating:       maximum_continuous
16.10.2025 09:29:19 - Finish climb
16.10.2025 09:29:19 - absolute ceiling altitude: 37157.9 ft.

16.10.2025 09:29:19 - Flying maximum altitude with one engine inoperative ...
16.10.2025 09:29:19 - Climb Step:          8.20022 ft. Total:              29816 ft.
16.10.2025 09:29:19 - Start altitude:      10184 ft.
16.10.2025 09:29:19 - End altitude:        40000 ft.
16.10.2025 09:29:19 - Transition altitude: 29463.9 ft.
16.10.2025 09:29:19 - Engine Rating:       maximum_continuous
16.10.2025 09:29:22 - Finish climb
16.10.2025 09:29:22 - maximum altitude with one engine inoperative: 20098.1 ft.
16.10.2025 09:29:22 - ---------- Reserve Fuel ----------
16.10.2025 09:29:22 -   - Contingency fuel: 140.33 kg
16.10.2025 09:29:22 -   - Additional Fuel: 0 kg
16.10.2025 09:29:22 -   - Final Reserve: 847.76 kg
16.10.2025 09:29:22 -   - Alternate Fuel: 1511.59 kg
16.10.2025 09:29:22 - ----------------------------------

16.10.2025 09:29:22 - ******************* Requirement Mission Results ********************
16.10.2025 09:29:22 - ICA: 33000 ft.
16.10.2025 09:29:22 - ICA reached: Yes
16.10.2025 09:29:22 - time_1500ft_to_ICA: 21.7534 min.
16.10.2025 09:29:22 - time_start_to_ICA: 22.9145 min.
16.10.2025 09:29:22 - range_start_to_ICA: 143.705 NM
16.10.2025 09:29:22 - Fuel to ICA: 1468.67 kg
16.10.2025 09:29:22 - max_operating_altitude: 36952.9 ft.
16.10.2025 09:29:22 - max_ceiling_altitude: 37157.9 ft.
16.10.2025 09:29:22 - max_altitude_one_engine_inoperative: 20098.1 ft.
16.10.2025 09:29:22 - ********************************************************************
16.10.2025 09:29:22 - WARNING: Node to read not existing ... assessment/landing/needed_runway_length
16.10.2025 09:29:22 - WARNING: Node to read not existing ... assessment/performance/approach/approach_speed
16.10.2025 09:29:22 - CSS code written to style.css successfully.
16.10.2025 09:29:22 - Finish mission_analysis
