solid
facet normal -0.99826 -0.00420105 0.0588147
outer loop
vertex 12.4237 0 -1.23307
vertex 12.4245 -0.000969227 -1.2195
vertex 12.4237 1.97895 -1.09172
endloop
endfacet
facet normal -0.99826 -0.00420105 0.0588147
outer loop
vertex 12.4237 1.97895 -1.09172
vertex 12.4245 -0.000969227 -1.2195
vertex 12.4245 1.97798 -1.07815
endloop
endfacet
facet normal -0.986174 -0.0118066 0.165292
outer loop
vertex 12.4245 -0.000969227 -1.2195
vertex 12.4269 -0.00199132 -1.20519
vertex 12.4245 1.97798 -1.07815
endloop
endfacet
facet normal -0.986174 -0.0118066 0.165292
outer loop
vertex 12.4245 1.97798 -1.07815
vertex 12.4269 -0.00199132 -1.20519
vertex 12.4269 1.97696 -1.06384
endloop
endfacet
facet normal -0.965253 -0.0186181 0.260654
outer loop
vertex 12.4269 -0.00199132 -1.20519
vertex 12.4309 -0.00304866 -1.19039
vertex 12.4269 1.97696 -1.06384
endloop
endfacet
facet normal -0.965253 -0.0186181 0.260654
outer loop
vertex 12.4269 1.97696 -1.06384
vertex 12.4309 -0.00304866 -1.19039
vertex 12.4309 1.9759 -1.04904
endloop
endfacet
facet normal -0.937005 -0.0248878 0.348429
outer loop
vertex 12.4309 -0.00304866 -1.19039
vertex 12.4365 -0.00412362 -1.17534
vertex 12.4309 1.9759 -1.04904
endloop
endfacet
facet normal -0.937005 -0.0248878 0.348429
outer loop
vertex 12.4309 1.9759 -1.04904
vertex 12.4365 -0.00412362 -1.17534
vertex 12.4365 1.97483 -1.03399
endloop
endfacet
facet normal -0.901647 -0.0308124 0.431373
outer loop
vertex 12.4365 -0.00412362 -1.17534
vertex 12.4439 -0.0052162 -1.16004
vertex 12.4365 1.97483 -1.03399
endloop
endfacet
facet normal -0.901647 -0.0308124 0.431373
outer loop
vertex 12.4365 1.97483 -1.03399
vertex 12.4439 -0.0052162 -1.16004
vertex 12.4439 1.97374 -1.01869
endloop
endfacet
facet normal -0.853629 -0.0371113 0.519558
outer loop
vertex 12.4439 -0.0052162 -1.16004
vertex 12.4533 -0.00631319 -1.14469
vertex 12.4439 1.97374 -1.01869
endloop
endfacet
facet normal -0.853629 -0.0371113 0.519558
outer loop
vertex 12.4439 1.97374 -1.01869
vertex 12.4533 -0.00631319 -1.14469
vertex 12.4533 1.97264 -1.00333
endloop
endfacet
facet normal -0.795475 -0.0431747 0.604446
outer loop
vertex 12.4533 -0.00631319 -1.14469
vertex 12.4649 -0.00740577 -1.12939
vertex 12.4533 1.97264 -1.00333
endloop
endfacet
facet normal -0.795475 -0.0431747 0.604446
outer loop
vertex 12.4533 1.97264 -1.00333
vertex 12.4649 -0.00740577 -1.12939
vertex 12.4649 1.97155 -0.988037
endloop
endfacet
facet normal -0.729119 -0.0487605 0.682648
outer loop
vertex 12.4649 -0.00740577 -1.12939
vertex 12.4792 -0.00848955 -1.11422
vertex 12.4649 1.97155 -0.988037
endloop
endfacet
facet normal -0.729119 -0.0487605 0.682648
outer loop
vertex 12.4649 1.97155 -0.988037
vertex 12.4792 -0.00848955 -1.11422
vertex 12.4792 1.97046 -0.972864
endloop
endfacet
facet normal -0.661324 -0.0534424 0.748194
outer loop
vertex 12.4792 -0.00848955 -1.11422
vertex 12.4964 -0.00956891 -1.09911
vertex 12.4792 1.97046 -0.972864
endloop
endfacet
facet normal -0.661324 -0.0534424 0.748194
outer loop
vertex 12.4792 1.97046 -0.972864
vertex 12.4964 -0.00956891 -1.09911
vertex 12.4964 1.96938 -0.957753
endloop
endfacet
facet normal -0.5959 -0.0572155 0.801018
outer loop
vertex 12.4964 -0.00956891 -1.09911
vertex 12.517 -0.0106571 -1.08387
vertex 12.4964 1.96938 -0.957753
endloop
endfacet
facet normal -0.5959 -0.0572155 0.801018
outer loop
vertex 12.4964 1.96938 -0.957753
vertex 12.517 -0.0106571 -1.08387
vertex 12.517 1.96829 -0.942519
endloop
endfacet
facet normal -0.53771 -0.0600705 0.840987
outer loop
vertex 12.517 -0.0106571 -1.08387
vertex 12.5417 -0.0117805 -1.06814
vertex 12.517 1.96829 -0.942519
endloop
endfacet
facet normal -0.53771 -0.0600705 0.840987
outer loop
vertex 12.517 1.96829 -0.942519
vertex 12.5417 -0.0117805 -1.06814
vertex 12.5417 1.96717 -0.926791
endloop
endfacet
facet normal -0.4776 -0.0625961 0.876345
outer loop
vertex 12.5417 -0.0117805 -1.06814
vertex 12.5716 -0.0129392 -1.05192
vertex 12.5417 1.96717 -0.926791
endloop
endfacet
facet normal -0.4776 -0.0625961 0.876345
outer loop
vertex 12.5417 1.96717 -0.926791
vertex 12.5716 -0.0129392 -1.05192
vertex 12.5716 1.96601 -0.910569
endloop
endfacet
facet normal -0.430192 -0.0643174 0.900443
outer loop
vertex 12.5716 -0.0129392 -1.05192
vertex 12.6082 -0.0141816 -1.03453
vertex 12.5716 1.96601 -0.910569
endloop
endfacet
facet normal -0.430192 -0.0643174 0.900443
outer loop
vertex 12.5716 1.96601 -0.910569
vertex 12.6082 -0.0141816 -1.03453
vertex 12.6082 1.96477 -0.893176
endloop
endfacet
facet normal -0.390227 -0.0655985 0.918379
outer loop
vertex 12.6082 -0.0141816 -1.03453
vertex 12.6532 -0.0155385 -1.01553
vertex 12.6082 1.96477 -0.893176
endloop
endfacet
facet normal -0.390227 -0.0655985 0.918379
outer loop
vertex 12.6082 1.96477 -0.893176
vertex 12.6532 -0.0155385 -1.01553
vertex 12.6532 1.96341 -0.874179
endloop
endfacet
facet normal -0.354746 -0.0666133 0.932587
outer loop
vertex 12.6532 -0.0155385 -1.01553
vertex 12.7074 -0.0170055 -0.994994
vertex 12.6532 1.96341 -0.874179
endloop
endfacet
facet normal -0.354746 -0.0666133 0.932587
outer loop
vertex 12.6532 1.96341 -0.874179
vertex 12.7074 -0.0170055 -0.994994
vertex 12.7074 1.96195 -0.853641
endloop
endfacet
facet normal -0.318821 -0.067529 0.945406
outer loop
vertex 12.7074 -0.0170055 -0.994994
vertex 12.7712 -0.0185343 -0.973592
vertex 12.7074 1.96195 -0.853641
endloop
endfacet
facet normal -0.318821 -0.067529 0.945406
outer loop
vertex 12.7074 1.96195 -0.853641
vertex 12.7712 -0.0185343 -0.973592
vertex 12.7712 1.96042 -0.832238
endloop
endfacet
facet normal -0.280984 -0.0683767 0.957274
outer loop
vertex 12.7712 -0.0185343 -0.973592
vertex 12.8437 -0.0200454 -0.952436
vertex 12.7712 1.96042 -0.832238
endloop
endfacet
facet normal -0.280984 -0.0683767 0.957274
outer loop
vertex 12.7712 1.96042 -0.832238
vertex 12.8437 -0.0200454 -0.952436
vertex 12.8437 1.95891 -0.811083
endloop
endfacet
facet normal -0.248974 -0.0690035 0.966049
outer loop
vertex 12.8437 -0.0200454 -0.952436
vertex 12.9235 -0.021508 -0.931959
vertex 12.8437 1.95891 -0.811083
endloop
endfacet
facet normal -0.248974 -0.0690035 0.966049
outer loop
vertex 12.8437 1.95891 -0.811083
vertex 12.9235 -0.021508 -0.931959
vertex 12.9235 1.95744 -0.790606
endloop
endfacet
facet normal -0.22143 -0.0694784 0.972698
outer loop
vertex 12.9235 -0.021508 -0.931959
vertex 13.0088 -0.022887 -0.912654
vertex 12.9235 1.95744 -0.790606
endloop
endfacet
facet normal -0.22143 -0.0694784 0.972698
outer loop
vertex 12.9235 1.95744 -0.790606
vertex 13.0088 -0.022887 -0.912654
vertex 13.0088 1.95606 -0.7713
endloop
endfacet
facet normal -0.20077 -0.0697963 0.977149
outer loop
vertex 13.0088 -0.022887 -0.912654
vertex 13.0978 -0.0241866 -0.894459
vertex 13.0088 1.95606 -0.7713
endloop
endfacet
facet normal -0.20077 -0.0697963 0.977149
outer loop
vertex 13.0088 1.95606 -0.7713
vertex 13.0978 -0.0241866 -0.894459
vertex 13.0978 1.95476 -0.753105
endloop
endfacet
facet normal -0.183637 -0.0700354 0.980496
outer loop
vertex 13.0978 -0.0241866 -0.894459
vertex 13.1891 -0.0254026 -0.877436
vertex 13.0978 1.95476 -0.753105
endloop
endfacet
facet normal -0.183637 -0.0700354 0.980496
outer loop
vertex 13.0978 1.95476 -0.753105
vertex 13.1891 -0.0254026 -0.877436
vertex 13.1891 1.95355 -0.736082
endloop
endfacet
facet normal -0.164036 -0.070282 0.983948
outer loop
vertex 13.1891 -0.0254026 -0.877436
vertex 13.2817 -0.0264995 -0.862078
vertex 13.1891 1.95355 -0.736082
endloop
endfacet
facet normal -0.164036 -0.070282 0.983948
outer loop
vertex 13.1891 1.95355 -0.736082
vertex 13.2817 -0.0264995 -0.862078
vertex 13.2817 1.95245 -0.720724
endloop
endfacet
facet normal -0.148557 -0.0704565 0.986391
outer loop
vertex 13.2817 -0.0264995 -0.862078
vertex 13.376 -0.0275084 -0.847954
vertex 13.2817 1.95245 -0.720724
endloop
endfacet
facet normal -0.148557 -0.0704565 0.986391
outer loop
vertex 13.2817 1.95245 -0.720724
vertex 13.376 -0.0275084 -0.847954
vertex 13.376 1.95144 -0.7066
endloop
endfacet
facet normal -0.135772 -0.0705873 0.988222
outer loop
vertex 13.376 -0.0275084 -0.847954
vertex 13.4707 -0.0284336 -0.835001
vertex 13.376 1.95144 -0.7066
endloop
endfacet
facet normal -0.135772 -0.0705873 0.988222
outer loop
vertex 13.376 1.95144 -0.7066
vertex 13.4707 -0.0284336 -0.835001
vertex 13.4707 1.95052 -0.693648
endloop
endfacet
facet normal -0.122427 -0.0707111 0.989955
outer loop
vertex 13.4707 -0.0284336 -0.835001
vertex 13.5665 -0.0292751 -0.823221
vertex 13.4707 1.95052 -0.693648
endloop
endfacet
facet normal -0.122427 -0.0707111 0.989955
outer loop
vertex 13.4707 1.95052 -0.693648
vertex 13.5665 -0.0292751 -0.823221
vertex 13.5665 1.94968 -0.681867
endloop
endfacet
facet normal -0.114375 -0.0707795 0.990913
outer loop
vertex 13.5665 -0.0292751 -0.823221
vertex 13.6615 -0.0300548 -0.812304
vertex 13.5665 1.94968 -0.681867
endloop
endfacet
facet normal -0.114375 -0.0707795 0.990913
outer loop
vertex 13.5665 1.94968 -0.681867
vertex 13.6615 -0.0300548 -0.812304
vertex 13.6615 1.9489 -0.67095
endloop
endfacet
facet normal -0.100888 -0.0708835 0.992369
outer loop
vertex 13.6615 -0.0300548 -0.812304
vertex 13.7567 -0.0307421 -0.802682
vertex 13.6615 1.9489 -0.67095
endloop
endfacet
facet normal -0.100888 -0.0708835 0.992369
outer loop
vertex 13.6615 1.9489 -0.67095
vertex 13.7567 -0.0307421 -0.802682
vertex 13.7567 1.94821 -0.661328
endloop
endfacet
facet normal -0.0948771 -0.0709257 0.992959
outer loop
vertex 13.7567 -0.0307421 -0.802682
vertex 13.852 -0.0313897 -0.793615
vertex 13.7567 1.94821 -0.661328
endloop
endfacet
facet normal -0.0948771 -0.0709257 0.992959
outer loop
vertex 13.7567 1.94821 -0.661328
vertex 13.852 -0.0313897 -0.793615
vertex 13.852 1.94756 -0.652262
endloop
endfacet
facet normal -0.0884337 -0.0709679 0.993551
outer loop
vertex 13.852 -0.0313897 -0.793615
vertex 13.9481 -0.0319977 -0.785104
vertex 13.852 1.94756 -0.652262
endloop
endfacet
facet normal -0.0884337 -0.0709679 0.993551
outer loop
vertex 13.852 1.94756 -0.652262
vertex 13.9481 -0.0319977 -0.785104
vertex 13.9481 1.94695 -0.64375
endloop
endfacet
facet normal -0.0787172 -0.071026 0.994364
outer loop
vertex 13.9481 -0.0319977 -0.785104
vertex 14.0453 -0.032544 -0.777456
vertex 13.9481 1.94695 -0.64375
endloop
endfacet
facet normal -0.0787172 -0.071026 0.994364
outer loop
vertex 13.9481 1.94695 -0.64375
vertex 14.0453 -0.032544 -0.777456
vertex 14.0453 1.94641 -0.636102
endloop
endfacet
facet normal -0.0721673 -0.0710613 0.994858
outer loop
vertex 14.0453 -0.032544 -0.777456
vertex 14.1435 -0.0330506 -0.770363
vertex 14.0453 1.94641 -0.636102
endloop
endfacet
facet normal -0.0721673 -0.0710613 0.994858
outer loop
vertex 14.0453 1.94641 -0.636102
vertex 14.1435 -0.0330506 -0.770363
vertex 14.1435 1.9459 -0.629009
endloop
endfacet
facet normal -0.0652953 -0.071095 0.99533
outer loop
vertex 14.1435 -0.0330506 -0.770363
vertex 14.2418 -0.0335088 -0.763948
vertex 14.1435 1.9459 -0.629009
endloop
endfacet
facet normal -0.0652953 -0.071095 0.99533
outer loop
vertex 14.1435 1.9459 -0.629009
vertex 14.2418 -0.0335088 -0.763948
vertex 14.2418 1.94544 -0.622595
endloop
endfacet
facet normal -0.0577881 -0.071128 0.995792
outer loop
vertex 14.2418 -0.0335088 -0.763948
vertex 14.3401 -0.0339141 -0.758274
vertex 14.2418 1.94544 -0.622595
endloop
endfacet
facet normal -0.0577881 -0.071128 0.995792
outer loop
vertex 14.2418 1.94544 -0.622595
vertex 14.3401 -0.0339141 -0.758274
vertex 14.3401 1.94504 -0.61692
endloop
endfacet
facet normal -0.0507069 -0.0711554 0.996176
outer loop
vertex 14.3401 -0.0339141 -0.758274
vertex 14.4387 -0.034271 -0.753278
vertex 14.3401 1.94504 -0.61692
endloop
endfacet
facet normal -0.0507069 -0.0711554 0.996176
outer loop
vertex 14.3401 1.94504 -0.61692
vertex 14.4387 -0.034271 -0.753278
vertex 14.4387 1.94468 -0.611924
endloop
endfacet
facet normal -0.0437803 -0.0711787 0.996502
outer loop
vertex 14.4387 -0.034271 -0.753278
vertex 14.5375 -0.0345794 -0.74896
vertex 14.4387 1.94468 -0.611924
endloop
endfacet
facet normal -0.0437803 -0.0711787 0.996502
outer loop
vertex 14.4387 1.94468 -0.611924
vertex 14.5375 -0.0345794 -0.74896
vertex 14.5375 1.94437 -0.607607
endloop
endfacet
facet normal -0.0382318 -0.071195 0.996729
outer loop
vertex 14.5375 -0.0345794 -0.74896
vertex 14.6361 -0.0348481 -0.745198
vertex 14.5375 1.94437 -0.607607
endloop
endfacet
facet normal -0.0382318 -0.071195 0.996729
outer loop
vertex 14.5375 1.94437 -0.607607
vertex 14.6361 -0.0348481 -0.745198
vertex 14.6361 1.9441 -0.603844
endloop
endfacet
facet normal -0.0313255 -0.0712121 0.996969
outer loop
vertex 14.6361 -0.0348481 -0.745198
vertex 14.7347 -0.0350684 -0.742114
vertex 14.6361 1.9441 -0.603844
endloop
endfacet
facet normal -0.0313255 -0.0712121 0.996969
outer loop
vertex 14.6361 1.9441 -0.603844
vertex 14.7347 -0.0350684 -0.742114
vertex 14.7347 1.94388 -0.600761
endloop
endfacet
facet normal -0.0237974 -0.0712269 0.997176
outer loop
vertex 14.7347 -0.0350684 -0.742114
vertex 14.8335 -0.0352358 -0.73977
vertex 14.7347 1.94388 -0.600761
endloop
endfacet
facet normal -0.0237974 -0.0712269 0.997176
outer loop
vertex 14.7347 1.94388 -0.600761
vertex 14.8335 -0.0352358 -0.73977
vertex 14.8335 1.94372 -0.598417
endloop
endfacet
facet normal -0.0168793 -0.0712369 0.997317
outer loop
vertex 14.8335 -0.0352358 -0.73977
vertex 14.9324 -0.0353548 -0.738105
vertex 14.8335 1.94372 -0.598417
endloop
endfacet
facet normal -0.0168793 -0.0712369 0.997317
outer loop
vertex 14.8335 1.94372 -0.598417
vertex 14.9324 -0.0353548 -0.738105
vertex 14.9324 1.9436 -0.596751
endloop
endfacet
facet normal -0.0112679 -0.0712425 0.997395
outer loop
vertex 14.9324 -0.0353548 -0.738105
vertex 15.0311 -0.0354341 -0.736995
vertex 14.9324 1.9436 -0.596751
endloop
endfacet
facet normal -0.0112679 -0.0712425 0.997395
outer loop
vertex 14.9324 1.9436 -0.596751
vertex 15.0311 -0.0354341 -0.736995
vertex 15.0311 1.94352 -0.595641
endloop
endfacet
facet normal -0.00439318 -0.0712464 0.997449
outer loop
vertex 15.0311 -0.0354341 -0.736995
vertex 15.1297 -0.0354649 -0.736563
vertex 15.0311 1.94352 -0.595641
endloop
endfacet
facet normal -0.00439318 -0.0712464 0.997449
outer loop
vertex 15.0311 1.94352 -0.595641
vertex 15.1297 -0.0354649 -0.736563
vertex 15.1297 1.94349 -0.59521
endloop
endfacet
facet normal 0.00376088 -0.0712465 0.997452
outer loop
vertex 15.1297 -0.0354649 -0.736563
vertex 15.2283 -0.0354385 -0.736933
vertex 15.1297 1.94349 -0.59521
endloop
endfacet
facet normal 0.00376088 -0.0712465 0.997452
outer loop
vertex 15.1297 1.94349 -0.59521
vertex 15.2283 -0.0354385 -0.736933
vertex 15.2283 1.94351 -0.59558
endloop
endfacet
facet normal 0.010642 -0.071243 0.997402
outer loop
vertex 15.2283 -0.0354385 -0.736933
vertex 15.3271 -0.0353636 -0.737982
vertex 15.2283 1.94351 -0.59558
endloop
endfacet
facet normal 0.010642 -0.071243 0.997402
outer loop
vertex 15.2283 1.94351 -0.59558
vertex 15.3271 -0.0353636 -0.737982
vertex 15.3271 1.94359 -0.596628
endloop
endfacet
facet normal 0.0175702 -0.0712361 0.997305
outer loop
vertex 15.3271 -0.0353636 -0.737982
vertex 15.4256 -0.0352402 -0.739709
vertex 15.3271 1.94359 -0.596628
endloop
endfacet
facet normal 0.0175702 -0.0712361 0.997305
outer loop
vertex 15.3271 1.94359 -0.596628
vertex 15.4256 -0.0352402 -0.739709
vertex 15.4256 1.94371 -0.598355
endloop
endfacet
facet normal 0.025112 -0.0712246 0.997144
outer loop
vertex 15.4256 -0.0352402 -0.739709
vertex 15.5241 -0.035064 -0.742176
vertex 15.4256 1.94371 -0.598355
endloop
endfacet
facet normal 0.025112 -0.0712246 0.997144
outer loop
vertex 15.4256 1.94371 -0.598355
vertex 15.5241 -0.035064 -0.742176
vertex 15.5241 1.94389 -0.600822
endloop
endfacet
facet normal 0.0319714 -0.0712106 0.996949
outer loop
vertex 15.5241 -0.035064 -0.742176
vertex 15.6227 -0.0348393 -0.745321
vertex 15.5241 1.94389 -0.600822
endloop
endfacet
facet normal 0.0319714 -0.0712106 0.996949
outer loop
vertex 15.5241 1.94389 -0.600822
vertex 15.6227 -0.0348393 -0.745321
vertex 15.6227 1.94411 -0.603968
endloop
endfacet
facet normal 0.0395825 -0.0711912 0.996677
outer loop
vertex 15.6227 -0.0348393 -0.745321
vertex 15.721 -0.0345617 -0.749207
vertex 15.6227 1.94411 -0.603968
endloop
endfacet
facet normal 0.0395825 -0.0711912 0.996677
outer loop
vertex 15.6227 1.94411 -0.603968
vertex 15.721 -0.0345617 -0.749207
vertex 15.721 1.94439 -0.607854
endloop
endfacet
facet normal 0.0478835 -0.0711653 0.996315
outer loop
vertex 15.721 -0.0345617 -0.749207
vertex 15.819 -0.0342269 -0.753895
vertex 15.721 1.94439 -0.607854
endloop
endfacet
facet normal 0.0478835 -0.0711653 0.996315
outer loop
vertex 15.721 1.94439 -0.607854
vertex 15.819 -0.0342269 -0.753895
vertex 15.819 1.94472 -0.612541
endloop
endfacet
facet normal 0.0552487 -0.0711382 0.995935
outer loop
vertex 15.819 -0.0342269 -0.753895
vertex 15.9174 -0.0338392 -0.759322
vertex 15.819 1.94472 -0.612541
endloop
endfacet
facet normal 0.0552487 -0.0711382 0.995935
outer loop
vertex 15.819 1.94472 -0.612541
vertex 15.9174 -0.0338392 -0.759322
vertex 15.9174 1.94511 -0.617969
endloop
endfacet
facet normal 0.0626791 -0.071107 0.995497
outer loop
vertex 15.9174 -0.0338392 -0.759322
vertex 16.0148 -0.0334031 -0.765429
vertex 15.9174 1.94511 -0.617969
endloop
endfacet
facet normal 0.0626791 -0.071107 0.995497
outer loop
vertex 15.9174 1.94511 -0.617969
vertex 16.0148 -0.0334031 -0.765429
vertex 16.0148 1.94555 -0.624075
endloop
endfacet
facet normal 0.0749152 -0.0710468 0.994656
outer loop
vertex 16.0148 -0.0334031 -0.765429
vertex 16.1111 -0.0328876 -0.772645
vertex 16.0148 1.94555 -0.624075
endloop
endfacet
facet normal 0.0749152 -0.0710468 0.994656
outer loop
vertex 16.0148 1.94555 -0.624075
vertex 16.1111 -0.0328876 -0.772645
vertex 16.1111 1.94606 -0.631291
endloop
endfacet
facet normal 0.0780478 -0.0710297 0.994416
outer loop
vertex 16.1111 -0.0328876 -0.772645
vertex 16.2075 -0.0323501 -0.78017
vertex 16.1111 1.94606 -0.631291
endloop
endfacet
facet normal 0.0780478 -0.0710297 0.994416
outer loop
vertex 16.1111 1.94606 -0.631291
vertex 16.2075 -0.0323501 -0.78017
vertex 16.2075 1.9466 -0.638816
endloop
endfacet
facet normal 0.0886171 -0.0709667 0.993534
outer loop
vertex 16.2075 -0.0323501 -0.78017
vertex 16.3041 -0.0317378 -0.788743
vertex 16.2075 1.9466 -0.638816
endloop
endfacet
facet normal 0.0886171 -0.0709667 0.993534
outer loop
vertex 16.2075 1.9466 -0.638816
vertex 16.3041 -0.0317378 -0.788743
vertex 16.3041 1.94721 -0.647389
endloop
endfacet
facet normal 0.097108 -0.0709103 0.992745
outer loop
vertex 16.3041 -0.0317378 -0.788743
vertex 16.4017 -0.0310593 -0.798241
vertex 16.3041 1.94721 -0.647389
endloop
endfacet
facet normal 0.097108 -0.0709103 0.992745
outer loop
vertex 16.3041 1.94721 -0.647389
vertex 16.4017 -0.0310593 -0.798241
vertex 16.4017 1.94789 -0.656888
endloop
endfacet
facet normal 0.105087 -0.0708526 0.991936
outer loop
vertex 16.4017 -0.0310593 -0.798241
vertex 16.4994 -0.0303236 -0.808541
vertex 16.4017 1.94789 -0.656888
endloop
endfacet
facet normal 0.105087 -0.0708526 0.991936
outer loop
vertex 16.4017 1.94789 -0.656888
vertex 16.4994 -0.0303236 -0.808541
vertex 16.4994 1.94863 -0.667188
endloop
endfacet
facet normal 0.112898 -0.0707915 0.991082
outer loop
vertex 16.4994 -0.0303236 -0.808541
vertex 16.5969 -0.029535 -0.819582
vertex 16.4994 1.94863 -0.667188
endloop
endfacet
facet normal 0.112898 -0.0707915 0.991082
outer loop
vertex 16.4994 1.94863 -0.667188
vertex 16.5969 -0.029535 -0.819582
vertex 16.5969 1.94942 -0.678228
endloop
endfacet
facet normal 0.121907 -0.0707157 0.990019
outer loop
vertex 16.5969 -0.029535 -0.819582
vertex 16.694 -0.0286847 -0.831486
vertex 16.5969 1.94942 -0.678228
endloop
endfacet
facet normal 0.121907 -0.0707157 0.990019
outer loop
vertex 16.5969 1.94942 -0.678228
vertex 16.694 -0.0286847 -0.831486
vertex 16.694 1.95027 -0.690132
endloop
endfacet
facet normal 0.131096 -0.0706322 0.98885
outer loop
vertex 16.694 -0.0286847 -0.831486
vertex 16.7908 -0.0277728 -0.844253
vertex 16.694 1.95027 -0.690132
endloop
endfacet
facet normal 0.131096 -0.0706322 0.98885
outer loop
vertex 16.694 1.95027 -0.690132
vertex 16.7908 -0.0277728 -0.844253
vertex 16.7908 1.95118 -0.702899
endloop
endfacet
facet normal 0.142726 -0.0705176 0.987247
outer loop
vertex 16.7908 -0.0277728 -0.844253
vertex 16.8869 -0.0267859 -0.858069
vertex 16.7908 1.95118 -0.702899
endloop
endfacet
facet normal 0.142726 -0.0705176 0.987247
outer loop
vertex 16.7908 1.95118 -0.702899
vertex 16.8869 -0.0267859 -0.858069
vertex 16.8869 1.95217 -0.716715
endloop
endfacet
facet normal 0.153493 -0.0704028 0.985639
outer loop
vertex 16.8869 -0.0267859 -0.858069
vertex 16.9836 -0.0257154 -0.873057
vertex 16.8869 1.95217 -0.716715
endloop
endfacet
facet normal 0.153493 -0.0704028 0.985639
outer loop
vertex 16.8869 1.95217 -0.716715
vertex 16.9836 -0.0257154 -0.873057
vertex 16.9836 1.95324 -0.731703
endloop
endfacet
facet normal 0.161518 -0.0703116 0.984362
outer loop
vertex 16.9836 -0.0257154 -0.873057
vertex 17.0811 -0.0245787 -0.88897
vertex 16.9836 1.95324 -0.731703
endloop
endfacet
facet normal 0.161518 -0.0703116 0.984362
outer loop
vertex 16.9836 1.95324 -0.731703
vertex 17.0811 -0.0245787 -0.88897
vertex 17.0811 1.95437 -0.747616
endloop
endfacet
facet normal 0.16426 -0.0702793 0.98391
outer loop
vertex 17.0811 -0.0245787 -0.88897
vertex 17.1784 -0.0234245 -0.905129
vertex 17.0811 1.95437 -0.747616
endloop
endfacet
facet normal 0.16426 -0.0702793 0.98391
outer loop
vertex 17.0811 1.95437 -0.747616
vertex 17.1784 -0.0234245 -0.905129
vertex 17.1784 1.95553 -0.763776
endloop
endfacet
facet normal 0.171784 -0.0701879 0.982631
outer loop
vertex 17.1784 -0.0234245 -0.905129
vertex 17.2741 -0.0222349 -0.921782
vertex 17.1784 1.95553 -0.763776
endloop
endfacet
facet normal 0.171784 -0.0701879 0.982631
outer loop
vertex 17.1784 1.95553 -0.763776
vertex 17.2741 -0.0222349 -0.921782
vertex 17.2741 1.95672 -0.780429
endloop
endfacet
facet normal 0.181249 -0.070067 0.980938
outer loop
vertex 17.2741 -0.0222349 -0.921782
vertex 17.3674 -0.0210102 -0.938929
vertex 17.2741 1.95672 -0.780429
endloop
endfacet
facet normal 0.181249 -0.070067 0.980938
outer loop
vertex 17.2741 1.95672 -0.780429
vertex 17.3674 -0.0210102 -0.938929
vertex 17.3674 1.95794 -0.797575
endloop
endfacet
facet normal 0.187655 -0.0699814 0.979739
outer loop
vertex 17.3674 -0.0210102 -0.938929
vertex 17.4564 -0.0197987 -0.95589
vertex 17.3674 1.95794 -0.797575
endloop
endfacet
facet normal 0.187655 -0.0699814 0.979739
outer loop
vertex 17.3674 1.95794 -0.797575
vertex 17.4564 -0.0197987 -0.95589
vertex 17.4564 1.95915 -0.814537
endloop
endfacet
facet normal 0.197448 -0.0698444 0.977822
outer loop
vertex 17.4564 -0.0197987 -0.95589
vertex 17.5399 -0.0186003 -0.972667
vertex 17.4564 1.95915 -0.814537
endloop
endfacet
facet normal 0.197448 -0.0698444 0.977822
outer loop
vertex 17.4564 1.95915 -0.814537
vertex 17.5399 -0.0186003 -0.972667
vertex 17.5399 1.96035 -0.831313
endloop
endfacet
facet normal 0.228845 -0.0693564 0.970989
outer loop
vertex 17.5399 -0.0186003 -0.972667
vertex 17.6233 -0.0172038 -0.992219
vertex 17.5399 1.96035 -0.831313
endloop
endfacet
facet normal 0.228845 -0.0693564 0.970989
outer loop
vertex 17.5399 1.96035 -0.831313
vertex 17.6233 -0.0172038 -0.992219
vertex 17.6233 1.96175 -0.850865
endloop
endfacet
facet normal 0.237804 -0.0692032 0.968845
outer loop
vertex 17.6233 -0.0172038 -0.992219
vertex 17.7054 -0.015772 -1.01226
vertex 17.6233 1.96175 -0.850865
endloop
endfacet
facet normal 0.237804 -0.0692032 0.968845
outer loop
vertex 17.6233 1.96175 -0.850865
vertex 17.7054 -0.015772 -1.01226
vertex 17.7054 1.96318 -0.87091
endloop
endfacet
facet normal 0.259242 -0.0688113 0.963358
outer loop
vertex 17.7054 -0.015772 -1.01226
vertex 17.7881 -0.0141904 -1.03441
vertex 17.7054 1.96318 -0.87091
endloop
endfacet
facet normal 0.259242 -0.0688113 0.963358
outer loop
vertex 17.7054 1.96318 -0.87091
vertex 17.7881 -0.0141904 -1.03441
vertex 17.7881 1.96476 -0.893053
endloop
endfacet
facet normal 0.258335 -0.0688286 0.9636
outer loop
vertex 17.7881 -0.0141904 -1.03441
vertex 17.872 -0.0125911 -1.0568
vertex 17.7881 1.96476 -0.893053
endloop
endfacet
facet normal 0.258335 -0.0688286 0.9636
outer loop
vertex 17.7881 1.96476 -0.893053
vertex 17.872 -0.0125911 -1.0568
vertex 17.872 1.96636 -0.915442
endloop
endfacet
facet normal 0.263158 -0.0687358 0.962301
outer loop
vertex 17.872 -0.0125911 -1.0568
vertex 17.96 -0.0108818 -1.08073
vertex 17.872 1.96636 -0.915442
endloop
endfacet
facet normal 0.263158 -0.0687358 0.962301
outer loop
vertex 17.872 1.96636 -0.915442
vertex 17.96 -0.0108818 -1.08073
vertex 17.96 1.96807 -0.939373
endloop
endfacet
facet normal 0.257879 -0.0688373 0.963722
outer loop
vertex 17.96 -0.0108818 -1.08073
vertex 18.0529 -0.00911514 -1.10546
vertex 17.96 1.96807 -0.939373
endloop
endfacet
facet normal 0.257879 -0.0688373 0.963722
outer loop
vertex 17.96 1.96807 -0.939373
vertex 18.0529 -0.00911514 -1.10546
vertex 18.0529 1.96984 -0.964106
endloop
endfacet
facet normal 0.255059 -0.0688906 0.964468
outer loop
vertex 18.0529 -0.00911514 -1.10546
vertex 18.1466 -0.00735291 -1.13013
vertex 18.0529 1.96984 -0.964106
endloop
endfacet
facet normal 0.255059 -0.0688906 0.964468
outer loop
vertex 18.0529 1.96984 -0.964106
vertex 18.1466 -0.00735291 -1.13013
vertex 18.1466 1.9716 -0.988777
endloop
endfacet
facet normal 0.243082 -0.06911 0.967541
outer loop
vertex 18.1466 -0.00735291 -1.13013
vertex 18.2396 -0.00569201 -1.15338
vertex 18.1466 1.9716 -0.988777
endloop
endfacet
facet normal 0.243082 -0.06911 0.967541
outer loop
vertex 18.1466 1.9716 -0.988777
vertex 18.2396 -0.00569201 -1.15338
vertex 18.2396 1.97326 -1.01203
endloop
endfacet
facet normal 0.229309 -0.0693486 0.97088
outer loop
vertex 18.2396 -0.00569201 -1.15338
vertex 18.3313 -0.00415446 -1.17491
vertex 18.2396 1.97326 -1.01203
endloop
endfacet
facet normal 0.229309 -0.0693486 0.97088
outer loop
vertex 18.2396 1.97326 -1.01203
vertex 18.3313 -0.00415446 -1.17491
vertex 18.3313 1.9748 -1.03356
endloop
endfacet
facet normal 0.218468 -0.069526 0.973364
outer loop
vertex 18.3313 -0.00415446 -1.17491
vertex 18.4191 -0.00275349 -1.19452
vertex 18.3313 1.9748 -1.03356
endloop
endfacet
facet normal 0.218468 -0.069526 0.973364
outer loop
vertex 18.3313 1.9748 -1.03356
vertex 18.4191 -0.00275349 -1.19452
vertex 18.4191 1.9762 -1.05317
endloop
endfacet
facet normal 0.207429 -0.0696974 0.975764
outer loop
vertex 18.4191 -0.00275349 -1.19452
vertex 18.4987 -0.00155076 -1.21136
vertex 18.4191 1.9762 -1.05317
endloop
endfacet
facet normal 0.207429 -0.0696974 0.975764
outer loop
vertex 18.4191 1.9762 -1.05317
vertex 18.4987 -0.00155076 -1.21136
vertex 18.4987 1.9774 -1.07001
endloop
endfacet
facet normal 0.20221 -0.0697752 0.976853
outer loop
vertex 18.4987 -0.00155076 -1.21136
vertex 18.5664 -0.000555103 -1.2253
vertex 18.4987 1.9774 -1.07001
endloop
endfacet
facet normal 0.20221 -0.0697752 0.976853
outer loop
vertex 18.4987 1.9774 -1.07001
vertex 18.5664 -0.000555103 -1.2253
vertex 18.5664 1.9784 -1.08395
endloop
endfacet
facet normal 0.199231 -0.0698187 0.977462
outer loop
vertex 18.5664 -0.000555103 -1.2253
vertex 18.6047 0 -1.23307
vertex 18.5664 1.9784 -1.08395
endloop
endfacet
facet normal 0.199231 -0.0698187 0.977462
outer loop
vertex 18.5664 1.9784 -1.08395
vertex 18.6047 0 -1.23307
vertex 18.6047 1.97895 -1.09172
endloop
endfacet
facet normal -0.0788179 0.0710254 -0.994356
outer loop
vertex 18.6047 0 -1.23307
vertex 18.5664 -0.000215873 -1.23005
vertex 18.6047 1.97895 -1.09172
endloop
endfacet
facet normal -0.0788179 0.0710254 -0.994356
outer loop
vertex 18.6047 1.97895 -1.09172
vertex 18.5664 -0.000215873 -1.23005
vertex 18.5664 1.97874 -1.0887
endloop
endfacet
facet normal -0.0837565 0.0709967 -0.993954
outer loop
vertex 18.5664 -0.000215873 -1.23005
vertex 18.4987 -0.000621186 -1.22438
vertex 18.5664 1.97874 -1.0887
endloop
endfacet
facet normal -0.0837565 0.0709967 -0.993954
outer loop
vertex 18.5664 1.97874 -1.0887
vertex 18.4987 -0.000621186 -1.22438
vertex 18.4987 1.97833 -1.08302
endloop
endfacet
facet normal -0.0820534 0.0710068 -0.994095
outer loop
vertex 18.4987 -0.000621186 -1.22438
vertex 18.4191 -0.00108818 -1.21784
vertex 18.4987 1.97833 -1.08302
endloop
endfacet
facet normal -0.0820534 0.0710068 -0.994095
outer loop
vertex 18.4987 1.97833 -1.08302
vertex 18.4191 -0.00108818 -1.21784
vertex 18.4191 1.97786 -1.07648
endloop
endfacet
facet normal -0.0534284 0.0711453 -0.996034
outer loop
vertex 18.4191 -0.00108818 -1.21784
vertex 18.3313 -0.001423 -1.21315
vertex 18.4191 1.97786 -1.07648
endloop
endfacet
facet normal -0.0534284 0.0711453 -0.996034
outer loop
vertex 18.4191 1.97786 -1.07648
vertex 18.3313 -0.001423 -1.21315
vertex 18.3313 1.97753 -1.0718
endloop
endfacet
facet normal -0.0209215 0.0712315 -0.99724
outer loop
vertex 18.3313 -0.001423 -1.21315
vertex 18.2396 -0.00155957 -1.21124
vertex 18.3313 1.97753 -1.0718
endloop
endfacet
facet normal -0.0209215 0.0712315 -0.99724
outer loop
vertex 18.3313 1.97753 -1.0718
vertex 18.2396 -0.00155957 -1.21124
vertex 18.2396 1.97739 -1.06988
endloop
endfacet
facet normal 0.0139577 0.0712401 -0.997362
outer loop
vertex 18.2396 -0.00155957 -1.21124
vertex 18.1466 -0.00146706 -1.21253
vertex 18.2396 1.97739 -1.06988
endloop
endfacet
facet normal 0.0139577 0.0712401 -0.997362
outer loop
vertex 18.2396 1.97739 -1.06988
vertex 18.1466 -0.00146706 -1.21253
vertex 18.1466 1.97748 -1.07118
endloop
endfacet
facet normal 0.0539968 0.0711431 -0.996004
outer loop
vertex 18.1466 -0.00146706 -1.21253
vertex 18.0529 -0.0011058 -1.21759
vertex 18.1466 1.97748 -1.07118
endloop
endfacet
facet normal 0.0539968 0.0711431 -0.996004
outer loop
vertex 18.1466 1.97748 -1.07118
vertex 18.0529 -0.0011058 -1.21759
vertex 18.0529 1.97785 -1.07624
endloop
endfacet
facet normal 0.0855479 0.0709859 -0.993802
outer loop
vertex 18.0529 -0.0011058 -1.21759
vertex 17.96 -0.00053748 -1.22555
vertex 18.0529 1.97785 -1.07624
endloop
endfacet
facet normal 0.0855479 0.0709859 -0.993802
outer loop
vertex 18.0529 1.97785 -1.07624
vertex 17.96 -0.00053748 -1.22555
vertex 17.96 1.97841 -1.08419
endloop
endfacet
facet normal 0.0972568 0.0709093 -0.99273
outer loop
vertex 17.96 -0.00053748 -1.22555
vertex 17.872 7.48948e-05 -1.23412
vertex 17.96 1.97841 -1.08419
endloop
endfacet
facet normal 0.0972568 0.0709093 -0.99273
outer loop
vertex 17.96 1.97841 -1.08419
vertex 17.872 7.48948e-05 -1.23412
vertex 17.872 1.97903 -1.09277
endloop
endfacet
facet normal 0.157854 0.0703538 -0.984953
outer loop
vertex 17.872 7.48948e-05 -1.23412
vertex 17.7881 0.0010309 -1.2475
vertex 17.872 1.97903 -1.09277
endloop
endfacet
facet normal 0.157854 0.0703538 -0.984953
outer loop
vertex 17.872 1.97903 -1.09277
vertex 17.7881 0.0010309 -1.2475
vertex 17.7881 1.97998 -1.10615
endloop
endfacet
facet normal 0.202102 0.0697768 -0.976876
outer loop
vertex 17.7881 0.0010309 -1.2475
vertex 17.7054 0.00224684 -1.26453
vertex 17.7881 1.97998 -1.10615
endloop
endfacet
facet normal 0.202102 0.0697768 -0.976876
outer loop
vertex 17.7881 1.97998 -1.10615
vertex 17.7054 0.00224684 -1.26453
vertex 17.7054 1.9812 -1.12317
endloop
endfacet
facet normal 0.216234 0.0695615 -0.97386
outer loop
vertex 17.7054 0.00224684 -1.26453
vertex 17.6233 0.00354208 -1.28266
vertex 17.7054 1.9812 -1.12317
endloop
endfacet
facet normal 0.216234 0.0695615 -0.97386
outer loop
vertex 17.7054 1.9812 -1.12317
vertex 17.6233 0.00354208 -1.28266
vertex 17.6233 1.98249 -1.14131
endloop
endfacet
facet normal 0.237029 0.0692167 -0.969034
outer loop
vertex 17.6233 0.00354208 -1.28266
vertex 17.5399 0.00499152 -1.30295
vertex 17.6233 1.98249 -1.14131
endloop
endfacet
facet normal 0.237029 0.0692167 -0.969034
outer loop
vertex 17.6233 1.98249 -1.14131
vertex 17.5399 0.00499152 -1.30295
vertex 17.5399 1.98394 -1.1616
endloop
endfacet
facet normal 0.219613 0.0695077 -0.973108
outer loop
vertex 17.5399 0.00499152 -1.30295
vertex 17.4564 0.00633081 -1.3217
vertex 17.5399 1.98394 -1.1616
endloop
endfacet
facet normal 0.219613 0.0695077 -0.973108
outer loop
vertex 17.5399 1.98394 -1.1616
vertex 17.4564 0.00633081 -1.3217
vertex 17.4564 1.98528 -1.18035
endloop
endfacet
facet normal 0.217013 0.0695491 -0.973688
outer loop
vertex 17.4564 0.00633081 -1.3217
vertex 17.3674 0.0077406 -1.34144
vertex 17.4564 1.98528 -1.18035
endloop
endfacet
facet normal 0.217013 0.0695491 -0.973688
outer loop
vertex 17.4564 1.98528 -1.18035
vertex 17.3674 0.0077406 -1.34144
vertex 17.3674 1.98669 -1.20009
endloop
endfacet
facet normal 0.222962 0.0694536 -0.97235
outer loop
vertex 17.3674 0.0077406 -1.34144
vertex 17.2741 0.00926052 -1.36272
vertex 17.3674 1.98669 -1.20009
endloop
endfacet
facet normal 0.222962 0.0694536 -0.97235
outer loop
vertex 17.3674 1.98669 -1.20009
vertex 17.2741 0.00926052 -1.36272
vertex 17.2741 1.98821 -1.22137
endloop
endfacet
facet normal 0.219881 0.0695034 -0.973048
outer loop
vertex 17.2741 0.00926052 -1.36272
vertex 17.1784 0.0107981 -1.38424
vertex 17.2741 1.98821 -1.22137
endloop
endfacet
facet normal 0.219881 0.0695034 -0.973048
outer loop
vertex 17.2741 1.98821 -1.22137
vertex 17.1784 0.0107981 -1.38424
vertex 17.1784 1.98975 -1.24289
endloop
endfacet
facet normal 0.208251 0.069685 -0.97559
outer loop
vertex 17.1784 0.0107981 -1.38424
vertex 17.0811 0.0122739 -1.40491
vertex 17.1784 1.98975 -1.24289
endloop
endfacet
facet normal 0.208251 0.069685 -0.97559
outer loop
vertex 17.1784 1.98975 -1.24289
vertex 17.0811 0.0122739 -1.40491
vertex 17.0811 1.99123 -1.26355
endloop
endfacet
facet normal 0.207278 0.0696997 -0.975796
outer loop
vertex 17.0811 0.0122739 -1.40491
vertex 16.9836 0.0137454 -1.42551
vertex 17.0811 1.99123 -1.26355
endloop
endfacet
facet normal 0.207278 0.0696997 -0.975796
outer loop
vertex 17.0811 1.99123 -1.26355
vertex 16.9836 0.0137454 -1.42551
vertex 16.9836 1.9927 -1.28415
endloop
endfacet
facet normal 0.207602 0.0696948 -0.975727
outer loop
vertex 16.9836 0.0137454 -1.42551
vertex 16.8869 0.0152081 -1.44598
vertex 16.9836 1.9927 -1.28415
endloop
endfacet
facet normal 0.207602 0.0696948 -0.975727
outer loop
vertex 16.9836 1.9927 -1.28415
vertex 16.8869 0.0152081 -1.44598
vertex 16.8869 1.99416 -1.30463
endloop
endfacet
facet normal 0.200556 0.0697995 -0.977193
outer loop
vertex 16.8869 0.0152081 -1.44598
vertex 16.7908 0.016609 -1.4656
vertex 16.8869 1.99416 -1.30463
endloop
endfacet
facet normal 0.200556 0.0697995 -0.977193
outer loop
vertex 16.8869 1.99416 -1.30463
vertex 16.7908 0.016609 -1.4656
vertex 16.7908 1.99556 -1.32424
endloop
endfacet
facet normal 0.191245 0.069932 -0.979048
outer loop
vertex 16.7908 0.016609 -1.4656
vertex 16.694 0.0179527 -1.48441
vertex 16.7908 1.99556 -1.32424
endloop
endfacet
facet normal 0.191245 0.069932 -0.979048
outer loop
vertex 16.7908 1.99556 -1.32424
vertex 16.694 0.0179527 -1.48441
vertex 16.694 1.9969 -1.34306
endloop
endfacet
facet normal 0.183302 0.0700399 -0.980558
outer loop
vertex 16.694 0.0179527 -1.48441
vertex 16.5969 0.0192436 -1.50248
vertex 16.694 1.9969 -1.34306
endloop
endfacet
facet normal 0.183302 0.0700399 -0.980558
outer loop
vertex 16.694 1.9969 -1.34306
vertex 16.5969 0.0192436 -1.50248
vertex 16.5969 1.9982 -1.36113
endloop
endfacet
facet normal 0.173781 0.070163 -0.982282
outer loop
vertex 16.5969 0.0192436 -1.50248
vertex 16.4994 0.0204683 -1.51963
vertex 16.5969 1.9982 -1.36113
endloop
endfacet
facet normal 0.173781 0.070163 -0.982282
outer loop
vertex 16.5969 1.9982 -1.36113
vertex 16.4994 0.0204683 -1.51963
vertex 16.4994 1.99942 -1.37827
endloop
endfacet
facet normal 0.164159 0.0702805 -0.983927
outer loop
vertex 16.4994 0.0204683 -1.51963
vertex 16.4017 0.021627 -1.53585
vertex 16.4994 1.99942 -1.37827
endloop
endfacet
facet normal 0.164159 0.0702805 -0.983927
outer loop
vertex 16.4994 1.99942 -1.37827
vertex 16.4017 0.021627 -1.53585
vertex 16.4017 2.00058 -1.3945
endloop
endfacet
facet normal 0.154609 0.0703904 -0.985465
outer loop
vertex 16.4017 0.021627 -1.53585
vertex 16.3041 0.0227152 -1.55108
vertex 16.4017 2.00058 -1.3945
endloop
endfacet
facet normal 0.154609 0.0703904 -0.985465
outer loop
vertex 16.4017 2.00058 -1.3945
vertex 16.3041 0.0227152 -1.55108
vertex 16.3041 2.00167 -1.40973
endloop
endfacet
facet normal 0.143162 0.0705132 -0.987184
outer loop
vertex 16.3041 0.0227152 -1.55108
vertex 16.2075 0.0237108 -1.56502
vertex 16.3041 2.00167 -1.40973
endloop
endfacet
facet normal 0.143162 0.0705132 -0.987184
outer loop
vertex 16.3041 2.00167 -1.40973
vertex 16.2075 0.0237108 -1.56502
vertex 16.2075 2.00266 -1.42367
endloop
endfacet
facet normal 0.132924 0.0706148 -0.988608
outer loop
vertex 16.2075 0.0237108 -1.56502
vertex 16.1111 0.0246316 -1.57791
vertex 16.2075 2.00266 -1.42367
endloop
endfacet
facet normal 0.132924 0.0706148 -0.988608
outer loop
vertex 16.2075 2.00266 -1.42367
vertex 16.1111 0.0246316 -1.57791
vertex 16.1111 2.00358 -1.43656
endloop
endfacet
facet normal 0.126748 0.0706724 -0.989414
outer loop
vertex 16.1111 0.0246316 -1.57791
vertex 16.0148 0.0255083 -1.59019
vertex 16.1111 2.00358 -1.43656
endloop
endfacet
facet normal 0.126748 0.0706724 -0.989414
outer loop
vertex 16.1111 2.00358 -1.43656
vertex 16.0148 0.0255083 -1.59019
vertex 16.0148 2.00446 -1.44883
endloop
endfacet
facet normal 0.114693 0.0707769 -0.990876
outer loop
vertex 16.0148 0.0255083 -1.59019
vertex 15.9174 0.0263101 -1.60141
vertex 16.0148 2.00446 -1.44883
endloop
endfacet
facet normal 0.114693 0.0707769 -0.990876
outer loop
vertex 16.0148 2.00446 -1.44883
vertex 15.9174 0.0263101 -1.60141
vertex 15.9174 2.00526 -1.46006
endloop
endfacet
facet normal 0.105052 0.0708528 -0.99194
outer loop
vertex 15.9174 0.0263101 -1.60141
vertex 15.819 0.0270502 -1.61178
vertex 15.9174 2.00526 -1.46006
endloop
endfacet
facet normal 0.105052 0.0708528 -0.99194
outer loop
vertex 15.9174 2.00526 -1.46006
vertex 15.819 0.0270502 -1.61178
vertex 15.819 2.006 -1.47042
endloop
endfacet
facet normal 0.0966834 0.0709133 -0.992786
outer loop
vertex 15.819 0.0270502 -1.61178
vertex 15.721 0.0277287 -1.62127
vertex 15.819 2.006 -1.47042
endloop
endfacet
facet normal 0.0966834 0.0709133 -0.992786
outer loop
vertex 15.819 2.006 -1.47042
vertex 15.721 0.0277287 -1.62127
vertex 15.721 2.00668 -1.47992
endloop
endfacet
facet normal 0.0864478 0.0709803 -0.993725
outer loop
vertex 15.721 0.0277287 -1.62127
vertex 15.6227 0.0283367 -1.62979
vertex 15.721 2.00668 -1.47992
endloop
endfacet
facet normal 0.0864478 0.0709803 -0.993725
outer loop
vertex 15.721 2.00668 -1.47992
vertex 15.6227 0.0283367 -1.62979
vertex 15.6227 2.00729 -1.48843
endloop
endfacet
facet normal 0.0769183 0.071036 -0.994504
outer loop
vertex 15.6227 0.0283367 -1.62979
vertex 15.5241 0.0288786 -1.63737
vertex 15.6227 2.00729 -1.48843
endloop
endfacet
facet normal 0.0769183 0.071036 -0.994504
outer loop
vertex 15.6227 2.00729 -1.48843
vertex 15.5241 0.0288786 -1.63737
vertex 15.5241 2.00783 -1.49602
endloop
endfacet
facet normal 0.0664207 0.0710897 -0.995256
outer loop
vertex 15.5241 0.0288786 -1.63737
vertex 15.4256 0.0293455 -1.64391
vertex 15.5241 2.00783 -1.49602
endloop
endfacet
facet normal 0.0664207 0.0710897 -0.995256
outer loop
vertex 15.5241 2.00783 -1.49602
vertex 15.4256 0.0293455 -1.64391
vertex 15.4256 2.0083 -1.50256
endloop
endfacet
facet normal 0.057019 0.0711311 -0.995836
outer loop
vertex 15.4256 0.0293455 -1.64391
vertex 15.3271 0.0297465 -1.64952
vertex 15.4256 2.0083 -1.50256
endloop
endfacet
facet normal 0.057019 0.0711311 -0.995836
outer loop
vertex 15.4256 2.0083 -1.50256
vertex 15.3271 0.0297465 -1.64952
vertex 15.3271 2.0087 -1.50817
endloop
endfacet
facet normal 0.0481486 0.0711644 -0.996302
outer loop
vertex 15.3271 0.0297465 -1.64952
vertex 15.2283 0.0300857 -1.65427
vertex 15.3271 2.0087 -1.50817
endloop
endfacet
facet normal 0.0481486 0.0711644 -0.996302
outer loop
vertex 15.3271 2.0087 -1.50817
vertex 15.2283 0.0300857 -1.65427
vertex 15.2283 2.00904 -1.51292
endloop
endfacet
facet normal 0.0382079 0.071195 -0.99673
outer loop
vertex 15.2283 0.0300857 -1.65427
vertex 15.1297 0.0303544 -1.65803
vertex 15.2283 2.00904 -1.51292
endloop
endfacet
facet normal 0.0382079 0.071195 -0.99673
outer loop
vertex 15.2283 2.00904 -1.51292
vertex 15.1297 0.0303544 -1.65803
vertex 15.1297 2.00931 -1.51668
endloop
endfacet
facet normal 0.0294845 0.0712161 -0.997025
outer loop
vertex 15.1297 0.0303544 -1.65803
vertex 15.0311 0.0305615 -1.66093
vertex 15.1297 2.00931 -1.51668
endloop
endfacet
facet normal 0.0294845 0.0712161 -0.997025
outer loop
vertex 15.1297 2.00931 -1.51668
vertex 15.0311 0.0305615 -1.66093
vertex 15.0311 2.00951 -1.51958
endloop
endfacet
facet normal 0.020029 0.0712328 -0.997259
outer loop
vertex 15.0311 0.0305615 -1.66093
vertex 14.9324 0.0307025 -1.66291
vertex 15.0311 2.00951 -1.51958
endloop
endfacet
facet normal 0.020029 0.0712328 -0.997259
outer loop
vertex 15.0311 2.00951 -1.51958
vertex 14.9324 0.0307025 -1.66291
vertex 14.9324 2.00965 -1.52155
endloop
endfacet
facet normal 0.0106287 0.071243 -0.997402
outer loop
vertex 14.9324 0.0307025 -1.66291
vertex 14.8335 0.0307774 -1.66395
vertex 14.9324 2.00965 -1.52155
endloop
endfacet
facet normal 0.0106287 0.071243 -0.997402
outer loop
vertex 14.9324 2.00965 -1.52155
vertex 14.8335 0.0307774 -1.66395
vertex 14.8335 2.00973 -1.5226
endloop
endfacet
facet normal 0.00250569 0.0712468 -0.997456
outer loop
vertex 14.8335 0.0307774 -1.66395
vertex 14.7347 0.030795 -1.6642
vertex 14.8335 2.00973 -1.5226
endloop
endfacet
facet normal 0.00250569 0.0712468 -0.997456
outer loop
vertex 14.8335 2.00973 -1.5226
vertex 14.7347 0.030795 -1.6642
vertex 14.7347 2.00975 -1.52285
endloop
endfacet
facet normal -0.00501447 0.0712462 -0.997446
outer loop
vertex 14.7347 0.030795 -1.6642
vertex 14.6361 0.0307597 -1.66371
vertex 14.7347 2.00975 -1.52285
endloop
endfacet
facet normal -0.00501447 0.0712462 -0.997446
outer loop
vertex 14.7347 2.00975 -1.52285
vertex 14.6361 0.0307597 -1.66371
vertex 14.6361 2.00971 -1.52235
endloop
endfacet
facet normal -0.0131703 0.0712409 -0.997372
outer loop
vertex 14.6361 0.0307597 -1.66371
vertex 14.5375 0.0306672 -1.66241
vertex 14.6361 2.00971 -1.52235
endloop
endfacet
facet normal -0.0131703 0.0712409 -0.997372
outer loop
vertex 14.6361 2.00971 -1.52235
vertex 14.5375 0.0306672 -1.66241
vertex 14.5375 2.00962 -1.52106
endloop
endfacet
facet normal -0.020029 0.0712328 -0.997259
outer loop
vertex 14.5375 0.0306672 -1.66241
vertex 14.4387 0.0305262 -1.66044
vertex 14.5375 2.00962 -1.52106
endloop
endfacet
facet normal -0.020029 0.0712328 -0.997259
outer loop
vertex 14.5375 2.00962 -1.52106
vertex 14.4387 0.0305262 -1.66044
vertex 14.4387 2.00948 -1.51909
endloop
endfacet
facet normal -0.0281956 0.0712187 -0.997062
outer loop
vertex 14.4387 0.0305262 -1.66044
vertex 14.3401 0.030328 -1.65766
vertex 14.4387 2.00948 -1.51909
endloop
endfacet
facet normal -0.0281956 0.0712187 -0.997062
outer loop
vertex 14.4387 2.00948 -1.51909
vertex 14.3401 0.030328 -1.65766
vertex 14.3401 2.00928 -1.51631
endloop
endfacet
facet normal -0.0345843 0.0712044 -0.996862
outer loop
vertex 14.3401 0.030328 -1.65766
vertex 14.2418 0.0300857 -1.65427
vertex 14.3401 2.00928 -1.51631
endloop
endfacet
facet normal -0.0345843 0.0712044 -0.996862
outer loop
vertex 14.3401 2.00928 -1.51631
vertex 14.2418 0.0300857 -1.65427
vertex 14.2418 2.00904 -1.51292
endloop
endfacet
facet normal -0.0427453 0.0711819 -0.996547
outer loop
vertex 14.2418 0.0300857 -1.65427
vertex 14.1435 0.0297861 -1.65008
vertex 14.2418 2.00904 -1.51292
endloop
endfacet
facet normal -0.0427453 0.0711819 -0.996547
outer loop
vertex 14.2418 2.00904 -1.51292
vertex 14.1435 0.0297861 -1.65008
vertex 14.1435 2.00874 -1.50872
endloop
endfacet
facet normal -0.050271 0.071157 -0.996198
outer loop
vertex 14.1435 0.0297861 -1.65008
vertex 14.0453 0.0294337 -1.64514
vertex 14.1435 2.00874 -1.50872
endloop
endfacet
facet normal -0.050271 0.071157 -0.996198
outer loop
vertex 14.1435 2.00874 -1.50872
vertex 14.0453 0.0294337 -1.64514
vertex 14.0453 2.00839 -1.50379
endloop
endfacet
facet normal -0.0591181 0.0711224 -0.995714
outer loop
vertex 14.0453 0.0294337 -1.64514
vertex 13.9481 0.0290239 -1.63941
vertex 14.0453 2.00839 -1.50379
endloop
endfacet
facet normal -0.0591181 0.0711224 -0.995714
outer loop
vertex 14.0453 2.00839 -1.50379
vertex 13.9481 0.0290239 -1.63941
vertex 13.9481 2.00798 -1.49805
endloop
endfacet
facet normal -0.0673975 0.071085 -0.995191
outer loop
vertex 13.9481 0.0290239 -1.63941
vertex 13.852 0.0285614 -1.63293
vertex 13.9481 2.00798 -1.49805
endloop
endfacet
facet normal -0.0673975 0.071085 -0.995191
outer loop
vertex 13.9481 2.00798 -1.49805
vertex 13.852 0.0285614 -1.63293
vertex 13.852 2.00751 -1.49158
endloop
endfacet
facet normal -0.0737105 0.0710532 -0.994745
outer loop
vertex 13.852 0.0285614 -1.63293
vertex 13.7567 0.0280591 -1.6259
vertex 13.852 2.00751 -1.49158
endloop
endfacet
facet normal -0.0737105 0.0710532 -0.994745
outer loop
vertex 13.852 2.00751 -1.49158
vertex 13.7567 0.0280591 -1.6259
vertex 13.7567 2.00701 -1.48455
endloop
endfacet
facet normal -0.0796997 0.0710204 -0.994286
outer loop
vertex 13.7567 0.0280591 -1.6259
vertex 13.6615 0.0275172 -1.61831
vertex 13.7567 2.00701 -1.48455
endloop
endfacet
facet normal -0.0796997 0.0710204 -0.994286
outer loop
vertex 13.7567 2.00701 -1.48455
vertex 13.6615 0.0275172 -1.61831
vertex 13.6615 2.00647 -1.47696
endloop
endfacet
facet normal -0.0887606 0.0709658 -0.993522
outer loop
vertex 13.6615 0.0275172 -1.61831
vertex 13.5665 0.0269137 -1.60986
vertex 13.6615 2.00647 -1.47696
endloop
endfacet
facet normal -0.0887606 0.0709658 -0.993522
outer loop
vertex 13.6615 2.00647 -1.47696
vertex 13.5665 0.0269137 -1.60986
vertex 13.5665 2.00587 -1.46851
endloop
endfacet
facet normal -0.101515 0.070879 -0.992306
outer loop
vertex 13.5665 0.0269137 -1.60986
vertex 13.4707 0.0262176 -1.60012
vertex 13.5665 2.00587 -1.46851
endloop
endfacet
facet normal -0.101515 0.070879 -0.992306
outer loop
vertex 13.5665 2.00587 -1.46851
vertex 13.4707 0.0262176 -1.60012
vertex 13.4707 2.00517 -1.45876
endloop
endfacet
facet normal -0.114103 0.0707817 -0.990944
outer loop
vertex 13.4707 0.0262176 -1.60012
vertex 13.376 0.0254422 -1.58926
vertex 13.4707 2.00517 -1.45876
endloop
endfacet
facet normal -0.114103 0.0707817 -0.990944
outer loop
vertex 13.4707 2.00517 -1.45876
vertex 13.376 0.0254422 -1.58926
vertex 13.376 2.00439 -1.44791
endloop
endfacet
facet normal -0.125605 0.0706828 -0.989559
outer loop
vertex 13.376 0.0254422 -1.58926
vertex 13.2817 0.0245919 -1.57736
vertex 13.376 2.00439 -1.44791
endloop
endfacet
facet normal -0.125605 0.0706828 -0.989559
outer loop
vertex 13.376 2.00439 -1.44791
vertex 13.2817 0.0245919 -1.57736
vertex 13.2817 2.00354 -1.43601
endloop
endfacet
facet normal -0.145361 0.0704903 -0.986864
outer loop
vertex 13.2817 0.0245919 -1.57736
vertex 13.1891 0.0236227 -1.56379
vertex 13.2817 2.00354 -1.43601
endloop
endfacet
facet normal -0.145361 0.0704903 -0.986864
outer loop
vertex 13.2817 2.00354 -1.43601
vertex 13.1891 0.0236227 -1.56379
vertex 13.1891 2.00257 -1.42244
endloop
endfacet
facet normal -0.17138 0.070193 -0.982701
outer loop
vertex 13.1891 0.0236227 -1.56379
vertex 13.0978 0.0224905 -1.54794
vertex 13.1891 2.00257 -1.42244
endloop
endfacet
facet normal -0.17138 0.070193 -0.982701
outer loop
vertex 13.1891 2.00257 -1.42244
vertex 13.0978 0.0224905 -1.54794
vertex 13.0978 2.00144 -1.40658
endloop
endfacet
facet normal -0.186337 0.0699992 -0.979989
outer loop
vertex 13.0978 0.0224905 -1.54794
vertex 13.0088 0.0212877 -1.5311
vertex 13.0978 2.00144 -1.40658
endloop
endfacet
facet normal -0.186337 0.0699992 -0.979989
outer loop
vertex 13.0978 2.00144 -1.40658
vertex 13.0088 0.0212877 -1.5311
vertex 13.0088 2.00024 -1.38975
endloop
endfacet
facet normal -0.203153 0.0697613 -0.976659
outer loop
vertex 13.0088 0.0212877 -1.5311
vertex 12.9235 0.0200278 -1.51346
vertex 13.0088 2.00024 -1.38975
endloop
endfacet
facet normal -0.203153 0.0697613 -0.976659
outer loop
vertex 13.0088 2.00024 -1.38975
vertex 12.9235 0.0200278 -1.51346
vertex 12.9235 1.99898 -1.37211
endloop
endfacet
facet normal -0.232692 0.0692913 -0.970079
outer loop
vertex 12.9235 0.0200278 -1.51346
vertex 12.8437 0.0186664 -1.4944
vertex 12.9235 1.99898 -1.37211
endloop
endfacet
facet normal -0.232692 0.0692913 -0.970079
outer loop
vertex 12.9235 1.99898 -1.37211
vertex 12.8437 0.0186664 -1.4944
vertex 12.8437 1.99762 -1.35305
endloop
endfacet
facet normal -0.266555 0.0686693 -0.96137
outer loop
vertex 12.8437 0.0186664 -1.4944
vertex 12.7712 0.017239 -1.47442
vertex 12.8437 1.99762 -1.35305
endloop
endfacet
facet normal -0.266555 0.0686693 -0.96137
outer loop
vertex 12.8437 1.99762 -1.35305
vertex 12.7712 0.017239 -1.47442
vertex 12.7712 1.99619 -1.33306
endloop
endfacet
facet normal -0.302169 0.0679166 -0.950832
outer loop
vertex 12.7712 0.017239 -1.47442
vertex 12.7074 0.0157984 -1.45425
vertex 12.7712 1.99619 -1.33306
endloop
endfacet
facet normal -0.302169 0.0679166 -0.950832
outer loop
vertex 12.7712 1.99619 -1.33306
vertex 12.7074 0.0157984 -1.45425
vertex 12.7074 1.99475 -1.3129
endloop
endfacet
facet normal -0.344439 0.0668874 -0.936423
outer loop
vertex 12.7074 0.0157984 -1.45425
vertex 12.6532 0.0143798 -1.43439
vertex 12.7074 1.99475 -1.3129
endloop
endfacet
facet normal -0.344439 0.0668874 -0.936423
outer loop
vertex 12.7074 1.99475 -1.3129
vertex 12.6532 0.0143798 -1.43439
vertex 12.6532 1.99333 -1.29304
endloop
endfacet
facet normal -0.390227 0.0655985 -0.918379
outer loop
vertex 12.6532 0.0143798 -1.43439
vertex 12.6082 0.0130229 -1.41539
vertex 12.6532 1.99333 -1.29304
endloop
endfacet
facet normal -0.390227 0.0655985 -0.918379
outer loop
vertex 12.6532 1.99333 -1.29304
vertex 12.6082 0.0130229 -1.41539
vertex 12.6082 1.99197 -1.27404
endloop
endfacet
facet normal -0.436378 0.0641055 -0.897477
outer loop
vertex 12.6082 0.0130229 -1.41539
vertex 12.5716 0.0117585 -1.39769
vertex 12.6082 1.99197 -1.27404
endloop
endfacet
facet normal -0.436378 0.0641055 -0.897477
outer loop
vertex 12.6082 1.99197 -1.27404
vertex 12.5716 0.0117585 -1.39769
vertex 12.5716 1.99071 -1.25634
endloop
endfacet
facet normal -0.479 0.0625417 -0.875584
outer loop
vertex 12.5716 0.0117585 -1.39769
vertex 12.5417 0.0105954 -1.38141
vertex 12.5716 1.99071 -1.25634
endloop
endfacet
facet normal -0.479 0.0625417 -0.875584
outer loop
vertex 12.5716 1.99071 -1.25634
vertex 12.5417 0.0105954 -1.38141
vertex 12.5417 1.98955 -1.24005
endloop
endfacet
facet normal -0.519353 0.0608849 -0.852388
outer loop
vertex 12.5417 0.0105954 -1.38141
vertex 12.517 0.00952486 -1.36642
vertex 12.5417 1.98955 -1.24005
endloop
endfacet
facet normal -0.519353 0.0608849 -0.852388
outer loop
vertex 12.5417 1.98955 -1.24005
vertex 12.517 0.00952486 -1.36642
vertex 12.517 1.98848 -1.22507
endloop
endfacet
facet normal -0.558299 0.0591094 -0.827531
outer loop
vertex 12.517 0.00952486 -1.36642
vertex 12.4964 0.00853801 -1.3526
vertex 12.517 1.98848 -1.22507
endloop
endfacet
facet normal -0.558299 0.0591094 -0.827531
outer loop
vertex 12.517 1.98848 -1.22507
vertex 12.4964 0.00853801 -1.3526
vertex 12.4964 1.98749 -1.21125
endloop
endfacet
facet normal -0.608345 0.0565468 -0.791656
outer loop
vertex 12.4964 0.00853801 -1.3526
vertex 12.4792 0.00759962 -1.33947
vertex 12.4964 1.98749 -1.21125
endloop
endfacet
facet normal -0.608345 0.0565468 -0.791656
outer loop
vertex 12.4964 1.98749 -1.21125
vertex 12.4792 0.00759962 -1.33947
vertex 12.4792 1.98655 -1.19811
endloop
endfacet
facet normal -0.671061 0.0528227 -0.739518
outer loop
vertex 12.4792 0.00759962 -1.33947
vertex 12.4649 0.00667885 -1.32658
vertex 12.4792 1.98655 -1.19811
endloop
endfacet
facet normal -0.671061 0.0528227 -0.739518
outer loop
vertex 12.4792 1.98655 -1.19811
vertex 12.4649 0.00667885 -1.32658
vertex 12.4649 1.98563 -1.18522
endloop
endfacet
facet normal -0.745005 0.047526 -0.665364
outer loop
vertex 12.4649 0.00667885 -1.32658
vertex 12.4533 0.00574928 -1.31356
vertex 12.4649 1.98563 -1.18522
endloop
endfacet
facet normal -0.745005 0.047526 -0.665364
outer loop
vertex 12.4649 1.98563 -1.18522
vertex 12.4533 0.00574928 -1.31356
vertex 12.4533 1.9847 -1.17221
endloop
endfacet
facet normal -0.814101 0.0413748 -0.579247
outer loop
vertex 12.4533 0.00574928 -1.31356
vertex 12.4439 0.00481089 -1.30042
vertex 12.4533 1.9847 -1.17221
endloop
endfacet
facet normal -0.814101 0.0413748 -0.579247
outer loop
vertex 12.4533 1.9847 -1.17221
vertex 12.4439 0.00481089 -1.30042
vertex 12.4439 1.98376 -1.15907
endloop
endfacet
facet normal -0.875006 0.0344915 -0.482882
outer loop
vertex 12.4439 0.00481089 -1.30042
vertex 12.4365 0.00386369 -1.28716
vertex 12.4439 1.98376 -1.15907
endloop
endfacet
facet normal -0.875006 0.0344915 -0.482882
outer loop
vertex 12.4439 1.98376 -1.15907
vertex 12.4365 0.00386369 -1.28716
vertex 12.4365 1.98282 -1.14581
endloop
endfacet
facet normal -0.922881 0.0274362 -0.384107
outer loop
vertex 12.4365 0.00386369 -1.28716
vertex 12.4309 0.00290328 -1.27372
vertex 12.4365 1.98282 -1.14581
endloop
endfacet
facet normal -0.922881 0.0274362 -0.384107
outer loop
vertex 12.4365 1.98282 -1.14581
vertex 12.4309 0.00290328 -1.27372
vertex 12.4309 1.98185 -1.13236
endloop
endfacet
facet normal -0.960078 0.01993 -0.279021
outer loop
vertex 12.4309 0.00290328 -1.27372
vertex 12.4269 0.00192083 -1.25996
vertex 12.4309 1.98185 -1.13236
endloop
endfacet
facet normal -0.960078 0.01993 -0.279021
outer loop
vertex 12.4309 1.98185 -1.13236
vertex 12.4269 0.00192083 -1.25996
vertex 12.4269 1.98087 -1.11861
endloop
endfacet
facet normal -0.985817 0.0119569 -0.167397
outer loop
vertex 12.4269 0.00192083 -1.25996
vertex 12.4245 0.000911954 -1.24584
vertex 12.4269 1.98087 -1.11861
endloop
endfacet
facet normal -0.985817 0.0119569 -0.167397
outer loop
vertex 12.4269 1.98087 -1.11861
vertex 12.4245 0.000911954 -1.24584
vertex 12.4245 1.97986 -1.10449
endloop
endfacet
facet normal -0.998035 0.00446388 -0.0624943
outer loop
vertex 12.4245 0.000911954 -1.24584
vertex 12.4237 0 -1.23307
vertex 12.4245 1.97986 -1.10449
endloop
endfacet
facet normal -0.998035 0.00446388 -0.0624943
outer loop
vertex 12.4245 1.97986 -1.10449
vertex 12.4237 0 -1.23307
vertex 12.4237 1.97895 -1.09172
endloop
endfacet
facet normal -0.856341 0.509018 0.087069
outer loop
vertex 12.4237 1.97895 -1.09172
vertex 12.4245 1.97798 -1.07815
vertex 14.336 5.11988 -0.645502
endloop
endfacet
facet normal -0.85626 0.5083 0.0919243
outer loop
vertex 14.336 5.11988 -0.645502
vertex 12.4245 1.97798 -1.07815
vertex 14.3366 5.11925 -0.636626
endloop
endfacet
facet normal -0.851401 0.493152 0.178656
outer loop
vertex 12.4245 1.97798 -1.07815
vertex 12.4269 1.97696 -1.06384
vertex 14.3366 5.11925 -0.636626
endloop
endfacet
facet normal -0.850015 0.490481 0.192102
outer loop
vertex 14.3366 5.11925 -0.636626
vertex 12.4269 1.97696 -1.06384
vertex 14.3383 5.11858 -0.627267
endloop
endfacet
facet normal -0.840202 0.474803 0.261958
outer loop
vertex 12.4269 1.97696 -1.06384
vertex 12.4309 1.9759 -1.04904
vertex 14.3383 5.11858 -0.627267
endloop
endfacet
facet normal -0.83638 0.46972 0.282545
outer loop
vertex 14.3383 5.11858 -0.627267
vertex 12.4309 1.9759 -1.04904
vertex 14.3412 5.11789 -0.617585
endloop
endfacet
facet normal -0.823506 0.453974 0.340213
outer loop
vertex 12.4309 1.9759 -1.04904
vertex 12.4365 1.97483 -1.03399
vertex 14.3412 5.11789 -0.617585
endloop
endfacet
facet normal -0.816422 0.44619 0.366565
outer loop
vertex 14.3412 5.11789 -0.617585
vertex 12.4365 1.97483 -1.03399
vertex 14.3452 5.11718 -0.607741
endloop
endfacet
facet normal -0.801166 0.43022 0.415986
outer loop
vertex 12.4365 1.97483 -1.03399
vertex 12.4439 1.97374 -1.01869
vertex 14.3452 5.11718 -0.607741
endloop
endfacet
facet normal -0.790184 0.419555 0.446747
outer loop
vertex 14.3452 5.11718 -0.607741
vertex 12.4439 1.97374 -1.01869
vertex 14.3505 5.11647 -0.597736
endloop
endfacet
facet normal -0.768956 0.399683 0.498959
outer loop
vertex 12.4439 1.97374 -1.01869
vertex 12.4533 1.97264 -1.00333
vertex 14.3505 5.11647 -0.597736
endloop
endfacet
facet normal -0.753129 0.385752 0.532909
outer loop
vertex 14.3505 5.11647 -0.597736
vertex 12.4533 1.97264 -1.00333
vertex 14.3573 5.11575 -0.587691
endloop
endfacet
facet normal -0.727552 0.363814 0.581642
outer loop
vertex 12.4533 1.97264 -1.00333
vertex 12.4649 1.97155 -0.988037
vertex 14.3573 5.11575 -0.587691
endloop
endfacet
facet normal -0.706663 0.346772 0.616747
outer loop
vertex 14.3573 5.11575 -0.587691
vertex 12.4649 1.97155 -0.988037
vertex 14.3656 5.11504 -0.577686
endloop
endfacet
facet normal -0.677479 0.323396 0.660634
outer loop
vertex 12.4649 1.97155 -0.988037
vertex 12.4792 1.97046 -0.972864
vertex 14.3656 5.11504 -0.577686
endloop
endfacet
facet normal -0.651996 0.30383 0.694686
outer loop
vertex 14.3656 5.11504 -0.577686
vertex 12.4792 1.97046 -0.972864
vertex 14.3759 5.11433 -0.567761
endloop
endfacet
facet normal -0.623482 0.282189 0.729136
outer loop
vertex 12.4792 1.97046 -0.972864
vertex 12.4964 1.96938 -0.957753
vertex 14.3759 5.11433 -0.567761
endloop
endfacet
facet normal -0.594682 0.261103 0.760381
outer loop
vertex 14.3759 5.11433 -0.567761
vertex 12.4964 1.96938 -0.957753
vertex 14.3882 5.11362 -0.557877
endloop
endfacet
facet normal -0.56888 0.242332 0.785908
outer loop
vertex 12.4964 1.96938 -0.957753
vertex 12.517 1.96829 -0.942519
vertex 14.3882 5.11362 -0.557877
endloop
endfacet
facet normal -0.538225 0.220735 0.813382
outer loop
vertex 14.3882 5.11362 -0.557877
vertex 12.517 1.96829 -0.942519
vertex 14.403 5.11291 -0.547913
endloop
endfacet
facet normal -0.518427 0.206809 0.829737
outer loop
vertex 12.517 1.96829 -0.942519
vertex 12.5417 1.96717 -0.926791
vertex 14.403 5.11291 -0.547913
endloop
endfacet
facet normal -0.487223 0.185502 0.853348
outer loop
vertex 14.403 5.11291 -0.547913
vertex 12.5417 1.96717 -0.926791
vertex 14.4207 5.11218 -0.537625
endloop
endfacet
facet normal -0.464621 0.170058 0.869027
outer loop
vertex 12.5417 1.96717 -0.926791
vertex 12.5716 1.96601 -0.910569
vertex 14.4207 5.11218 -0.537625
endloop
endfacet
facet normal -0.433905 0.149705 0.888434
outer loop
vertex 14.4207 5.11218 -0.537625
vertex 12.5716 1.96601 -0.910569
vertex 14.4422 5.11142 -0.527015
endloop
endfacet
facet normal -0.421088 0.141164 0.895967
outer loop
vertex 12.5716 1.96601 -0.910569
vertex 12.6082 1.96477 -0.893176
vertex 14.4422 5.11142 -0.527015
endloop
endfacet
facet normal -0.391471 0.122029 0.912063
outer loop
vertex 14.4422 5.11142 -0.527015
vertex 12.6082 1.96477 -0.893176
vertex 14.4684 5.11061 -0.515639
endloop
endfacet
facet normal -0.383714 0.116968 0.916014
outer loop
vertex 12.6082 1.96477 -0.893176
vertex 12.6532 1.96341 -0.874179
vertex 14.4684 5.11061 -0.515639
endloop
endfacet
facet normal -0.355482 0.0991583 0.929408
outer loop
vertex 14.4684 5.11061 -0.515639
vertex 12.6532 1.96341 -0.874179
vertex 14.5007 5.10972 -0.503213
endloop
endfacet
facet normal -0.350069 0.0956952 0.931823
outer loop
vertex 12.6532 1.96341 -0.874179
vertex 12.7074 1.96195 -0.853641
vertex 14.5007 5.10972 -0.503213
endloop
endfacet
facet normal -0.323396 0.0792623 0.942938
outer loop
vertex 14.5007 5.10972 -0.503213
vertex 12.7074 1.96195 -0.853641
vertex 14.5396 5.10876 -0.489779
endloop
endfacet
facet normal -0.315609 0.0743779 0.94597
outer loop
vertex 12.7074 1.96195 -0.853641
vertex 12.7712 1.96042 -0.832238
vertex 14.5396 5.10876 -0.489779
endloop
endfacet
facet normal -0.290806 0.0594713 0.954932
outer loop
vertex 14.5396 5.10876 -0.489779
vertex 12.7712 1.96042 -0.832238
vertex 14.5854 5.10776 -0.47578
endloop
endfacet
facet normal -0.278941 0.0521839 0.958889
outer loop
vertex 12.7712 1.96042 -0.832238
vertex 12.8437 1.95891 -0.811083
vertex 14.5854 5.10776 -0.47578
endloop
endfacet
facet normal -0.256396 0.0389792 0.965786
outer loop
vertex 14.5854 5.10776 -0.47578
vertex 12.8437 1.95891 -0.811083
vertex 14.6374 5.10677 -0.461942
endloop
endfacet
facet normal -0.247659 0.0337265 0.96826
outer loop
vertex 12.8437 1.95891 -0.811083
vertex 12.9235 1.95744 -0.790606
vertex 14.6374 5.10677 -0.461942
endloop
endfacet
facet normal -0.22723 0.022053 0.973591
outer loop
vertex 14.6374 5.10677 -0.461942
vertex 12.9235 1.95744 -0.790606
vertex 14.6946 5.10581 -0.448549
endloop
endfacet
facet normal -0.22058 0.0181367 0.9752
outer loop
vertex 12.9235 1.95744 -0.790606
vertex 13.0088 1.95606 -0.7713
vertex 14.6946 5.10581 -0.448549
endloop
endfacet
facet normal -0.202106 0.00782547 0.979332
outer loop
vertex 14.6946 5.10581 -0.448549
vertex 13.0088 1.95606 -0.7713
vertex 14.7558 5.10491 -0.435921
endloop
endfacet
facet normal -0.200182 0.00671477 0.979736
outer loop
vertex 13.0088 1.95606 -0.7713
vertex 13.0978 1.95476 -0.753105
vertex 14.7558 5.10491 -0.435921
endloop
endfacet
facet normal -0.183248 -0.00253333 0.983064
outer loop
vertex 14.7558 5.10491 -0.435921
vertex 13.0978 1.95476 -0.753105
vertex 14.8197 5.10406 -0.42402
endloop
endfacet
facet normal -0.183218 -0.00255021 0.983069
outer loop
vertex 13.0978 1.95476 -0.753105
vertex 13.1891 1.95355 -0.736082
vertex 14.8197 5.10406 -0.42402
endloop
endfacet
facet normal -0.167603 -0.0109017 0.985794
outer loop
vertex 14.8197 5.10406 -0.42402
vertex 13.1891 1.95355 -0.736082
vertex 14.8852 5.10327 -0.412886
endloop
endfacet
facet normal -0.163766 -0.0130311 0.986413
outer loop
vertex 13.1891 1.95355 -0.736082
vertex 13.2817 1.95245 -0.720724
vertex 14.8852 5.10327 -0.412886
endloop
endfacet
facet normal -0.149703 -0.020394 0.988521
outer loop
vertex 14.8852 5.10327 -0.412886
vertex 13.2817 1.95245 -0.720724
vertex 14.9516 5.10255 -0.40284
endloop
endfacet
facet normal -0.148376 -0.0211162 0.988706
outer loop
vertex 13.2817 1.95245 -0.720724
vertex 13.376 1.95144 -0.7066
vertex 14.9516 5.10255 -0.40284
endloop
endfacet
facet normal -0.135566 -0.0276829 0.990381
outer loop
vertex 14.9516 5.10255 -0.40284
vertex 13.376 1.95144 -0.7066
vertex 15.0193 5.10189 -0.393602
endloop
endfacet
facet normal -0.135647 -0.0276401 0.990372
outer loop
vertex 13.376 1.95144 -0.7066
vertex 13.4707 1.95052 -0.693648
vertex 15.0193 5.10189 -0.393602
endloop
endfacet
facet normal -0.12389 -0.0335464 0.991729
outer loop
vertex 15.0193 5.10189 -0.393602
vertex 13.4707 1.95052 -0.693648
vertex 15.0872 5.10128 -0.38513
endloop
endfacet
facet normal -0.122346 -0.0343547 0.991893
outer loop
vertex 13.4707 1.95052 -0.693648
vertex 13.5665 1.94968 -0.681867
vertex 15.0872 5.10128 -0.38513
endloop
endfacet
facet normal -0.111703 -0.0395902 0.992953
outer loop
vertex 15.0872 5.10128 -0.38513
vertex 13.5665 1.94968 -0.681867
vertex 15.1559 5.10073 -0.377424
endloop
endfacet
facet normal -0.114314 -0.0382491 0.992708
outer loop
vertex 13.5665 1.94968 -0.681867
vertex 13.6615 1.9489 -0.67095
vertex 15.1559 5.10073 -0.377424
endloop
endfacet
facet normal -0.10435 -0.0430574 0.993608
outer loop
vertex 15.1559 5.10073 -0.377424
vertex 13.6615 1.9489 -0.67095
vertex 15.2241 5.10022 -0.370284
endloop
endfacet
facet normal -0.100853 -0.0448182 0.993891
outer loop
vertex 13.6615 1.9489 -0.67095
vertex 13.7567 1.94821 -0.661328
vertex 15.2241 5.10022 -0.370284
endloop
endfacet
facet normal -0.0920355 -0.0489843 0.99455
outer loop
vertex 15.2241 5.10022 -0.370284
vertex 13.7567 1.94821 -0.661328
vertex 15.2924 5.09977 -0.36399
endloop
endfacet
facet normal -0.0948512 -0.0475937 0.994353
outer loop
vertex 13.7567 1.94821 -0.661328
vertex 13.852 1.94756 -0.652262
vertex 15.2924 5.09977 -0.36399
endloop
endfacet
facet normal -0.0865481 -0.0514394 0.994919
outer loop
vertex 15.2924 5.09977 -0.36399
vertex 13.852 1.94756 -0.652262
vertex 15.3608 5.09935 -0.35806
endloop
endfacet
facet normal -0.0884151 -0.0505346 0.994801
outer loop
vertex 13.852 1.94756 -0.652262
vertex 13.9481 1.94695 -0.64375
vertex 15.3608 5.09935 -0.35806
endloop
endfacet
facet normal -0.080666 -0.0540501 0.995275
outer loop
vertex 15.3608 5.09935 -0.35806
vertex 13.9481 1.94695 -0.64375
vertex 15.4298 5.09895 -0.352492
endloop
endfacet
facet normal -0.078707 -0.0549807 0.99538
outer loop
vertex 13.9481 1.94695 -0.64375
vertex 14.0453 1.94641 -0.636102
vertex 15.4298 5.09895 -0.352492
endloop
endfacet
facet normal -0.0717974 -0.0580465 0.995729
outer loop
vertex 15.4298 5.09895 -0.352492
vertex 14.0453 1.94641 -0.636102
vertex 15.4994 5.0986 -0.34749
endloop
endfacet
facet normal -0.072161 -0.0578773 0.995712
outer loop
vertex 14.0453 1.94641 -0.636102
vertex 14.1435 1.9459 -0.629009
vertex 15.4994 5.0986 -0.34749
endloop
endfacet
facet normal -0.0658198 -0.0606291 0.995988
outer loop
vertex 15.4994 5.0986 -0.34749
vertex 14.1435 1.9459 -0.629009
vertex 15.5699 5.09826 -0.342851
endloop
endfacet
facet normal -0.0652919 -0.0608698 0.996008
outer loop
vertex 14.1435 1.9459 -0.629009
vertex 14.2418 1.94544 -0.622595
vertex 15.5699 5.09826 -0.342851
endloop
endfacet
facet normal -0.0595489 -0.0633074 0.996216
outer loop
vertex 15.5699 5.09826 -0.342851
vertex 14.2418 1.94544 -0.622595
vertex 15.6404 5.09796 -0.338655
endloop
endfacet
facet normal -0.0577866 -0.0640941 0.996269
outer loop
vertex 14.2418 1.94544 -0.622595
vertex 14.3401 1.94504 -0.61692
vertex 15.6404 5.09796 -0.338655
endloop
endfacet
facet normal -0.0526992 -0.066205 0.996413
outer loop
vertex 15.6404 5.09796 -0.338655
vertex 14.3401 1.94504 -0.61692
vertex 15.711 5.0977 -0.334943
endloop
endfacet
facet normal -0.0507065 -0.0670756 0.996459
outer loop
vertex 14.3401 1.94504 -0.61692
vertex 14.4387 1.94468 -0.611924
vertex 15.711 5.0977 -0.334943
endloop
endfacet
facet normal -0.046239 -0.0688864 0.996552
outer loop
vertex 15.711 5.0977 -0.334943
vertex 14.4387 1.94468 -0.611924
vertex 15.7817 5.09747 -0.331676
endloop
endfacet
facet normal -0.0437802 -0.0699371 0.99659
outer loop
vertex 14.4387 1.94468 -0.611924
vertex 14.5375 1.94437 -0.607607
vertex 15.7817 5.09747 -0.331676
endloop
endfacet
facet normal -0.0399206 -0.0714648 0.996644
outer loop
vertex 15.7817 5.09747 -0.331676
vertex 14.5375 1.94437 -0.607607
vertex 15.8526 5.09726 -0.328852
endloop
endfacet
facet normal -0.0382318 -0.0721706 0.996659
outer loop
vertex 14.5375 1.94437 -0.607607
vertex 14.6361 1.9441 -0.603844
vertex 15.8526 5.09726 -0.328852
endloop
endfacet
facet normal -0.0348599 -0.0734739 0.996688
outer loop
vertex 15.8526 5.09726 -0.328852
vertex 14.6361 1.9441 -0.603844
vertex 15.9233 5.09709 -0.326391
endloop
endfacet
facet normal -0.0313253 -0.0749178 0.996698
outer loop
vertex 14.6361 1.9441 -0.603844
vertex 14.7347 1.94388 -0.600761
vertex 15.9233 5.09709 -0.326391
endloop
endfacet
facet normal -0.0285613 -0.0759601 0.996702
outer loop
vertex 15.9233 5.09709 -0.326391
vertex 14.7347 1.94388 -0.600761
vertex 15.9941 5.09694 -0.324374
endloop
endfacet
facet normal -0.0237969 -0.0778611 0.99668
outer loop
vertex 14.7347 1.94388 -0.600761
vertex 14.8335 1.94372 -0.598417
vertex 15.9941 5.09694 -0.324374
endloop
endfacet
facet normal -0.0216964 -0.0786332 0.996667
outer loop
vertex 15.9941 5.09694 -0.324374
vertex 14.8335 1.94372 -0.598417
vertex 16.0649 5.09683 -0.322841
endloop
endfacet
facet normal -0.0168786 -0.0805098 0.996611
outer loop
vertex 14.8335 1.94372 -0.598417
vertex 14.9324 1.9436 -0.596751
vertex 16.0649 5.09683 -0.322841
endloop
endfacet
facet normal -0.0153884 -0.0810434 0.996592
outer loop
vertex 16.0649 5.09683 -0.322841
vertex 14.9324 1.9436 -0.596751
vertex 16.1359 5.09676 -0.321751
endloop
endfacet
facet normal -0.0112671 -0.08261 0.996518
outer loop
vertex 14.9324 1.9436 -0.596751
vertex 15.0311 1.94352 -0.595641
vertex 16.1359 5.09676 -0.321751
endloop
endfacet
facet normal -0.0102722 -0.082957 0.9965
outer loop
vertex 16.1359 5.09676 -0.321751
vertex 15.0311 1.94352 -0.595641
vertex 16.2067 5.0967 -0.321025
endloop
endfacet
facet normal -0.00439276 -0.0851368 0.99636
outer loop
vertex 15.0311 1.94352 -0.595641
vertex 15.1297 1.94349 -0.59521
vertex 16.2067 5.0967 -0.321025
endloop
endfacet
facet normal -0.00400485 -0.0852685 0.99635
outer loop
vertex 16.2067 5.0967 -0.321025
vertex 15.1297 1.94349 -0.59521
vertex 16.2774 5.09668 -0.320743
endloop
endfacet
facet normal 0.00376034 -0.0880738 0.996107
outer loop
vertex 15.1297 1.94349 -0.59521
vertex 15.2283 1.94351 -0.59558
vertex 16.2774 5.09668 -0.320743
endloop
endfacet
facet normal 0.00342829 -0.0879643 0.996118
outer loop
vertex 16.2774 5.09668 -0.320743
vertex 15.2283 1.94351 -0.59558
vertex 16.3482 5.0967 -0.320985
endloop
endfacet
facet normal 0.01064 -0.0905014 0.995839
outer loop
vertex 15.2283 1.94351 -0.59558
vertex 15.3271 1.94359 -0.596628
vertex 16.3482 5.0967 -0.320985
endloop
endfacet
facet normal 0.00970053 -0.0902004 0.995876
outer loop
vertex 16.3482 5.0967 -0.320985
vertex 15.3271 1.94359 -0.596628
vertex 16.4191 5.09675 -0.321671
endloop
endfacet
facet normal 0.017566 -0.0928933 0.995521
outer loop
vertex 15.3271 1.94359 -0.596628
vertex 15.4256 1.94371 -0.598355
vertex 16.4191 5.09675 -0.321671
endloop
endfacet
facet normal 0.0160154 -0.092411 0.995592
outer loop
vertex 16.4191 5.09675 -0.321671
vertex 15.4256 1.94371 -0.598355
vertex 16.4897 5.09683 -0.3228
endloop
endfacet
facet normal 0.0251046 -0.0954371 0.995119
outer loop
vertex 15.4256 1.94371 -0.598355
vertex 15.5241 1.94389 -0.600822
vertex 16.4897 5.09683 -0.3228
endloop
endfacet
facet normal 0.0228893 -0.0947689 0.995236
outer loop
vertex 16.4897 5.09683 -0.3228
vertex 15.5241 1.94389 -0.600822
vertex 16.5604 5.09695 -0.324414
endloop
endfacet
facet normal 0.0319601 -0.0977034 0.994702
outer loop
vertex 15.5241 1.94389 -0.600822
vertex 15.6227 1.94411 -0.603968
vertex 16.5604 5.09695 -0.324414
endloop
endfacet
facet normal 0.0291409 -0.0968798 0.994869
outer loop
vertex 16.5604 5.09695 -0.324414
vertex 15.6227 1.94411 -0.603968
vertex 16.6311 5.09709 -0.326471
endloop
endfacet
facet normal 0.0395658 -0.100154 0.994185
outer loop
vertex 15.6227 1.94411 -0.603968
vertex 15.721 1.94439 -0.607854
vertex 16.6311 5.09709 -0.326471
endloop
endfacet
facet normal 0.0360777 -0.0991676 0.994417
outer loop
vertex 16.6311 5.09709 -0.326471
vertex 15.721 1.94439 -0.607854
vertex 16.7017 5.09728 -0.329013
endloop
endfacet
facet normal 0.0478594 -0.102756 0.993555
outer loop
vertex 15.721 1.94439 -0.607854
vertex 15.819 1.94472 -0.612541
vertex 16.7017 5.09728 -0.329013
endloop
endfacet
facet normal 0.0436431 -0.101604 0.993867
outer loop
vertex 16.7017 5.09728 -0.329013
vertex 15.819 1.94472 -0.612541
vertex 16.772 5.09749 -0.332079
endloop
endfacet
facet normal 0.0552168 -0.105019 0.992936
outer loop
vertex 15.819 1.94472 -0.612541
vertex 15.9174 1.94511 -0.617969
vertex 16.772 5.09749 -0.332079
endloop
endfacet
facet normal 0.0503559 -0.103737 0.993329
outer loop
vertex 16.772 5.09749 -0.332079
vertex 15.9174 1.94511 -0.617969
vertex 16.8426 5.09775 -0.335629
endloop
endfacet
facet normal 0.0626378 -0.107245 0.992258
outer loop
vertex 15.9174 1.94511 -0.617969
vertex 16.0148 1.94555 -0.624075
vertex 16.8426 5.09775 -0.335629
endloop
endfacet
facet normal 0.0571283 -0.105843 0.99274
outer loop
vertex 16.8426 5.09775 -0.335629
vertex 16.0148 1.94555 -0.624075
vertex 16.9125 5.09803 -0.339623
endloop
endfacet
facet normal 0.0748557 -0.110736 0.991027
outer loop
vertex 16.0148 1.94555 -0.624075
vertex 16.1111 1.94606 -0.631291
vertex 16.9125 5.09803 -0.339623
endloop
endfacet
facet normal 0.0682822 -0.109125 0.99168
outer loop
vertex 16.9125 5.09803 -0.339623
vertex 16.1111 1.94606 -0.631291
vertex 16.9816 5.09837 -0.344343
endloop
endfacet
facet normal 0.0779827 -0.111712 0.990676
outer loop
vertex 16.1111 1.94606 -0.631291
vertex 16.2075 1.9466 -0.638816
vertex 16.9816 5.09837 -0.344343
endloop
endfacet
facet normal 0.0711376 -0.110096 0.991372
outer loop
vertex 16.9816 5.09837 -0.344343
vertex 16.2075 1.9466 -0.638816
vertex 17.0507 5.09872 -0.349265
endloop
endfacet
facet normal 0.0885321 -0.114574 0.989462
outer loop
vertex 16.2075 1.9466 -0.638816
vertex 16.3041 1.94721 -0.647389
vertex 17.0507 5.09872 -0.349265
endloop
endfacet
facet normal 0.080774 -0.112818 0.990327
outer loop
vertex 17.0507 5.09872 -0.349265
vertex 16.3041 1.94721 -0.647389
vertex 17.12 5.09912 -0.354873
endloop
endfacet
facet normal 0.0970046 -0.116841 0.988402
outer loop
vertex 16.3041 1.94721 -0.647389
vertex 16.4017 1.94789 -0.656888
vertex 17.12 5.09912 -0.354873
endloop
endfacet
facet normal 0.0885166 -0.115003 0.989414
outer loop
vertex 17.12 5.09912 -0.354873
vertex 16.4017 1.94789 -0.656888
vertex 17.19 5.09957 -0.361086
endloop
endfacet
facet normal 0.104964 -0.118922 0.98734
outer loop
vertex 16.4017 1.94789 -0.656888
vertex 16.4994 1.94863 -0.667188
vertex 17.19 5.09957 -0.361086
endloop
endfacet
facet normal 0.0957933 -0.117025 0.988498
outer loop
vertex 17.19 5.09957 -0.361086
vertex 16.4994 1.94863 -0.667188
vertex 17.2602 5.10005 -0.367823
endloop
endfacet
facet normal 0.112755 -0.120904 0.98624
outer loop
vertex 16.4994 1.94863 -0.667188
vertex 16.5969 1.94942 -0.678228
vertex 17.2602 5.10005 -0.367823
endloop
endfacet
facet normal 0.102919 -0.118963 0.98755
outer loop
vertex 17.2602 5.10005 -0.367823
vertex 16.5969 1.94942 -0.678228
vertex 17.33 5.10056 -0.375044
endloop
endfacet
facet normal 0.121738 -0.123087 0.984901
outer loop
vertex 16.5969 1.94942 -0.678228
vertex 16.694 1.95027 -0.690132
vertex 17.33 5.10056 -0.375044
endloop
endfacet
facet normal 0.111139 -0.121097 0.986399
outer loop
vertex 17.33 5.10056 -0.375044
vertex 16.694 1.95027 -0.690132
vertex 17.3998 5.10112 -0.38283
endloop
endfacet
facet normal 0.130898 -0.125235 0.983454
outer loop
vertex 16.694 1.95027 -0.690132
vertex 16.7908 1.95118 -0.702899
vertex 17.3998 5.10112 -0.38283
endloop
endfacet
facet normal 0.119526 -0.12321 0.985156
outer loop
vertex 17.3998 5.10112 -0.38283
vertex 16.7908 1.95118 -0.702899
vertex 17.4692 5.10172 -0.391181
endloop
endfacet
facet normal 0.142489 -0.127794 0.981512
outer loop
vertex 16.7908 1.95118 -0.702899
vertex 16.8869 1.95217 -0.716715
vertex 17.4692 5.10172 -0.391181
endloop
endfacet
facet normal 0.130147 -0.125716 0.983492
outer loop
vertex 17.4692 5.10172 -0.391181
vertex 16.8869 1.95217 -0.716715
vertex 17.5381 5.10236 -0.400218
endloop
endfacet
facet normal 0.153217 -0.130094 0.979592
outer loop
vertex 16.8869 1.95217 -0.716715
vertex 16.9836 1.95324 -0.731703
vertex 17.5381 5.10236 -0.400218
endloop
endfacet
facet normal 0.139984 -0.128001 0.981845
outer loop
vertex 17.5381 5.10236 -0.400218
vertex 16.9836 1.95324 -0.731703
vertex 17.6075 5.10306 -0.410021
endloop
endfacet
facet normal 0.16121 -0.13182 0.978077
outer loop
vertex 16.9836 1.95324 -0.731703
vertex 17.0811 1.95437 -0.747616
vertex 17.6075 5.10306 -0.410021
endloop
endfacet
facet normal 0.147318 -0.129762 0.98054
outer loop
vertex 17.6075 5.10306 -0.410021
vertex 17.0811 1.95437 -0.747616
vertex 17.6774 5.10381 -0.42043
endloop
endfacet
facet normal 0.163937 -0.132595 0.977519
outer loop
vertex 17.0811 1.95437 -0.747616
vertex 17.1784 1.95553 -0.763776
vertex 17.6774 5.10381 -0.42043
endloop
endfacet
facet normal 0.149822 -0.130633 0.980045
outer loop
vertex 17.6774 5.10381 -0.42043
vertex 17.1784 1.95553 -0.763776
vertex 17.7472 5.10456 -0.430999
endloop
endfacet
facet normal 0.171429 -0.134111 0.976026
outer loop
vertex 17.1784 1.95553 -0.763776
vertex 17.2741 1.95672 -0.780429
vertex 17.7472 5.10456 -0.430999
endloop
endfacet
facet normal 0.156702 -0.132201 0.978758
outer loop
vertex 17.7472 5.10456 -0.430999
vertex 17.2741 1.95672 -0.780429
vertex 17.8159 5.10534 -0.441892
endloop
endfacet
facet normal 0.180853 -0.135854 0.974082
outer loop
vertex 17.2741 1.95672 -0.780429
vertex 17.3674 1.95794 -0.797575
vertex 17.8159 5.10534 -0.441892
endloop
endfacet
facet normal 0.165364 -0.133987 0.977089
outer loop
vertex 17.8159 5.10534 -0.441892
vertex 17.3674 1.95794 -0.797575
vertex 17.8829 5.10614 -0.453107
endloop
endfacet
facet normal 0.187227 -0.137087 0.972704
outer loop
vertex 17.3674 1.95794 -0.797575
vertex 17.4564 1.95915 -0.814537
vertex 17.8829 5.10614 -0.453107
endloop
endfacet
facet normal 0.171227 -0.135285 0.975899
outer loop
vertex 17.8829 5.10614 -0.453107
vertex 17.4564 1.95915 -0.814537
vertex 17.9467 5.10693 -0.464202
endloop
endfacet
facet normal 0.196974 -0.1387 0.970548
outer loop
vertex 17.4564 1.95915 -0.814537
vertex 17.5399 1.96035 -0.831313
vertex 17.9467 5.10693 -0.464202
endloop
endfacet
facet normal 0.180199 -0.13694 0.974051
outer loop
vertex 17.9467 5.10693 -0.464202
vertex 17.5399 1.96035 -0.831313
vertex 18.0066 5.10772 -0.475175
endloop
endfacet
facet normal 0.22822 -0.14282 0.963077
outer loop
vertex 17.5399 1.96035 -0.831313
vertex 17.6233 1.96175 -0.850865
vertex 18.0066 5.10772 -0.475175
endloop
endfacet
facet normal 0.209025 -0.141031 0.967687
outer loop
vertex 18.0066 5.10772 -0.475175
vertex 17.6233 1.96175 -0.850865
vertex 18.0664 5.10863 -0.487963
endloop
endfacet
facet normal 0.237127 -0.144185 0.960719
outer loop
vertex 17.6233 1.96175 -0.850865
vertex 17.7054 1.96318 -0.87091
vertex 18.0664 5.10863 -0.487963
endloop
endfacet
facet normal 0.21726 -0.142506 0.965655
outer loop
vertex 18.0664 5.10863 -0.487963
vertex 17.7054 1.96318 -0.87091
vertex 18.1253 5.10957 -0.501075
endloop
endfacet
facet normal 0.258445 -0.146729 0.954818
outer loop
vertex 17.7054 1.96318 -0.87091
vertex 17.7881 1.96476 -0.893053
vertex 18.1253 5.10957 -0.501075
endloop
endfacet
facet normal 0.237008 -0.145151 0.960603
outer loop
vertex 18.1253 5.10957 -0.501075
vertex 17.7881 1.96476 -0.893053
vertex 18.1847 5.1106 -0.515558
endloop
endfacet
facet normal 0.257534 -0.147068 0.955012
outer loop
vertex 17.7881 1.96476 -0.893053
vertex 17.872 1.96636 -0.915442
vertex 18.1847 5.1106 -0.515558
endloop
endfacet
facet normal 0.23616 -0.14567 0.960734
outer loop
vertex 18.1847 5.1106 -0.515558
vertex 17.872 1.96636 -0.915442
vertex 18.2449 5.11165 -0.530202
endloop
endfacet
facet normal 0.262323 -0.147896 0.953579
outer loop
vertex 17.872 1.96636 -0.915442
vertex 17.96 1.96807 -0.939373
vertex 18.2449 5.11165 -0.530202
endloop
endfacet
facet normal 0.2406 -0.146694 0.959475
outer loop
vertex 18.2449 5.11165 -0.530202
vertex 17.96 1.96807 -0.939373
vertex 18.308 5.11276 -0.545855
endloop
endfacet
facet normal 0.257062 -0.147956 0.955002
outer loop
vertex 17.96 1.96807 -0.939373
vertex 18.0529 1.96984 -0.964106
vertex 18.308 5.11276 -0.545855
endloop
endfacet
facet normal 0.235714 -0.146974 0.960644
outer loop
vertex 18.308 5.11276 -0.545855
vertex 18.0529 1.96984 -0.964106
vertex 18.3746 5.11392 -0.562033
endloop
endfacet
facet normal 0.254246 -0.14824 0.955711
outer loop
vertex 18.0529 1.96984 -0.964106
vertex 18.1466 1.9716 -0.988777
vertex 18.3746 5.11392 -0.562033
endloop
endfacet
facet normal 0.2331 -0.147452 0.961209
outer loop
vertex 18.3746 5.11392 -0.562033
vertex 18.1466 1.9716 -0.988777
vertex 18.4419 5.11507 -0.57817
endloop
endfacet
facet normal 0.242316 -0.148009 0.958841
outer loop
vertex 18.1466 1.9716 -0.988777
vertex 18.2396 1.97326 -1.01203
vertex 18.4419 5.11507 -0.57817
endloop
endfacet
facet normal 0.222045 -0.147393 0.963832
outer loop
vertex 18.4419 5.11507 -0.57817
vertex 18.2396 1.97326 -1.01203
vertex 18.5087 5.11616 -0.593379
endloop
endfacet
facet normal 0.228596 -0.147742 0.962245
outer loop
vertex 18.2396 1.97326 -1.01203
vertex 18.3313 1.9748 -1.03356
vertex 18.5087 5.11616 -0.593379
endloop
endfacet
facet normal 0.209354 -0.147278 0.966685
outer loop
vertex 18.5087 5.11616 -0.593379
vertex 18.3313 1.9748 -1.03356
vertex 18.5744 5.11716 -0.607459
endloop
endfacet
facet normal 0.217793 -0.147669 0.964759
outer loop
vertex 18.3313 1.9748 -1.03356
vertex 18.4191 1.9762 -1.05317
vertex 18.5744 5.11716 -0.607459
endloop
endfacet
facet normal 0.199375 -0.14733 0.968785
outer loop
vertex 18.5744 5.11716 -0.607459
vertex 18.4191 1.9762 -1.05317
vertex 18.6374 5.11808 -0.620288
endloop
endfacet
facet normal 0.206792 -0.147625 0.967184
outer loop
vertex 18.4191 1.9762 -1.05317
vertex 18.4987 1.9774 -1.07001
vertex 18.6374 5.11808 -0.620288
endloop
endfacet
facet normal 0.189227 -0.147369 0.970812
outer loop
vertex 18.6374 5.11808 -0.620288
vertex 18.4987 1.9774 -1.07001
vertex 18.6945 5.11887 -0.631301
endloop
endfacet
facet normal 0.201587 -0.147782 0.968258
outer loop
vertex 18.4987 1.9774 -1.07001
vertex 18.5664 1.9784 -1.08395
vertex 18.6945 5.11887 -0.631301
endloop
endfacet
facet normal 0.18443 -0.147579 0.971703
outer loop
vertex 18.6945 5.11887 -0.631301
vertex 18.5664 1.9784 -1.08395
vertex 18.7431 5.11952 -0.640419
endloop
endfacet
facet normal 0.198615 -0.147973 0.968843
outer loop
vertex 18.5664 1.9784 -1.08395
vertex 18.6047 1.97895 -1.09172
vertex 18.7431 5.11952 -0.640419
endloop
endfacet
facet normal 0.181693 -0.14771 0.972198
outer loop
vertex 18.7431 5.11952 -0.640419
vertex 18.6047 1.97895 -1.09172
vertex 18.7706 5.11988 -0.645502
endloop
endfacet
facet normal -0.0786039 0.144285 -0.986409
outer loop
vertex 18.6047 1.97895 -1.09172
vertex 18.5664 1.97874 -1.0887
vertex 18.7706 5.11988 -0.645502
endloop
endfacet
facet normal -0.0717024 0.143918 -0.986989
outer loop
vertex 18.7706 5.11988 -0.645502
vertex 18.5664 1.97874 -1.0887
vertex 18.7431 5.11974 -0.643525
endloop
endfacet
facet normal -0.083528 0.144441 -0.985982
outer loop
vertex 18.5664 1.97874 -1.0887
vertex 18.4987 1.97833 -1.08302
vertex 18.7431 5.11974 -0.643525
endloop
endfacet
facet normal -0.0762 0.143963 -0.986645
outer loop
vertex 18.7431 5.11974 -0.643525
vertex 18.4987 1.97833 -1.08302
vertex 18.6945 5.11948 -0.639814
endloop
endfacet
facet normal -0.0818308 0.144245 -0.986153
outer loop
vertex 18.4987 1.97833 -1.08302
vertex 18.4191 1.97786 -1.07648
vertex 18.6945 5.11948 -0.639814
endloop
endfacet
facet normal -0.0746502 0.143705 -0.986801
outer loop
vertex 18.6945 5.11948 -0.639814
vertex 18.4191 1.97786 -1.07648
vertex 18.6374 5.11917 -0.635537
endloop
endfacet
facet normal -0.0532911 0.142441 -0.988368
outer loop
vertex 18.4191 1.97786 -1.07648
vertex 18.3313 1.97753 -1.0718
vertex 18.6374 5.11917 -0.635537
endloop
endfacet
facet normal -0.0485984 0.142026 -0.988669
outer loop
vertex 18.6374 5.11917 -0.635537
vertex 18.3313 1.97753 -1.0718
vertex 18.5744 5.11895 -0.632471
endloop
endfacet
facet normal -0.0208714 0.140055 -0.989924
outer loop
vertex 18.3313 1.97753 -1.0718
vertex 18.2396 1.97739 -1.06988
vertex 18.5744 5.11895 -0.632471
endloop
endfacet
facet normal -0.0190292 0.139868 -0.989987
outer loop
vertex 18.5744 5.11895 -0.632471
vertex 18.2396 1.97739 -1.06988
vertex 18.5087 5.11886 -0.631221
endloop
endfacet
facet normal 0.0139271 0.137111 -0.990458
outer loop
vertex 18.2396 1.97739 -1.06988
vertex 18.1466 1.97748 -1.07118
vertex 18.5087 5.11886 -0.631221
endloop
endfacet
facet normal 0.0126973 0.137253 -0.990455
outer loop
vertex 18.5087 5.11886 -0.631221
vertex 18.1466 1.97748 -1.07118
vertex 18.4419 5.11892 -0.632068
endloop
endfacet
facet normal 0.0538915 0.133263 -0.989614
outer loop
vertex 18.1466 1.97748 -1.07118
vertex 18.0529 1.97785 -1.07624
vertex 18.4419 5.11892 -0.632068
endloop
endfacet
facet normal 0.0491428 0.133874 -0.989779
outer loop
vertex 18.4419 5.11892 -0.632068
vertex 18.0529 1.97785 -1.07624
vertex 18.3746 5.11916 -0.635376
endloop
endfacet
facet normal 0.085398 0.129889 -0.987844
outer loop
vertex 18.0529 1.97785 -1.07624
vertex 17.96 1.97841 -1.08419
vertex 18.3746 5.11916 -0.635376
endloop
endfacet
facet normal 0.0779002 0.130948 -0.988324
outer loop
vertex 18.3746 5.11916 -0.635376
vertex 17.96 1.97841 -1.08419
vertex 18.308 5.11953 -0.64058
endloop
endfacet
facet normal 0.0970932 0.128624 -0.986929
outer loop
vertex 17.96 1.97841 -1.08419
vertex 17.872 1.97903 -1.09277
vertex 18.308 5.11953 -0.64058
endloop
endfacet
facet normal 0.0885836 0.129897 -0.987563
outer loop
vertex 18.308 5.11953 -0.64058
vertex 17.872 1.97903 -1.09277
vertex 18.2449 5.11993 -0.646188
endloop
endfacet
facet normal 0.157652 0.120635 -0.980098
outer loop
vertex 17.872 1.97903 -1.09277
vertex 17.7881 1.97998 -1.10615
vertex 18.2449 5.11993 -0.646188
endloop
endfacet
facet normal 0.144018 0.122885 -0.981915
outer loop
vertex 18.2449 5.11993 -0.646188
vertex 17.7881 1.97998 -1.10615
vertex 18.1847 5.12056 -0.654942
endloop
endfacet
facet normal 0.201901 0.114254 -0.972719
outer loop
vertex 17.7881 1.97998 -1.10615
vertex 17.7054 1.9812 -1.12317
vertex 18.1847 5.12056 -0.654942
endloop
endfacet
facet normal 0.184685 0.117338 -0.975768
outer loop
vertex 18.1847 5.12056 -0.654942
vertex 17.7054 1.9812 -1.12317
vertex 18.1253 5.12135 -0.666077
endloop
endfacet
facet normal 0.216035 0.112291 -0.969907
outer loop
vertex 17.7054 1.9812 -1.12317
vertex 17.6233 1.98249 -1.14131
vertex 18.1253 5.12135 -0.666077
endloop
endfacet
facet normal 0.197712 0.115751 -0.973402
outer loop
vertex 18.1253 5.12135 -0.666077
vertex 17.6233 1.98249 -1.14131
vertex 18.0664 5.1222 -0.677937
endloop
endfacet
facet normal 0.236839 0.109049 -0.965409
outer loop
vertex 17.6233 1.98249 -1.14131
vertex 17.5399 1.98394 -1.1616
vertex 18.0664 5.1222 -0.677937
endloop
endfacet
facet normal 0.216923 0.11304 -0.969622
outer loop
vertex 18.0664 5.1222 -0.677937
vertex 17.5399 1.98394 -1.1616
vertex 18.0066 5.12315 -0.69121
endloop
endfacet
facet normal 0.219407 0.112595 -0.969114
outer loop
vertex 17.5399 1.98394 -1.1616
vertex 17.4564 1.98528 -1.18035
vertex 18.0066 5.12315 -0.69121
endloop
endfacet
facet normal 0.200819 0.116411 -0.972687
outer loop
vertex 18.0066 5.12315 -0.69121
vertex 17.4564 1.98528 -1.18035
vertex 17.9467 5.12402 -0.703474
endloop
endfacet
facet normal 0.216802 0.113445 -0.969601
outer loop
vertex 17.4564 1.98528 -1.18035
vertex 17.3674 1.98669 -1.20009
vertex 17.9467 5.12402 -0.703474
endloop
endfacet
facet normal 0.198414 0.117389 -0.973063
outer loop
vertex 17.9467 5.12402 -0.703474
vertex 17.3674 1.98669 -1.20009
vertex 17.8829 5.12494 -0.716384
endloop
endfacet
facet normal 0.222752 0.112664 -0.968343
outer loop
vertex 17.3674 1.98669 -1.20009
vertex 17.2741 1.98821 -1.22137
vertex 17.8829 5.12494 -0.716384
endloop
endfacet
facet normal 0.203902 0.116908 -0.971986
outer loop
vertex 17.8829 5.12494 -0.716384
vertex 17.2741 1.98821 -1.22137
vertex 17.8159 5.12594 -0.730302
endloop
endfacet
facet normal 0.219664 0.113708 -0.968926
outer loop
vertex 17.2741 1.98821 -1.22137
vertex 17.1784 1.98975 -1.24289
vertex 17.8159 5.12594 -0.730302
endloop
endfacet
facet normal 0.20105 0.118066 -0.97244
outer loop
vertex 17.8159 5.12594 -0.730302
vertex 17.1784 1.98975 -1.24289
vertex 17.7472 5.12694 -0.744382
endloop
endfacet
facet normal 0.208019 0.116597 -0.97115
outer loop
vertex 17.1784 1.98975 -1.24289
vertex 17.0811 1.99123 -1.26355
vertex 17.7472 5.12694 -0.744382
endloop
endfacet
facet normal 0.19031 0.120874 -0.974254
outer loop
vertex 17.7472 5.12694 -0.744382
vertex 17.0811 1.99123 -1.26355
vertex 17.6774 5.12791 -0.757897
endloop
endfacet
facet normal 0.207042 0.117214 -0.971285
outer loop
vertex 17.0811 1.99123 -1.26355
vertex 16.9836 1.9927 -1.28415
vertex 17.6774 5.12791 -0.757897
endloop
endfacet
facet normal 0.189407 0.121629 -0.974336
outer loop
vertex 17.6774 5.12791 -0.757897
vertex 16.9836 1.9927 -1.28415
vertex 17.6075 5.12887 -0.771371
endloop
endfacet
facet normal 0.207362 0.11754 -0.971177
outer loop
vertex 16.9836 1.9927 -1.28415
vertex 16.8869 1.99416 -1.30463
vertex 17.6075 5.12887 -0.771371
endloop
endfacet
facet normal 0.189701 0.122118 -0.974218
outer loop
vertex 17.6075 5.12887 -0.771371
vertex 16.8869 1.99416 -1.30463
vertex 17.5381 5.12983 -0.784765
endloop
endfacet
facet normal 0.200305 0.119615 -0.972404
outer loop
vertex 16.8869 1.99416 -1.30463
vertex 16.7908 1.99556 -1.32424
vertex 17.5381 5.12983 -0.784765
endloop
endfacet
facet normal 0.183198 0.124175 -0.975202
outer loop
vertex 17.5381 5.12983 -0.784765
vertex 16.7908 1.99556 -1.32424
vertex 17.4692 5.13075 -0.797594
endloop
endfacet
facet normal 0.190981 0.12228 -0.973948
outer loop
vertex 16.7908 1.99556 -1.32424
vertex 16.694 1.9969 -1.34306
vertex 17.4692 5.13075 -0.797594
endloop
endfacet
facet normal 0.174615 0.126763 -0.976443
outer loop
vertex 17.4692 5.13075 -0.797594
vertex 16.694 1.9969 -1.34306
vertex 17.3998 5.13162 -0.809899
endloop
endfacet
facet normal 0.183026 0.124653 -0.975173
outer loop
vertex 16.694 1.9969 -1.34306
vertex 16.5969 1.9982 -1.36113
vertex 17.3998 5.13162 -0.809899
endloop
endfacet
facet normal 0.167298 0.129078 -0.97742
outer loop
vertex 17.3998 5.13162 -0.809899
vertex 16.5969 1.9982 -1.36113
vertex 17.33 5.13247 -0.821719
endloop
endfacet
facet normal 0.173493 0.127479 -0.97655
outer loop
vertex 16.5969 1.9982 -1.36113
vertex 16.4994 1.99942 -1.37827
vertex 17.33 5.13247 -0.821719
endloop
endfacet
facet normal 0.158538 0.131794 -0.978517
outer loop
vertex 17.33 5.13247 -0.821719
vertex 16.4994 1.99942 -1.37827
vertex 17.2602 5.13327 -0.832934
endloop
endfacet
facet normal 0.16386 0.130382 -0.977829
outer loop
vertex 16.4994 1.99942 -1.37827
vertex 16.4017 2.00058 -1.3945
vertex 17.2602 5.13327 -0.832934
endloop
endfacet
facet normal 0.149693 0.13457 -0.979532
outer loop
vertex 17.2602 5.13327 -0.832934
vertex 16.4017 2.00058 -1.3945
vertex 17.19 5.13403 -0.843544
endloop
endfacet
facet normal 0.1543 0.133315 -0.978989
outer loop
vertex 16.4017 2.00058 -1.3945
vertex 16.3041 2.00167 -1.40973
vertex 17.19 5.13403 -0.843544
endloop
endfacet
facet normal 0.140922 0.137362 -0.980445
outer loop
vertex 17.19 5.13403 -0.843544
vertex 16.3041 2.00167 -1.40973
vertex 17.12 5.13474 -0.853509
endloop
endfacet
facet normal 0.142843 0.136825 -0.980242
outer loop
vertex 16.3041 2.00167 -1.40973
vertex 16.2075 2.00266 -1.42367
vertex 17.12 5.13474 -0.853509
endloop
endfacet
facet normal 0.130422 0.140661 -0.98143
outer loop
vertex 17.12 5.13474 -0.853509
vertex 16.2075 2.00266 -1.42367
vertex 17.0507 5.13539 -0.862627
endloop
endfacet
facet normal 0.1326 0.140038 -0.981227
outer loop
vertex 16.2075 2.00266 -1.42367
vertex 16.1111 2.00358 -1.43656
vertex 17.0507 5.13539 -0.862627
endloop
endfacet
facet normal 0.12104 0.143683 -0.982194
outer loop
vertex 17.0507 5.13539 -0.862627
vertex 16.1111 2.00358 -1.43656
vertex 16.9816 5.13599 -0.871058
endloop
endfacet
facet normal 0.126421 0.142107 -0.981745
outer loop
vertex 16.1111 2.00358 -1.43656
vertex 16.0148 2.00446 -1.44883
vertex 16.9816 5.13599 -0.871058
endloop
endfacet
facet normal 0.115384 0.145669 -0.982582
outer loop
vertex 16.9816 5.13599 -0.871058
vertex 16.0148 2.00446 -1.44883
vertex 16.9125 5.13657 -0.879086
endloop
endfacet
facet normal 0.114365 0.145974 -0.982656
outer loop
vertex 16.0148 2.00446 -1.44883
vertex 15.9174 2.00526 -1.46006
vertex 16.9125 5.13657 -0.879086
endloop
endfacet
facet normal 0.104356 0.14927 -0.983274
outer loop
vertex 16.9125 5.13657 -0.879086
vertex 15.9174 2.00526 -1.46006
vertex 16.8426 5.13709 -0.886429
endloop
endfacet
facet normal 0.104726 0.149156 -0.983252
outer loop
vertex 15.9174 2.00526 -1.46006
vertex 15.819 2.006 -1.47042
vertex 16.8426 5.13709 -0.886429
endloop
endfacet
facet normal 0.0955433 0.152244 -0.983714
outer loop
vertex 16.8426 5.13709 -0.886429
vertex 15.819 2.006 -1.47042
vertex 16.772 5.13757 -0.893206
endloop
endfacet
facet normal 0.0963616 0.151988 -0.983674
outer loop
vertex 15.819 2.006 -1.47042
vertex 15.721 2.00668 -1.47992
vertex 16.772 5.13757 -0.893206
endloop
endfacet
facet normal 0.0879006 0.154892 -0.984013
outer loop
vertex 16.772 5.13757 -0.893206
vertex 15.721 2.00668 -1.47992
vertex 16.7017 5.13802 -0.899419
endloop
endfacet
facet normal 0.0861353 0.155457 -0.98408
outer loop
vertex 15.721 2.00668 -1.47992
vertex 15.6227 2.00729 -1.48843
vertex 16.7017 5.13802 -0.899419
endloop
endfacet
facet normal 0.0785606 0.158107 -0.984292
outer loop
vertex 16.7017 5.13802 -0.899419
vertex 15.6227 2.00729 -1.48843
vertex 16.6311 5.13842 -0.904986
endloop
endfacet
facet normal 0.0766185 0.158742 -0.984343
outer loop
vertex 15.6227 2.00729 -1.48843
vertex 15.5241 2.00783 -1.49602
vertex 16.6311 5.13842 -0.904986
endloop
endfacet
facet normal 0.0698724 0.161149 -0.984454
outer loop
vertex 16.6311 5.13842 -0.904986
vertex 15.5241 2.00783 -1.49602
vertex 16.5604 5.13877 -0.909949
endloop
endfacet
facet normal 0.06614 0.162394 -0.984507
outer loop
vertex 15.5241 2.00783 -1.49602
vertex 15.4256 2.0083 -1.50256
vertex 16.5604 5.13877 -0.909949
endloop
endfacet
facet normal 0.06031 0.164512 -0.98453
outer loop
vertex 16.5604 5.13877 -0.909949
vertex 15.4256 2.0083 -1.50256
vertex 16.4897 5.13908 -0.914225
endloop
endfacet
facet normal 0.0567603 0.16572 -0.984538
outer loop
vertex 15.4256 2.0083 -1.50256
vertex 15.3271 2.0087 -1.50817
vertex 16.4897 5.13908 -0.914225
endloop
endfacet
facet normal 0.0517529 0.167573 -0.9845
outer loop
vertex 16.4897 5.13908 -0.914225
vertex 15.3271 2.0087 -1.50817
vertex 16.4191 5.13934 -0.917896
endloop
endfacet
facet normal 0.0479152 0.168905 -0.984467
outer loop
vertex 15.3271 2.0087 -1.50817
vertex 15.2283 2.00904 -1.51292
vertex 16.4191 5.13934 -0.917896
endloop
endfacet
facet normal 0.0436856 0.170499 -0.984389
outer loop
vertex 16.4191 5.13934 -0.917896
vertex 15.2283 2.00904 -1.51292
vertex 16.3482 5.13956 -0.921002
endloop
endfacet
facet normal 0.0380089 0.172508 -0.984274
outer loop
vertex 15.2283 2.00904 -1.51292
vertex 15.1297 2.00931 -1.51668
vertex 16.3482 5.13956 -0.921002
endloop
endfacet
facet normal 0.0346521 0.173795 -0.984172
outer loop
vertex 16.3482 5.13956 -0.921002
vertex 15.1297 2.00931 -1.51668
vertex 16.2774 5.13974 -0.923463
endloop
endfacet
facet normal 0.029321 0.175718 -0.984004
outer loop
vertex 15.1297 2.00931 -1.51668
vertex 15.0311 2.00951 -1.51958
vertex 16.2774 5.13974 -0.923463
endloop
endfacet
facet normal 0.0267309 0.176729 -0.983896
outer loop
vertex 16.2774 5.13974 -0.923463
vertex 15.0311 2.00951 -1.51958
vertex 16.2067 5.13987 -0.92536
endloop
endfacet
facet normal 0.0199103 0.179235 -0.983605
outer loop
vertex 15.0311 2.00951 -1.51958
vertex 14.9324 2.00965 -1.52155
vertex 16.2067 5.13987 -0.92536
endloop
endfacet
facet normal 0.0181513 0.179933 -0.983511
outer loop
vertex 16.2067 5.13987 -0.92536
vertex 14.9324 2.00965 -1.52155
vertex 16.1359 5.13996 -0.92665
endloop
endfacet
facet normal 0.0105615 0.182773 -0.983098
outer loop
vertex 14.9324 2.00965 -1.52155
vertex 14.8335 2.00973 -1.5226
vertex 16.1359 5.13996 -0.92665
endloop
endfacet
facet normal 0.00962849 0.18315 -0.983038
outer loop
vertex 16.1359 5.13996 -0.92665
vertex 14.8335 2.00973 -1.5226
vertex 16.0649 5.14001 -0.927336
endloop
endfacet
facet normal 0.00248895 0.18587 -0.982571
outer loop
vertex 14.8335 2.00973 -1.5226
vertex 14.7347 2.00975 -1.52285
vertex 16.0649 5.14001 -0.927336
endloop
endfacet
facet normal 0.00226914 0.18596 -0.982555
outer loop
vertex 16.0649 5.14001 -0.927336
vertex 14.7347 2.00975 -1.52285
vertex 15.9941 5.14002 -0.927498
endloop
endfacet
facet normal -0.00497925 0.188772 -0.982008
outer loop
vertex 14.7347 2.00975 -1.52285
vertex 14.6361 2.00971 -1.52235
vertex 15.9941 5.14002 -0.927498
endloop
endfacet
facet normal -0.00453966 0.188589 -0.982046
outer loop
vertex 15.9941 5.14002 -0.927498
vertex 14.6361 2.00971 -1.52235
vertex 15.9233 5.14 -0.927175
endloop
endfacet
facet normal -0.0130726 0.191959 -0.981316
outer loop
vertex 14.6361 2.00971 -1.52235
vertex 14.5375 2.00962 -1.52106
vertex 15.9233 5.14 -0.927175
endloop
endfacet
facet normal -0.0119191 0.191469 -0.981426
outer loop
vertex 15.9233 5.14 -0.927175
vertex 14.5375 2.00962 -1.52106
vertex 15.8526 5.13994 -0.926328
endloop
endfacet
facet normal -0.0198737 0.194667 -0.980668
outer loop
vertex 14.5375 2.00962 -1.52106
vertex 14.4387 2.00948 -1.51909
vertex 15.8526 5.13994 -0.926328
endloop
endfacet
facet normal -0.0181211 0.19391 -0.980852
outer loop
vertex 15.8526 5.13994 -0.926328
vertex 14.4387 2.00948 -1.51909
vertex 15.7817 5.13985 -0.925037
endloop
endfacet
facet normal -0.027965 0.197937 -0.979816
outer loop
vertex 14.4387 2.00948 -1.51909
vertex 14.3401 2.00928 -1.51631
vertex 15.7817 5.13985 -0.925037
endloop
endfacet
facet normal -0.0255008 0.196856 -0.980101
outer loop
vertex 15.7817 5.13985 -0.925037
vertex 14.3401 2.00928 -1.51631
vertex 15.711 5.13972 -0.923221
endloop
endfacet
facet normal -0.0342897 0.200513 -0.979091
outer loop
vertex 14.3401 2.00928 -1.51631
vertex 14.2418 2.00904 -1.51292
vertex 15.711 5.13972 -0.923221
endloop
endfacet
facet normal -0.0312705 0.199167 -0.979467
outer loop
vertex 15.711 5.13972 -0.923221
vertex 14.2418 2.00904 -1.51292
vertex 15.6404 5.13956 -0.921002
endloop
endfacet
facet normal -0.0423618 0.203861 -0.978083
outer loop
vertex 14.2418 2.00904 -1.51292
vertex 14.1435 2.00874 -1.50872
vertex 15.6404 5.13956 -0.921002
endloop
endfacet
facet normal -0.0386359 0.202174 -0.978587
outer loop
vertex 15.6404 5.13956 -0.921002
vertex 14.1435 2.00874 -1.50872
vertex 15.5699 5.13936 -0.918259
endloop
endfacet
facet normal -0.0497981 0.206975 -0.977078
outer loop
vertex 14.1435 2.00874 -1.50872
vertex 14.0453 2.00839 -1.50379
vertex 15.5699 5.13936 -0.918259
endloop
endfacet
facet normal -0.0454232 0.204964 -0.977715
outer loop
vertex 15.5699 5.13936 -0.918259
vertex 14.0453 2.00839 -1.50379
vertex 15.4994 5.13913 -0.915032
endloop
endfacet
facet normal -0.0585305 0.210692 -0.975799
outer loop
vertex 14.0453 2.00839 -1.50379
vertex 13.9481 2.00798 -1.49805
vertex 15.4994 5.13913 -0.915032
endloop
endfacet
facet normal -0.0533962 0.208298 -0.976607
outer loop
vertex 15.4994 5.13913 -0.915032
vertex 13.9481 2.00798 -1.49805
vertex 15.4298 5.13887 -0.91128
endloop
endfacet
facet normal -0.0666929 0.214198 -0.974511
outer loop
vertex 13.9481 2.00798 -1.49805
vertex 13.852 2.00751 -1.49158
vertex 15.4298 5.13887 -0.91128
endloop
endfacet
facet normal -0.0608519 0.211437 -0.975495
outer loop
vertex 15.4298 5.13887 -0.91128
vertex 13.852 2.00751 -1.49158
vertex 15.3608 5.13856 -0.907044
endloop
endfacet
facet normal -0.0729102 0.21687 -0.973474
outer loop
vertex 13.852 2.00751 -1.49158
vertex 13.7567 2.00701 -1.48455
vertex 15.3608 5.13856 -0.907044
endloop
endfacet
facet normal -0.0665332 0.213813 -0.974606
outer loop
vertex 15.3608 5.13856 -0.907044
vertex 13.7567 2.00701 -1.48455
vertex 15.2924 5.13823 -0.902445
endloop
endfacet
facet normal -0.0788029 0.219428 -0.972441
outer loop
vertex 13.7567 2.00701 -1.48455
vertex 13.6615 2.00647 -1.47696
vertex 15.2924 5.13823 -0.902445
endloop
endfacet
facet normal -0.07192 0.216079 -0.973723
outer loop
vertex 15.2924 5.13823 -0.902445
vertex 13.6615 2.00647 -1.47696
vertex 15.2241 5.13788 -0.897483
endloop
endfacet
facet normal -0.0877063 0.22341 -0.970771
outer loop
vertex 13.6615 2.00647 -1.47696
vertex 13.5665 2.00587 -1.46851
vertex 15.2241 5.13788 -0.897483
endloop
endfacet
facet normal -0.0800625 0.219641 -0.97229
outer loop
vertex 15.2241 5.13788 -0.897483
vertex 13.5665 2.00587 -1.46851
vertex 15.1559 5.13749 -0.891956
endloop
endfacet
facet normal -0.100214 0.229121 -0.968225
outer loop
vertex 13.5665 2.00587 -1.46851
vertex 13.4707 2.00517 -1.45876
vertex 15.1559 5.13749 -0.891956
endloop
endfacet
facet normal -0.0915103 0.224778 -0.970103
outer loop
vertex 15.1559 5.13749 -0.891956
vertex 13.4707 2.00517 -1.45876
vertex 15.0872 5.13703 -0.885582
endloop
endfacet
facet normal -0.112532 0.234788 -0.965511
outer loop
vertex 13.4707 2.00517 -1.45876
vertex 13.376 2.00439 -1.44791
vertex 15.0872 5.13703 -0.885582
endloop
endfacet
facet normal -0.102794 0.229875 -0.967776
outer loop
vertex 15.0872 5.13703 -0.885582
vertex 13.376 2.00439 -1.44791
vertex 15.0193 5.13652 -0.878481
endloop
endfacet
facet normal -0.12376 0.239981 -0.962857
outer loop
vertex 13.376 2.00439 -1.44791
vertex 13.2817 2.00354 -1.43601
vertex 15.0193 5.13652 -0.878481
endloop
endfacet
facet normal -0.113092 0.234536 -0.965507
outer loop
vertex 15.0193 5.13652 -0.878481
vertex 13.2817 2.00354 -1.43601
vertex 14.9516 5.13597 -0.870695
endloop
endfacet
facet normal -0.142981 0.249091 -0.957867
outer loop
vertex 13.2817 2.00354 -1.43601
vertex 13.1891 2.00257 -1.42244
vertex 14.9516 5.13597 -0.870695
endloop
endfacet
facet normal -0.130743 0.242799 -0.961226
outer loop
vertex 14.9516 5.13597 -0.870695
vertex 13.1891 2.00257 -1.42244
vertex 14.8852 5.13533 -0.86182
endloop
endfacet
facet normal -0.168166 0.261147 -0.950538
outer loop
vertex 13.1891 2.00257 -1.42244
vertex 13.0978 2.00144 -1.40658
vertex 14.8852 5.13533 -0.86182
endloop
endfacet
facet normal -0.153927 0.25379 -0.954933
outer loop
vertex 14.8852 5.13533 -0.86182
vertex 13.0978 2.00144 -1.40658
vertex 14.8197 5.13459 -0.851452
endloop
endfacet
facet normal -0.182578 0.267948 -0.945975
outer loop
vertex 13.0978 2.00144 -1.40658
vertex 13.0088 2.00024 -1.38975
vertex 14.8197 5.13459 -0.851452
endloop
endfacet
facet normal -0.167228 0.259948 -0.951032
outer loop
vertex 14.8197 5.13459 -0.851452
vertex 13.0088 2.00024 -1.38975
vertex 14.7558 5.13381 -0.840438
endloop
endfacet
facet normal -0.198712 0.275654 -0.940494
outer loop
vertex 13.0088 2.00024 -1.38975
vertex 12.9235 1.99898 -1.37211
vertex 14.7558 5.13381 -0.840438
endloop
endfacet
facet normal -0.18215 0.266964 -0.946336
outer loop
vertex 14.7558 5.13381 -0.840438
vertex 12.9235 1.99898 -1.37211
vertex 14.6946 5.13298 -0.8289
endloop
endfacet
facet normal -0.226864 0.289392 -0.929938
outer loop
vertex 12.9235 1.99898 -1.37211
vertex 12.8437 1.99762 -1.35305
vertex 14.6946 5.13298 -0.8289
endloop
endfacet
facet normal -0.208269 0.279635 -0.937245
outer loop
vertex 14.6946 5.13298 -0.8289
vertex 12.8437 1.99762 -1.35305
vertex 14.6374 5.13209 -0.816434
endloop
endfacet
facet normal -0.258834 0.305019 -0.916498
outer loop
vertex 12.8437 1.99762 -1.35305
vertex 12.7712 1.99619 -1.33306
vertex 14.6374 5.13209 -0.816434
endloop
endfacet
facet normal -0.238078 0.294171 -0.925625
outer loop
vertex 14.6374 5.13209 -0.816434
vertex 12.7712 1.99619 -1.33306
vertex 14.5854 5.13116 -0.803363
endloop
endfacet
facet normal -0.292081 0.321233 -0.900832
outer loop
vertex 12.7712 1.99619 -1.33306
vertex 12.7074 1.99475 -1.3129
vertex 14.5854 5.13116 -0.803363
endloop
endfacet
facet normal -0.269269 0.309391 -0.912015
outer loop
vertex 14.5854 5.13116 -0.803363
vertex 12.7074 1.99475 -1.3129
vertex 14.5396 5.13022 -0.790171
endloop
endfacet
facet normal -0.331002 0.340158 -0.880187
outer loop
vertex 12.7074 1.99475 -1.3129
vertex 12.6532 1.99333 -1.29304
vertex 14.5396 5.13022 -0.790171
endloop
endfacet
facet normal -0.306062 0.327367 -0.893956
outer loop
vertex 14.5396 5.13022 -0.790171
vertex 12.6532 1.99333 -1.29304
vertex 14.5007 5.12929 -0.777181
endloop
endfacet
facet normal -0.372463 0.360132 -0.855322
outer loop
vertex 12.6532 1.99333 -1.29304
vertex 12.6082 1.99197 -1.27404
vertex 14.5007 5.12929 -0.777181
endloop
endfacet
facet normal -0.345634 0.346591 -0.872016
outer loop
vertex 14.5007 5.12929 -0.777181
vertex 12.6082 1.99197 -1.27404
vertex 14.4684 5.1284 -0.764755
endloop
endfacet
facet normal -0.413478 0.379618 -0.827603
outer loop
vertex 12.6082 1.99197 -1.27404
vertex 12.5716 1.99071 -1.25634
vertex 14.4684 5.1284 -0.764755
endloop
endfacet
facet normal -0.385215 0.36562 -0.847309
outer loop
vertex 14.4684 5.1284 -0.764755
vertex 12.5716 1.99071 -1.25634
vertex 14.4422 5.12757 -0.753177
endloop
endfacet
facet normal -0.450637 0.396977 -0.799585
outer loop
vertex 12.5716 1.99071 -1.25634
vertex 12.5417 1.98955 -1.24005
vertex 14.4422 5.12757 -0.753177
endloop
endfacet
facet normal -0.421496 0.382816 -0.822066
outer loop
vertex 14.4422 5.12757 -0.753177
vertex 12.5417 1.98955 -1.24005
vertex 14.4207 5.12681 -0.742526
endloop
endfacet
facet normal -0.485159 0.412823 -0.770842
outer loop
vertex 12.5417 1.98955 -1.24005
vertex 12.517 1.98848 -1.22507
vertex 14.4207 5.12681 -0.742526
endloop
endfacet
facet normal -0.4556 0.398743 -0.795885
outer loop
vertex 14.4207 5.12681 -0.742526
vertex 12.517 1.98848 -1.22507
vertex 14.403 5.12611 -0.732723
endloop
endfacet
facet normal -0.517857 0.427547 -0.740964
outer loop
vertex 12.517 1.98848 -1.22507
vertex 12.4964 1.98749 -1.21125
vertex 14.403 5.12611 -0.732723
endloop
endfacet
facet normal -0.488289 0.413762 -0.768359
outer loop
vertex 14.403 5.12611 -0.732723
vertex 12.4964 1.98749 -1.21125
vertex 14.3882 5.12547 -0.723686
endloop
endfacet
facet normal -0.558959 0.445633 -0.699269
outer loop
vertex 12.4964 1.98749 -1.21125
vertex 12.4792 1.98655 -1.19811
vertex 14.3882 5.12547 -0.723686
endloop
endfacet
facet normal -0.529959 0.432552 -0.729412
outer loop
vertex 14.3882 5.12547 -0.723686
vertex 12.4792 1.98655 -1.19811
vertex 14.3759 5.12485 -0.715093
endloop
endfacet
facet normal -0.609035 0.466773 -0.641248
outer loop
vertex 12.4792 1.98655 -1.19811
vertex 12.4649 1.98563 -1.18522
vertex 14.3759 5.12485 -0.715093
endloop
endfacet
facet normal -0.581691 0.455063 -0.674205
outer loop
vertex 14.3759 5.12485 -0.715093
vertex 12.4649 1.98563 -1.18522
vertex 14.3656 5.12425 -0.706661
endloop
endfacet
facet normal -0.666107 0.489227 -0.562991
outer loop
vertex 12.4649 1.98563 -1.18522
vertex 12.4533 1.9847 -1.17221
vertex 14.3656 5.12425 -0.706661
endloop
endfacet
facet normal -0.642092 0.479781 -0.597937
outer loop
vertex 14.3656 5.12425 -0.706661
vertex 12.4533 1.9847 -1.17221
vertex 14.3573 5.12364 -0.698149
endloop
endfacet
facet normal -0.717673 0.507362 -0.477001
outer loop
vertex 12.4533 1.9847 -1.17221
vertex 12.4439 1.98376 -1.15907
vertex 14.3573 5.12364 -0.698149
endloop
endfacet
facet normal -0.698141 0.500579 -0.511878
outer loop
vertex 14.3573 5.12364 -0.698149
vertex 12.4439 1.98376 -1.15907
vertex 14.3505 5.12303 -0.689556
endloop
endfacet
facet normal -0.761952 0.520429 -0.385464
outer loop
vertex 12.4439 1.98376 -1.15907
vertex 12.4365 1.98282 -1.14581
vertex 14.3505 5.12303 -0.689556
endloop
endfacet
facet normal -0.747501 0.516334 -0.417901
outer loop
vertex 14.3505 5.12303 -0.689556
vertex 12.4365 1.98282 -1.14581
vertex 14.3452 5.12241 -0.680882
endloop
endfacet
facet normal -0.7963 0.527862 -0.29541
outer loop
vertex 12.4365 1.98282 -1.14581
vertex 12.4309 1.98185 -1.13236
vertex 14.3452 5.12241 -0.680882
endloop
endfacet
facet normal -0.786623 0.525982 -0.323369
outer loop
vertex 14.3452 5.12241 -0.680882
vertex 12.4309 1.98185 -1.13236
vertex 14.3412 5.12178 -0.672088
endloop
endfacet
facet normal -0.823138 0.530488 -0.202551
outer loop
vertex 12.4309 1.98185 -1.13236
vertex 12.4269 1.98087 -1.11861
vertex 14.3412 5.12178 -0.672088
endloop
endfacet
facet normal -0.817694 0.530235 -0.224114
outer loop
vertex 14.3412 5.12178 -0.672088
vertex 12.4269 1.98087 -1.11861
vertex 14.3383 5.12114 -0.663091
endloop
endfacet
facet normal -0.842474 0.528194 -0.106058
outer loop
vertex 12.4269 1.98087 -1.11861
vertex 12.4245 1.97986 -1.10449
vertex 14.3383 5.12114 -0.663091
endloop
endfacet
facet normal -0.840307 0.528768 -0.119538
outer loop
vertex 14.3383 5.12114 -0.663091
vertex 12.4245 1.97986 -1.10449
vertex 14.3366 5.12048 -0.653853
endloop
endfacet
facet normal -0.852979 0.521687 -0.0164204
outer loop
vertex 12.4245 1.97986 -1.10449
vertex 12.4237 1.97895 -1.09172
vertex 14.3366 5.12048 -0.653853
endloop
endfacet
facet normal -0.852576 0.522158 -0.0215587
outer loop
vertex 14.3366 5.12048 -0.653853
vertex 12.4237 1.97895 -1.09172
vertex 14.336 5.11988 -0.645502
endloop
endfacet
facet normal -0.881331 0.463777 0.0903725
outer loop
vertex 14.336 5.11988 -0.645502
vertex 14.3366 5.11925 -0.636626
vertex 20.784 17.0432 1.04839
endloop
endfacet
facet normal -0.880124 0.458491 0.12316
outer loop
vertex 20.784 17.0432 1.04839
vertex 14.3366 5.11925 -0.636626
vertex 20.7842 17.0431 1.04971
endloop
endfacet
facet normal -0.874219 0.445371 0.193352
outer loop
vertex 14.3366 5.11925 -0.636626
vertex 14.3383 5.11858 -0.627267
vertex 20.7842 17.0431 1.04971
endloop
endfacet
facet normal -0.860086 0.425303 0.281725
outer loop
vertex 20.7842 17.0431 1.04971
vertex 14.3383 5.11858 -0.627267
vertex 20.7846 17.043 1.05112
endloop
endfacet
facet normal -0.859189 0.424205 0.286084
outer loop
vertex 14.3383 5.11858 -0.627267
vertex 14.3412 5.11789 -0.617585
vertex 20.7846 17.043 1.05112
endloop
endfacet
facet normal -0.823373 0.386773 0.415288
outer loop
vertex 20.7846 17.043 1.05112
vertex 14.3412 5.11789 -0.617585
vertex 20.7853 17.0429 1.05257
endloop
endfacet
facet normal -0.837446 0.400452 0.371917
outer loop
vertex 14.3412 5.11789 -0.617585
vertex 14.3452 5.11718 -0.607741
vertex 20.7853 17.0429 1.05257
endloop
endfacet
facet normal -0.775936 0.34554 0.527755
outer loop
vertex 20.7853 17.0429 1.05257
vertex 14.3452 5.11718 -0.607741
vertex 20.7862 17.0428 1.05404
endloop
endfacet
facet normal -0.809102 0.373806 0.453458
outer loop
vertex 14.3452 5.11718 -0.607741
vertex 14.3505 5.11647 -0.597736
vertex 20.7862 17.0428 1.05404
endloop
endfacet
facet normal -0.721104 0.302819 0.623145
outer loop
vertex 20.7862 17.0428 1.05404
vertex 14.3505 5.11647 -0.597736
vertex 20.7875 17.0427 1.05554
endloop
endfacet
facet normal -0.769388 0.340326 0.540574
outer loop
vertex 14.3505 5.11647 -0.597736
vertex 14.3573 5.11575 -0.587691
vertex 20.7875 17.0427 1.05554
endloop
endfacet
facet normal -0.654097 0.254508 0.712308
outer loop
vertex 20.7875 17.0427 1.05554
vertex 14.3573 5.11575 -0.587691
vertex 20.7891 17.0426 1.05705
endloop
endfacet
facet normal -0.720012 0.30213 0.62474
outer loop
vertex 14.3573 5.11575 -0.587691
vertex 14.3656 5.11504 -0.577686
vertex 20.7891 17.0426 1.05705
endloop
endfacet
facet normal -0.582449 0.205896 0.786359
outer loop
vertex 20.7891 17.0426 1.05705
vertex 14.3656 5.11504 -0.577686
vertex 20.7911 17.0425 1.05855
endloop
endfacet
facet normal -0.662434 0.260507 0.702365
outer loop
vertex 14.3656 5.11504 -0.577686
vertex 14.3759 5.11433 -0.567761
vertex 20.7911 17.0425 1.05855
endloop
endfacet
facet normal -0.510606 0.159417 0.844907
outer loop
vertex 20.7911 17.0425 1.05855
vertex 14.3759 5.11433 -0.567761
vertex 20.7935 17.0424 1.06003
endloop
endfacet
facet normal -0.602589 0.219501 0.767271
outer loop
vertex 14.3759 5.11433 -0.567761
vertex 14.3882 5.11362 -0.557877
vertex 20.7935 17.0424 1.06003
endloop
endfacet
facet normal -0.445533 0.118883 0.887337
outer loop
vertex 20.7935 17.0424 1.06003
vertex 14.3882 5.11362 -0.557877
vertex 20.7964 17.0423 1.06151
endloop
endfacet
facet normal -0.544096 0.181076 0.81925
outer loop
vertex 14.3882 5.11362 -0.557877
vertex 14.403 5.11291 -0.547913
vertex 20.7964 17.0423 1.06151
endloop
endfacet
facet normal -0.388855 0.0846337 0.917403
outer loop
vertex 20.7964 17.0423 1.06151
vertex 14.403 5.11291 -0.547913
vertex 20.7999 17.0422 1.06301
endloop
endfacet
facet normal -0.491601 0.147725 0.858199
outer loop
vertex 14.403 5.11291 -0.547913
vertex 14.4207 5.11218 -0.537625
vertex 20.7999 17.0422 1.06301
endloop
endfacet
facet normal -0.342406 0.0572665 0.937805
outer loop
vertex 20.7999 17.0422 1.06301
vertex 14.4207 5.11218 -0.537625
vertex 20.8041 17.0421 1.06455
endloop
endfacet
facet normal -0.437023 0.11402 0.892194
outer loop
vertex 14.4207 5.11218 -0.537625
vertex 14.4422 5.11142 -0.527015
vertex 20.8041 17.0421 1.06455
endloop
endfacet
facet normal -0.297556 0.0313799 0.954188
outer loop
vertex 20.8041 17.0421 1.06455
vertex 14.4422 5.11142 -0.527015
vertex 20.8092 17.0419 1.06614
endloop
endfacet
facet normal -0.39379 0.0879727 0.914981
outer loop
vertex 14.4422 5.11142 -0.527015
vertex 14.4684 5.11061 -0.515639
vertex 20.8092 17.0419 1.06614
endloop
endfacet
facet normal -0.264026 0.0124549 0.964435
outer loop
vertex 20.8092 17.0419 1.06614
vertex 14.4684 5.11061 -0.515639
vertex 20.8154 17.0418 1.06784
endloop
endfacet
facet normal -0.357247 0.066397 0.931647
outer loop
vertex 14.4684 5.11061 -0.515639
vertex 14.5007 5.10972 -0.503213
vertex 20.8154 17.0418 1.06784
endloop
endfacet
facet normal -0.236816 -0.00259198 0.971551
outer loop
vertex 20.8154 17.0418 1.06784
vertex 14.5007 5.10972 -0.503213
vertex 20.8231 17.0417 1.0697
endloop
endfacet
facet normal -0.324752 0.0475551 0.944603
outer loop
vertex 14.5007 5.10972 -0.503213
vertex 14.5396 5.10876 -0.489779
vertex 20.8231 17.0417 1.0697
endloop
endfacet
facet normal -0.213359 -0.0153151 0.976854
outer loop
vertex 20.8231 17.0417 1.0697
vertex 14.5396 5.10876 -0.489779
vertex 20.8323 17.0415 1.07172
endloop
endfacet
facet normal -0.291816 0.0287819 0.956041
outer loop
vertex 14.5396 5.10876 -0.489779
vertex 14.5854 5.10776 -0.47578
vertex 20.8323 17.0415 1.07172
endloop
endfacet
facet normal -0.190194 -0.0276961 0.981356
outer loop
vertex 20.8323 17.0415 1.07172
vertex 14.5854 5.10776 -0.47578
vertex 20.8431 17.0414 1.07381
endloop
endfacet
facet normal -0.257106 0.00934149 0.966338
outer loop
vertex 14.5854 5.10776 -0.47578
vertex 14.6374 5.10677 -0.461942
vertex 20.8431 17.0414 1.07381
endloop
endfacet
facet normal -0.16635 -0.040283 0.985244
outer loop
vertex 20.8431 17.0414 1.07381
vertex 14.6374 5.10677 -0.461942
vertex 20.8554 17.0412 1.07589
endloop
endfacet
facet normal -0.227738 -0.00681126 0.973699
outer loop
vertex 14.6374 5.10677 -0.461942
vertex 14.6946 5.10581 -0.448549
vertex 20.8554 17.0412 1.07589
endloop
endfacet
facet normal -0.146563 -0.0505271 0.98791
outer loop
vertex 20.8554 17.0412 1.07589
vertex 14.6946 5.10581 -0.448549
vertex 20.869 17.0411 1.07789
endloop
endfacet
facet normal -0.20247 -0.0204748 0.979074
outer loop
vertex 14.6946 5.10581 -0.448549
vertex 14.7558 5.10491 -0.435921
vertex 20.869 17.0411 1.07789
endloop
endfacet
facet normal -0.129782 -0.059061 0.989782
outer loop
vertex 20.869 17.0411 1.07789
vertex 14.7558 5.10491 -0.435921
vertex 20.8835 17.041 1.07979
endloop
endfacet
facet normal -0.183523 -0.0305516 0.982541
outer loop
vertex 14.7558 5.10491 -0.435921
vertex 14.8197 5.10406 -0.42402
vertex 20.8835 17.041 1.07979
endloop
endfacet
facet normal -0.117326 -0.0652385 0.990948
outer loop
vertex 20.8835 17.041 1.07979
vertex 14.8197 5.10406 -0.42402
vertex 20.8986 17.0408 1.08157
endloop
endfacet
facet normal -0.167816 -0.0387826 0.985055
outer loop
vertex 14.8197 5.10406 -0.42402
vertex 14.8852 5.10327 -0.412886
vertex 20.8986 17.0408 1.08157
endloop
endfacet
facet normal -0.107074 -0.0702213 0.991768
outer loop
vertex 20.8986 17.0408 1.08157
vertex 14.8852 5.10327 -0.412886
vertex 20.9142 17.0407 1.08324
endloop
endfacet
facet normal -0.149853 -0.0480852 0.987538
outer loop
vertex 14.8852 5.10327 -0.412886
vertex 14.9516 5.10255 -0.40284
vertex 20.9142 17.0407 1.08324
endloop
endfacet
facet normal -0.0954217 -0.0758939 0.99254
outer loop
vertex 20.9142 17.0407 1.08324
vertex 14.9516 5.10255 -0.40284
vertex 20.9299 17.0406 1.08474
endloop
endfacet
facet normal -0.135676 -0.0553205 0.989208
outer loop
vertex 14.9516 5.10255 -0.40284
vertex 15.0193 5.10189 -0.393602
vertex 20.9299 17.0406 1.08474
endloop
endfacet
facet normal -0.0862732 -0.0802527 0.993034
outer loop
vertex 20.9299 17.0406 1.08474
vertex 15.0193 5.10189 -0.393602
vertex 20.9459 17.0405 1.08613
endloop
endfacet
facet normal -0.12397 -0.0612119 0.990396
outer loop
vertex 15.0193 5.10189 -0.393602
vertex 15.0872 5.10128 -0.38513
vertex 20.9459 17.0405 1.08613
endloop
endfacet
facet normal -0.0787484 -0.0837689 0.993369
outer loop
vertex 20.9459 17.0405 1.08613
vertex 15.0872 5.10128 -0.38513
vertex 20.9621 17.0404 1.0874
endloop
endfacet
facet normal -0.111756 -0.0672908 0.991455
outer loop
vertex 15.0872 5.10128 -0.38513
vertex 15.1559 5.10073 -0.377424
vertex 20.9621 17.0404 1.0874
endloop
endfacet
facet normal -0.0709218 -0.0874168 0.993644
outer loop
vertex 20.9621 17.0404 1.0874
vertex 15.1559 5.10073 -0.377424
vertex 20.9783 17.0403 1.08855
endloop
endfacet
facet normal -0.10439 -0.0708946 0.992006
outer loop
vertex 15.1559 5.10073 -0.377424
vertex 15.2241 5.10022 -0.370284
vertex 20.9783 17.0403 1.08855
endloop
endfacet
facet normal -0.0662125 -0.0895104 0.993783
outer loop
vertex 20.9783 17.0403 1.08855
vertex 15.2241 5.10022 -0.370284
vertex 20.9945 17.0403 1.08962
endloop
endfacet
facet normal -0.0920561 -0.0768981 0.99278
outer loop
vertex 15.2241 5.10022 -0.370284
vertex 15.2924 5.09977 -0.36399
vertex 20.9945 17.0403 1.08962
endloop
endfacet
facet normal -0.0583432 -0.093139 0.993942
outer loop
vertex 20.9945 17.0403 1.08962
vertex 15.2924 5.09977 -0.36399
vertex 21.0107 17.0402 1.09056
endloop
endfacet
facet normal -0.0865615 -0.0795187 0.993068
outer loop
vertex 15.2924 5.09977 -0.36399
vertex 15.3608 5.09935 -0.35806
vertex 21.0107 17.0402 1.09056
endloop
endfacet
facet normal -0.0548438 -0.0946391 0.994
outer loop
vertex 21.0107 17.0402 1.09056
vertex 15.3608 5.09935 -0.35806
vertex 21.0269 17.0401 1.09145
endloop
endfacet
facet normal -0.0806725 -0.0823026 0.993337
outer loop
vertex 15.3608 5.09935 -0.35806
vertex 15.4298 5.09895 -0.352492
vertex 21.0269 17.0401 1.09145
endloop
endfacet
facet normal -0.0510969 -0.096251 0.994045
outer loop
vertex 21.0269 17.0401 1.09145
vertex 15.4298 5.09895 -0.352492
vertex 21.0432 17.0401 1.09229
endloop
endfacet
facet normal -0.0717949 -0.0864748 0.993664
outer loop
vertex 15.4298 5.09895 -0.352492
vertex 15.4994 5.0986 -0.34749
vertex 21.0432 17.0401 1.09229
endloop
endfacet
facet normal -0.0454549 -0.0987525 0.994073
outer loop
vertex 21.0432 17.0401 1.09229
vertex 15.4994 5.0986 -0.34749
vertex 21.0597 17.04 1.09304
endloop
endfacet
facet normal -0.0658125 -0.0892444 0.993833
outer loop
vertex 15.4994 5.0986 -0.34749
vertex 15.5699 5.09826 -0.342851
vertex 21.0597 17.04 1.09304
endloop
endfacet
facet normal -0.041657 -0.100378 0.994077
outer loop
vertex 21.0597 17.04 1.09304
vertex 15.5699 5.09826 -0.342851
vertex 21.0764 17.04 1.09373
endloop
endfacet
facet normal -0.0595375 -0.09212 0.993966
outer loop
vertex 15.5699 5.09826 -0.342851
vertex 15.6404 5.09796 -0.338655
vertex 21.0764 17.04 1.09373
endloop
endfacet
facet normal -0.0376765 -0.102083 0.994062
outer loop
vertex 21.0764 17.04 1.09373
vertex 15.6404 5.09796 -0.338655
vertex 21.0931 17.0399 1.09436
endloop
endfacet
facet normal -0.0526845 -0.0952298 0.99406
outer loop
vertex 15.6404 5.09796 -0.338655
vertex 15.711 5.0977 -0.334943
vertex 21.0931 17.0399 1.09436
endloop
endfacet
facet normal -0.0333323 -0.103947 0.994024
outer loop
vertex 21.0931 17.0399 1.09436
vertex 15.711 5.0977 -0.334943
vertex 21.1098 17.0399 1.09492
endloop
endfacet
facet normal -0.0462222 -0.0981289 0.9941
outer loop
vertex 15.711 5.0977 -0.334943
vertex 15.7817 5.09747 -0.331676
vertex 21.1098 17.0399 1.09492
endloop
endfacet
facet normal -0.0292387 -0.105691 0.993969
outer loop
vertex 21.1098 17.0399 1.09492
vertex 15.7817 5.09747 -0.331676
vertex 21.1266 17.0398 1.0954
endloop
endfacet
facet normal -0.0399028 -0.100932 0.994093
outer loop
vertex 15.7817 5.09747 -0.331676
vertex 15.8526 5.09726 -0.328852
vertex 21.1266 17.0398 1.0954
endloop
endfacet
facet normal -0.0252376 -0.107386 0.993897
outer loop
vertex 21.1266 17.0398 1.0954
vertex 15.8526 5.09726 -0.328852
vertex 21.1434 17.0398 1.09583
endloop
endfacet
facet normal -0.0348421 -0.103149 0.994055
outer loop
vertex 15.8526 5.09726 -0.328852
vertex 15.9233 5.09709 -0.326391
vertex 21.1434 17.0398 1.09583
endloop
endfacet
facet normal -0.0220347 -0.10872 0.993828
outer loop
vertex 21.1434 17.0398 1.09583
vertex 15.9233 5.09709 -0.326391
vertex 21.1602 17.0398 1.0962
endloop
endfacet
facet normal -0.0285443 -0.105883 0.993969
outer loop
vertex 15.9233 5.09709 -0.326391
vertex 15.9941 5.09694 -0.324374
vertex 21.1602 17.0398 1.0962
endloop
endfacet
facet normal -0.0180502 -0.110393 0.993724
outer loop
vertex 21.1602 17.0398 1.0962
vertex 15.9941 5.09694 -0.324374
vertex 21.1769 17.0398 1.0965
endloop
endfacet
facet normal -0.0216815 -0.108829 0.993824
outer loop
vertex 15.9941 5.09694 -0.324374
vertex 16.0649 5.09683 -0.322841
vertex 21.1769 17.0398 1.0965
endloop
endfacet
facet normal -0.0137095 -0.112213 0.99359
outer loop
vertex 21.1769 17.0398 1.0965
vertex 16.0649 5.09683 -0.322841
vertex 21.1937 17.0398 1.09673
endloop
endfacet
facet normal -0.0153766 -0.111504 0.993645
outer loop
vertex 16.0649 5.09683 -0.322841
vertex 16.1359 5.09676 -0.321751
vertex 21.1937 17.0398 1.09673
endloop
endfacet
facet normal -0.00972246 -0.113875 0.993447
outer loop
vertex 21.1937 17.0398 1.09673
vertex 16.1359 5.09676 -0.321751
vertex 21.2105 17.0397 1.09689
endloop
endfacet
facet normal -0.0102636 -0.113648 0.993468
outer loop
vertex 16.1359 5.09676 -0.321751
vertex 16.2067 5.0967 -0.321025
vertex 21.2105 17.0397 1.09689
endloop
endfacet
facet normal -0.00648955 -0.115211 0.99332
outer loop
vertex 21.2105 17.0397 1.09689
vertex 16.2067 5.0967 -0.321025
vertex 21.2273 17.0397 1.097
endloop
endfacet
facet normal -0.00400115 -0.116245 0.993213
outer loop
vertex 16.2067 5.0967 -0.321025
vertex 16.2774 5.09668 -0.320743
vertex 21.2273 17.0397 1.097
endloop
endfacet
facet normal -0.0025299 -0.116847 0.993147
outer loop
vertex 21.2273 17.0397 1.097
vertex 16.2774 5.09668 -0.320743
vertex 21.2441 17.0397 1.09704
endloop
endfacet
facet normal 0.00342478 -0.119288 0.992854
outer loop
vertex 16.2774 5.09668 -0.320743
vertex 16.3482 5.0967 -0.320985
vertex 21.2441 17.0397 1.09704
endloop
endfacet
facet normal 0.00216558 -0.11878 0.992918
outer loop
vertex 21.2441 17.0397 1.09704
vertex 16.3482 5.0967 -0.320985
vertex 21.2608 17.0397 1.09701
endloop
endfacet
facet normal 0.00968976 -0.121825 0.992504
outer loop
vertex 16.3482 5.0967 -0.320985
vertex 16.4191 5.09675 -0.321671
vertex 21.2608 17.0397 1.09701
endloop
endfacet
facet normal 0.00612753 -0.120405 0.992706
outer loop
vertex 21.2608 17.0397 1.09701
vertex 16.4191 5.09675 -0.321671
vertex 21.2776 17.0397 1.0969
endloop
endfacet
facet normal 0.0159962 -0.124349 0.99211
outer loop
vertex 16.4191 5.09675 -0.321671
vertex 16.4897 5.09683 -0.3228
vertex 21.2776 17.0397 1.0969
endloop
endfacet
facet normal 0.0101166 -0.122035 0.992474
outer loop
vertex 21.2776 17.0397 1.0969
vertex 16.4897 5.09683 -0.3228
vertex 21.2944 17.0398 1.09673
endloop
endfacet
facet normal 0.0228596 -0.127062 0.991631
outer loop
vertex 16.4897 5.09683 -0.3228
vertex 16.5604 5.09695 -0.324414
vertex 21.2944 17.0398 1.09673
endloop
endfacet
facet normal 0.0144592 -0.1238 0.992202
outer loop
vertex 21.2944 17.0398 1.09673
vertex 16.5604 5.09695 -0.324414
vertex 21.3111 17.0398 1.09649
endloop
endfacet
facet normal 0.0291006 -0.129499 0.991152
outer loop
vertex 16.5604 5.09695 -0.324414
vertex 16.6311 5.09709 -0.326471
vertex 21.3111 17.0398 1.09649
endloop
endfacet
facet normal 0.0184096 -0.125403 0.991935
outer loop
vertex 21.3111 17.0398 1.09649
vertex 16.6311 5.09709 -0.326471
vertex 21.3279 17.0398 1.09618
endloop
endfacet
facet normal 0.0360241 -0.132168 0.990573
outer loop
vertex 16.6311 5.09709 -0.326471
vertex 16.7017 5.09728 -0.329013
vertex 21.3279 17.0398 1.09618
endloop
endfacet
facet normal 0.0227941 -0.127168 0.991619
outer loop
vertex 21.3279 17.0398 1.09618
vertex 16.7017 5.09728 -0.329013
vertex 21.3446 17.0398 1.0958
endloop
endfacet
facet normal 0.0435735 -0.135039 0.989882
outer loop
vertex 16.7017 5.09728 -0.329013
vertex 16.772 5.09749 -0.332079
vertex 21.3446 17.0398 1.0958
endloop
endfacet
facet normal 0.0275779 -0.129078 0.991251
outer loop
vertex 21.3446 17.0398 1.0958
vertex 16.772 5.09749 -0.332079
vertex 21.3613 17.0399 1.09534
endloop
endfacet
facet normal 0.0502706 -0.137556 0.989218
outer loop
vertex 16.772 5.09749 -0.332079
vertex 16.8426 5.09775 -0.335629
vertex 21.3613 17.0399 1.09534
endloop
endfacet
facet normal 0.0318247 -0.130778 0.990901
outer loop
vertex 21.3613 17.0399 1.09534
vertex 16.8426 5.09775 -0.335629
vertex 21.378 17.0399 1.09481
endloop
endfacet
facet normal 0.0570257 -0.140061 0.988499
outer loop
vertex 16.8426 5.09775 -0.335629
vertex 16.9125 5.09803 -0.339623
vertex 21.378 17.0399 1.09481
endloop
endfacet
facet normal 0.0361115 -0.132484 0.990527
outer loop
vertex 21.378 17.0399 1.09481
vertex 16.9125 5.09803 -0.339623
vertex 21.3946 17.0399 1.09421
endloop
endfacet
facet normal 0.0681477 -0.14411 0.987212
outer loop
vertex 16.9125 5.09803 -0.339623
vertex 16.9816 5.09837 -0.344343
vertex 21.3946 17.0399 1.09421
endloop
endfacet
facet normal 0.043178 -0.135203 0.989877
outer loop
vertex 21.3946 17.0399 1.09421
vertex 16.9816 5.09837 -0.344343
vertex 21.4109 17.04 1.09351
endloop
endfacet
facet normal 0.0709946 -0.145157 0.986858
outer loop
vertex 16.9816 5.09837 -0.344343
vertex 17.0507 5.09872 -0.349265
vertex 21.4109 17.04 1.09351
endloop
endfacet
facet normal 0.0449883 -0.136003 0.989686
outer loop
vertex 21.4109 17.04 1.09351
vertex 17.0507 5.09872 -0.349265
vertex 21.4273 17.04 1.09277
endloop
endfacet
facet normal 0.0805992 -0.148563 0.985613
outer loop
vertex 17.0507 5.09872 -0.349265
vertex 17.12 5.09912 -0.354873
vertex 21.4273 17.04 1.09277
endloop
endfacet
facet normal 0.0511028 -0.138342 0.989065
outer loop
vertex 21.4273 17.04 1.09277
vertex 17.12 5.09912 -0.354873
vertex 21.4437 17.0401 1.09193
endloop
endfacet
facet normal 0.088314 -0.151267 0.98454
outer loop
vertex 17.12 5.09912 -0.354873
vertex 17.19 5.09957 -0.361086
vertex 21.4437 17.0401 1.09193
endloop
endfacet
facet normal 0.0560214 -0.140249 0.98853
outer loop
vertex 21.4437 17.0401 1.09193
vertex 17.19 5.09957 -0.361086
vertex 21.4603 17.0402 1.091
endloop
endfacet
facet normal 0.0955627 -0.153775 0.983474
outer loop
vertex 17.19 5.09957 -0.361086
vertex 17.2602 5.10005 -0.367823
vertex 21.4603 17.0402 1.091
endloop
endfacet
facet normal 0.0606492 -0.142047 0.988
outer loop
vertex 21.4603 17.0402 1.091
vertex 17.2602 5.10005 -0.367823
vertex 21.4769 17.0402 1.08999
endloop
endfacet
facet normal 0.102659 -0.156196 0.982377
outer loop
vertex 17.2602 5.10005 -0.367823
vertex 17.33 5.10056 -0.375044
vertex 21.4769 17.0402 1.08999
endloop
endfacet
facet normal 0.0651862 -0.143804 0.987457
outer loop
vertex 21.4769 17.0402 1.08999
vertex 17.33 5.10056 -0.375044
vertex 21.4935 17.0403 1.08891
endloop
endfacet
facet normal 0.110843 -0.158939 0.981046
outer loop
vertex 17.33 5.10056 -0.375044
vertex 17.3998 5.10112 -0.38283
vertex 21.4935 17.0403 1.08891
endloop
endfacet
facet normal 0.0704274 -0.145791 0.986805
outer loop
vertex 21.4935 17.0403 1.08891
vertex 17.3998 5.10112 -0.38283
vertex 21.51 17.0404 1.08774
endloop
endfacet
facet normal 0.119191 -0.161693 0.979617
outer loop
vertex 17.3998 5.10112 -0.38283
vertex 17.4692 5.10172 -0.391181
vertex 21.51 17.0404 1.08774
endloop
endfacet
facet normal 0.0757835 -0.147806 0.986109
outer loop
vertex 21.51 17.0404 1.08774
vertex 17.4692 5.10172 -0.391181
vertex 21.5265 17.0405 1.08649
endloop
endfacet
facet normal 0.129756 -0.165107 0.977703
outer loop
vertex 17.4692 5.10172 -0.391181
vertex 17.5381 5.10236 -0.400218
vertex 21.5265 17.0405 1.08649
endloop
endfacet
facet normal 0.0825789 -0.150278 0.985189
outer loop
vertex 21.5265 17.0405 1.08649
vertex 17.5381 5.10236 -0.400218
vertex 21.5428 17.0406 1.08514
endloop
endfacet
facet normal 0.139539 -0.16822 0.975823
outer loop
vertex 17.5381 5.10236 -0.400218
vertex 17.6075 5.10306 -0.410021
vertex 21.5428 17.0406 1.08514
endloop
endfacet
facet normal 0.0888877 -0.152583 0.984285
outer loop
vertex 21.5428 17.0406 1.08514
vertex 17.6075 5.10306 -0.410021
vertex 21.5592 17.0407 1.08367
endloop
endfacet
facet normal 0.146831 -0.170521 0.974353
outer loop
vertex 17.6075 5.10306 -0.410021
vertex 17.6774 5.10381 -0.42043
vertex 21.5592 17.0407 1.08367
endloop
endfacet
facet normal 0.0936011 -0.154372 0.983569
outer loop
vertex 21.5592 17.0407 1.08367
vertex 17.6774 5.10381 -0.42043
vertex 21.5758 17.0408 1.08211
endloop
endfacet
facet normal 0.149321 -0.171343 0.97383
outer loop
vertex 17.6774 5.10381 -0.42043
vertex 17.7472 5.10456 -0.430999
vertex 21.5758 17.0408 1.08211
endloop
endfacet
facet normal 0.0952119 -0.155186 0.983286
outer loop
vertex 21.5758 17.0408 1.08211
vertex 17.7472 5.10456 -0.430999
vertex 21.5923 17.0409 1.08052
endloop
endfacet
facet normal 0.156159 -0.173439 0.972385
outer loop
vertex 17.7472 5.10456 -0.430999
vertex 17.8159 5.10534 -0.441892
vertex 21.5923 17.0409 1.08052
endloop
endfacet
facet normal 0.0996441 -0.156858 0.982582
outer loop
vertex 21.5923 17.0409 1.08052
vertex 17.8159 5.10534 -0.441892
vertex 21.6086 17.041 1.07889
endloop
endfacet
facet normal 0.164763 -0.176011 0.970502
outer loop
vertex 17.8159 5.10534 -0.441892
vertex 17.8829 5.10614 -0.453107
vertex 21.6086 17.041 1.07889
endloop
endfacet
facet normal 0.105235 -0.158863 0.981676
outer loop
vertex 21.6086 17.041 1.07889
vertex 17.8829 5.10614 -0.453107
vertex 21.6245 17.0411 1.07721
endloop
endfacet
facet normal 0.170586 -0.177748 0.969178
outer loop
vertex 17.8829 5.10614 -0.453107
vertex 17.9467 5.10693 -0.464202
vertex 21.6245 17.0411 1.07721
endloop
endfacet
facet normal 0.109028 -0.160308 0.981027
outer loop
vertex 21.6245 17.0411 1.07721
vertex 17.9467 5.10693 -0.464202
vertex 21.6396 17.0413 1.07555
endloop
endfacet
facet normal 0.179492 -0.180314 0.967093
outer loop
vertex 17.9467 5.10693 -0.464202
vertex 18.0066 5.10772 -0.475175
vertex 21.6396 17.0413 1.07555
endloop
endfacet
facet normal 0.114844 -0.162314 0.980033
outer loop
vertex 21.6396 17.0413 1.07555
vertex 18.0066 5.10772 -0.475175
vertex 21.6538 17.0414 1.0739
endloop
endfacet
facet normal 0.208067 -0.188184 0.959841
outer loop
vertex 18.0066 5.10772 -0.475175
vertex 18.0664 5.10863 -0.487963
vertex 21.6538 17.0414 1.0739
endloop
endfacet
facet normal 0.133645 -0.168015 0.976683
outer loop
vertex 21.6538 17.0414 1.0739
vertex 18.0664 5.10863 -0.487963
vertex 21.668 17.0415 1.07199
endloop
endfacet
facet normal 0.216226 -0.190443 0.957589
outer loop
vertex 18.0664 5.10863 -0.487963
vertex 18.1253 5.10957 -0.501075
vertex 21.668 17.0415 1.07199
endloop
endfacet
facet normal 0.139051 -0.169904 0.975601
outer loop
vertex 21.668 17.0415 1.07199
vertex 18.1253 5.10957 -0.501075
vertex 21.6819 17.0417 1.07002
endloop
endfacet
facet normal 0.235767 -0.195614 0.951918
outer loop
vertex 18.1253 5.10957 -0.501075
vertex 18.1847 5.1106 -0.515558
vertex 21.6819 17.0417 1.07002
endloop
endfacet
facet normal 0.152084 -0.17388 0.972952
outer loop
vertex 21.6819 17.0417 1.07002
vertex 18.1847 5.1106 -0.515558
vertex 21.696 17.0418 1.06785
endloop
endfacet
facet normal 0.234937 -0.195502 0.952147
outer loop
vertex 18.1847 5.1106 -0.515558
vertex 18.2449 5.11165 -0.530202
vertex 21.696 17.0418 1.06785
endloop
endfacet
facet normal 0.151523 -0.174165 0.972989
outer loop
vertex 21.696 17.0418 1.06785
vertex 18.2449 5.11165 -0.530202
vertex 21.7103 17.042 1.06566
endloop
endfacet
facet normal 0.239335 -0.196703 0.950803
outer loop
vertex 18.2449 5.11165 -0.530202
vertex 18.308 5.11276 -0.545855
vertex 21.7103 17.042 1.06566
endloop
endfacet
facet normal 0.154467 -0.175403 0.972303
outer loop
vertex 21.7103 17.042 1.06566
vertex 18.308 5.11276 -0.545855
vertex 21.7252 17.0421 1.06331
endloop
endfacet
facet normal 0.234514 -0.195625 0.952226
outer loop
vertex 18.308 5.11276 -0.545855
vertex 18.3746 5.11392 -0.562033
vertex 21.7252 17.0421 1.06331
endloop
endfacet
facet normal 0.151229 -0.175044 0.972877
outer loop
vertex 21.7252 17.0421 1.06331
vertex 18.3746 5.11392 -0.562033
vertex 21.741 17.0423 1.06089
endloop
endfacet
facet normal 0.231938 -0.195112 0.952962
outer loop
vertex 18.3746 5.11392 -0.562033
vertex 18.4419 5.11507 -0.57817
vertex 21.741 17.0423 1.06089
endloop
endfacet
facet normal 0.1495 -0.175082 0.973137
outer loop
vertex 21.741 17.0423 1.06089
vertex 18.4419 5.11507 -0.57817
vertex 21.757 17.0425 1.05847
endloop
endfacet
facet normal 0.221011 -0.192614 0.956062
outer loop
vertex 18.4419 5.11507 -0.57817
vertex 18.5087 5.11616 -0.593379
vertex 21.757 17.0425 1.05847
endloop
endfacet
facet normal 0.142206 -0.173701 0.974477
outer loop
vertex 21.757 17.0425 1.05847
vertex 18.5087 5.11616 -0.593379
vertex 21.7728 17.0427 1.05619
endloop
endfacet
facet normal 0.208453 -0.189754 0.959448
outer loop
vertex 18.5087 5.11616 -0.593379
vertex 18.5744 5.11716 -0.607459
vertex 21.7728 17.0427 1.05619
endloop
endfacet
facet normal 0.133871 -0.172053 0.975949
outer loop
vertex 21.7728 17.0427 1.05619
vertex 18.5744 5.11716 -0.607459
vertex 21.7883 17.0428 1.05409
endloop
endfacet
facet normal 0.198573 -0.187543 0.961975
outer loop
vertex 18.5744 5.11716 -0.607459
vertex 18.6374 5.11808 -0.620288
vertex 21.7883 17.0428 1.05409
endloop
endfacet
facet normal 0.127344 -0.170837 0.977035
outer loop
vertex 21.7883 17.0428 1.05409
vertex 18.6374 5.11808 -0.620288
vertex 21.8033 17.0429 1.05216
endloop
endfacet
facet normal 0.188519 -0.185309 0.964428
outer loop
vertex 18.6374 5.11808 -0.620288
vertex 18.6945 5.11887 -0.631301
vertex 21.8033 17.0429 1.05216
endloop
endfacet
facet normal 0.120731 -0.169566 0.978096
outer loop
vertex 21.8033 17.0429 1.05216
vertex 18.6945 5.11887 -0.631301
vertex 21.8168 17.0431 1.05051
endloop
endfacet
facet normal 0.183765 -0.1843 0.965538
outer loop
vertex 18.6945 5.11887 -0.631301
vertex 18.7431 5.11952 -0.640419
vertex 21.8168 17.0431 1.05051
endloop
endfacet
facet normal 0.117613 -0.169093 0.978558
outer loop
vertex 21.8168 17.0431 1.05051
vertex 18.7431 5.11952 -0.640419
vertex 21.8283 17.0432 1.04915
endloop
endfacet
facet normal 0.181052 -0.18375 0.966155
outer loop
vertex 18.7431 5.11952 -0.640419
vertex 18.7706 5.11988 -0.645502
vertex 21.8283 17.0432 1.04915
endloop
endfacet
facet normal 0.115836 -0.168825 0.978816
outer loop
vertex 21.8283 17.0432 1.04915
vertex 18.7706 5.11988 -0.645502
vertex 21.8348 17.0432 1.04839
endloop
endfacet
facet normal -0.0716182 0.15831 -0.984789
outer loop
vertex 18.7706 5.11988 -0.645502
vertex 18.7431 5.11974 -0.643525
vertex 21.8348 17.0432 1.04839
endloop
endfacet
facet normal -0.0453807 0.151871 -0.987358
outer loop
vertex 21.8348 17.0432 1.04839
vertex 18.7431 5.11974 -0.643525
vertex 21.8283 17.0432 1.04868
endloop
endfacet
facet normal -0.0761033 0.159384 -0.984279
outer loop
vertex 18.7431 5.11974 -0.643525
vertex 18.6945 5.11948 -0.639814
vertex 21.8283 17.0432 1.04868
endloop
endfacet
facet normal -0.0482347 0.152463 -0.987131
outer loop
vertex 21.8283 17.0432 1.04868
vertex 18.6945 5.11948 -0.639814
vertex 21.8168 17.0431 1.04924
endloop
endfacet
facet normal -0.0745569 0.158978 -0.984463
outer loop
vertex 18.6945 5.11948 -0.639814
vertex 18.6374 5.11917 -0.635537
vertex 21.8168 17.0431 1.04924
endloop
endfacet
facet normal -0.0472509 0.152089 -0.987237
outer loop
vertex 21.8168 17.0431 1.04924
vertex 18.6374 5.11917 -0.635537
vertex 21.8033 17.0431 1.04988
endloop
endfacet
facet normal -0.0485592 0.15242 -0.987122
outer loop
vertex 18.6374 5.11917 -0.635537
vertex 18.5744 5.11895 -0.632471
vertex 21.8033 17.0431 1.04988
endloop
endfacet
facet normal -0.0307379 0.147794 -0.98854
outer loop
vertex 21.8033 17.0431 1.04988
vertex 18.5744 5.11895 -0.632471
vertex 21.7883 17.0431 1.05034
endloop
endfacet
facet normal -0.0190225 0.144742 -0.989287
outer loop
vertex 18.5744 5.11895 -0.632471
vertex 18.5087 5.11886 -0.631221
vertex 21.7883 17.0431 1.05034
endloop
endfacet
facet normal -0.0120311 0.142873 -0.989668
outer loop
vertex 21.7883 17.0431 1.05034
vertex 18.5087 5.11886 -0.631221
vertex 21.7728 17.0431 1.05052
endloop
endfacet
facet normal 0.0126982 0.136234 -0.990595
outer loop
vertex 18.5087 5.11886 -0.631221
vertex 18.4419 5.11892 -0.632068
vertex 21.7728 17.0431 1.05052
endloop
endfacet
facet normal 0.00802887 0.13752 -0.990466
outer loop
vertex 21.7728 17.0431 1.05052
vertex 18.4419 5.11892 -0.632068
vertex 21.757 17.0431 1.0504
endloop
endfacet
facet normal 0.0491655 0.12613 -0.990795
outer loop
vertex 18.4419 5.11892 -0.632068
vertex 18.3746 5.11916 -0.635376
vertex 21.757 17.0431 1.0504
endloop
endfacet
facet normal 0.0311012 0.131263 -0.99086
outer loop
vertex 21.757 17.0431 1.0504
vertex 18.3746 5.11916 -0.635376
vertex 21.741 17.0431 1.0499
endloop
endfacet
facet normal 0.0779552 0.117908 -0.98996
outer loop
vertex 18.3746 5.11916 -0.635376
vertex 18.308 5.11953 -0.64058
vertex 21.741 17.0431 1.0499
endloop
endfacet
facet normal 0.0493611 0.126256 -0.990769
outer loop
vertex 21.741 17.0431 1.0499
vertex 18.308 5.11953 -0.64058
vertex 21.7252 17.0432 1.04912
endloop
endfacet
facet normal 0.0886532 0.114804 -0.989424
outer loop
vertex 18.308 5.11953 -0.64058
vertex 18.2449 5.11993 -0.646188
vertex 21.7252 17.0432 1.04912
endloop
endfacet
facet normal 0.0561629 0.12446 -0.990634
outer loop
vertex 21.7252 17.0432 1.04912
vertex 18.2449 5.11993 -0.646188
vertex 21.7103 17.0432 1.04828
endloop
endfacet
facet normal 0.144163 0.0980386 -0.984686
outer loop
vertex 18.2449 5.11993 -0.646188
vertex 18.1847 5.12056 -0.654942
vertex 21.7103 17.0432 1.04828
endloop
endfacet
facet normal 0.091678 0.114206 -0.989218
outer loop
vertex 21.7103 17.0432 1.04828
vertex 18.1847 5.12056 -0.654942
vertex 21.696 17.0433 1.04697
endloop
endfacet
facet normal 0.184872 0.0853088 -0.979053
outer loop
vertex 18.1847 5.12056 -0.654942
vertex 18.1253 5.12135 -0.666077
vertex 21.696 17.0433 1.04697
endloop
endfacet
facet normal 0.118052 0.106504 -0.987279
outer loop
vertex 21.696 17.0433 1.04697
vertex 18.1253 5.12135 -0.666077
vertex 21.6819 17.0434 1.0453
endloop
endfacet
facet normal 0.197909 0.0811838 -0.976853
outer loop
vertex 18.1253 5.12135 -0.666077
vertex 18.0664 5.1222 -0.677937
vertex 21.6819 17.0434 1.0453
endloop
endfacet
facet normal 0.126574 0.104209 -0.986468
outer loop
vertex 21.6819 17.0434 1.0453
vertex 18.0664 5.1222 -0.677937
vertex 21.668 17.0436 1.04353
endloop
endfacet
facet normal 0.217127 0.0749448 -0.973262
outer loop
vertex 18.0664 5.1222 -0.677937
vertex 18.0066 5.12315 -0.69121
vertex 21.668 17.0436 1.04353
endloop
endfacet
facet normal 0.139214 0.100604 -0.985139
outer loop
vertex 21.668 17.0436 1.04353
vertex 18.0066 5.12315 -0.69121
vertex 21.6538 17.0437 1.04154
endloop
endfacet
facet normal 0.201028 0.0804038 -0.97628
outer loop
vertex 18.0066 5.12315 -0.69121
vertex 17.9467 5.12402 -0.703474
vertex 21.6538 17.0437 1.04154
endloop
endfacet
facet normal 0.128616 0.104375 -0.986187
outer loop
vertex 21.6538 17.0437 1.04154
vertex 17.9467 5.12402 -0.703474
vertex 21.6396 17.0438 1.0397
endloop
endfacet
facet normal 0.198628 0.0812967 -0.976697
outer loop
vertex 17.9467 5.12402 -0.703474
vertex 17.8829 5.12494 -0.716384
vertex 21.6396 17.0438 1.0397
endloop
endfacet
facet normal 0.12704 0.105275 -0.986295
outer loop
vertex 21.6396 17.0438 1.0397
vertex 17.8829 5.12494 -0.716384
vertex 21.6245 17.044 1.03777
endloop
endfacet
facet normal 0.204122 0.0795195 -0.975711
outer loop
vertex 17.8829 5.12494 -0.716384
vertex 17.8159 5.12594 -0.730302
vertex 21.6245 17.044 1.03777
endloop
endfacet
facet normal 0.130643 0.104513 -0.985905
outer loop
vertex 21.6245 17.044 1.03777
vertex 17.8159 5.12594 -0.730302
vertex 21.6086 17.0441 1.03568
endloop
endfacet
facet normal 0.201275 0.0805997 -0.976213
outer loop
vertex 17.8159 5.12594 -0.730302
vertex 17.7472 5.12694 -0.744382
vertex 21.6086 17.0441 1.03568
endloop
endfacet
facet normal 0.128772 0.10556 -0.98604
outer loop
vertex 21.6086 17.0441 1.03568
vertex 17.7472 5.12694 -0.744382
vertex 21.5923 17.0443 1.03357
endloop
endfacet
facet normal 0.190539 0.0844374 -0.978041
outer loop
vertex 17.7472 5.12694 -0.744382
vertex 17.6774 5.12791 -0.757897
vertex 21.5923 17.0443 1.03357
endloop
endfacet
facet normal 0.12174 0.108332 -0.986632
outer loop
vertex 21.5923 17.0443 1.03357
vertex 17.6774 5.12791 -0.757897
vertex 21.5758 17.0444 1.03155
endloop
endfacet
facet normal 0.189642 0.0848491 -0.97818
outer loop
vertex 17.6774 5.12791 -0.757897
vertex 17.6075 5.12887 -0.771371
vertex 21.5758 17.0444 1.03155
endloop
endfacet
facet normal 0.121152 0.108938 -0.986638
outer loop
vertex 21.5758 17.0444 1.03155
vertex 17.6075 5.12887 -0.771371
vertex 21.5592 17.0446 1.02953
endloop
endfacet
facet normal 0.18994 0.0848384 -0.978123
outer loop
vertex 17.6075 5.12887 -0.771371
vertex 17.5381 5.12983 -0.784765
vertex 21.5592 17.0446 1.02953
endloop
endfacet
facet normal 0.121345 0.109276 -0.986577
outer loop
vertex 21.5592 17.0446 1.02953
vertex 17.5381 5.12983 -0.784765
vertex 21.5428 17.0447 1.02752
endloop
endfacet
facet normal 0.183442 0.087275 -0.979149
outer loop
vertex 17.5381 5.12983 -0.784765
vertex 17.4692 5.13075 -0.797594
vertex 21.5428 17.0447 1.02752
endloop
endfacet
facet normal 0.117103 0.111142 -0.986881
outer loop
vertex 21.5428 17.0447 1.02752
vertex 17.4692 5.13075 -0.797594
vertex 21.5265 17.0448 1.0256
endloop
endfacet
facet normal 0.174861 0.0904849 -0.980426
outer loop
vertex 17.4692 5.13075 -0.797594
vertex 17.3998 5.13162 -0.809899
vertex 21.5265 17.0448 1.0256
endloop
endfacet
facet normal 0.111516 0.113481 -0.987262
outer loop
vertex 21.5265 17.0448 1.0256
vertex 17.3998 5.13162 -0.809899
vertex 21.51 17.045 1.02375
endloop
endfacet
facet normal 0.167547 0.0932541 -0.981444
outer loop
vertex 17.3998 5.13162 -0.809899
vertex 17.33 5.13247 -0.821719
vertex 21.51 17.045 1.02375
endloop
endfacet
facet normal 0.106766 0.115527 -0.98755
outer loop
vertex 21.51 17.045 1.02375
vertex 17.33 5.13247 -0.821719
vertex 21.4935 17.0451 1.02198
endloop
endfacet
facet normal 0.158786 0.096577 -0.982578
outer loop
vertex 17.33 5.13247 -0.821719
vertex 17.2602 5.13327 -0.832934
vertex 21.4935 17.0451 1.02198
endloop
endfacet
facet normal 0.101093 0.117904 -0.987866
outer loop
vertex 21.4935 17.0451 1.02198
vertex 17.2602 5.13327 -0.832934
vertex 21.4769 17.0452 1.0203
endloop
endfacet
facet normal 0.149939 0.0999535 -0.98363
outer loop
vertex 17.2602 5.13327 -0.832934
vertex 17.19 5.13403 -0.843544
vertex 21.4769 17.0452 1.0203
endloop
endfacet
facet normal 0.0953787 0.120297 -0.988146
outer loop
vertex 21.4769 17.0452 1.0203
vertex 17.19 5.13403 -0.843544
vertex 21.4603 17.0453 1.01871
endloop
endfacet
facet normal 0.141165 0.103324 -0.984579
outer loop
vertex 17.19 5.13403 -0.843544
vertex 17.12 5.13474 -0.853509
vertex 21.4603 17.0453 1.01871
endloop
endfacet
facet normal 0.0897263 0.122667 -0.988384
outer loop
vertex 21.4603 17.0453 1.01871
vertex 17.12 5.13474 -0.853509
vertex 21.4437 17.0454 1.01722
endloop
endfacet
facet normal 0.130657 0.107371 -0.985596
outer loop
vertex 17.12 5.13474 -0.853509
vertex 17.0507 5.13539 -0.862627
vertex 21.4437 17.0454 1.01722
endloop
endfacet
facet normal 0.0829747 0.125437 -0.988626
outer loop
vertex 21.4437 17.0454 1.01722
vertex 17.0507 5.13539 -0.862627
vertex 21.4273 17.0455 1.01585
endloop
endfacet
facet normal 0.121268 0.111013 -0.986393
outer loop
vertex 17.0507 5.13539 -0.862627
vertex 16.9816 5.13599 -0.871058
vertex 21.4273 17.0455 1.01585
endloop
endfacet
facet normal 0.0769568 0.127934 -0.988792
outer loop
vertex 21.4273 17.0455 1.01585
vertex 16.9816 5.13599 -0.871058
vertex 21.4109 17.0456 1.01459
endloop
endfacet
facet normal 0.115607 0.113247 -0.986818
outer loop
vertex 16.9816 5.13599 -0.871058
vertex 16.9125 5.13657 -0.879086
vertex 21.4109 17.0456 1.01459
endloop
endfacet
facet normal 0.0733349 0.129539 -0.988859
outer loop
vertex 21.4109 17.0456 1.01459
vertex 16.9125 5.13657 -0.879086
vertex 21.3946 17.0457 1.01339
endloop
endfacet
facet normal 0.104566 0.117576 -0.987543
outer loop
vertex 16.9125 5.13657 -0.879086
vertex 16.8426 5.13709 -0.886429
vertex 21.3946 17.0457 1.01339
endloop
endfacet
facet normal 0.0662834 0.132437 -0.988973
outer loop
vertex 21.3946 17.0457 1.01339
vertex 16.8426 5.13709 -0.886429
vertex 21.378 17.0458 1.01229
endloop
endfacet
facet normal 0.0957426 0.121065 -0.988016
outer loop
vertex 16.8426 5.13709 -0.886429
vertex 16.772 5.13757 -0.893206
vertex 21.378 17.0458 1.01229
endloop
endfacet
facet normal 0.0606591 0.134795 -0.989015
outer loop
vertex 21.378 17.0458 1.01229
vertex 16.772 5.13757 -0.893206
vertex 21.3613 17.0459 1.01127
endloop
endfacet
facet normal 0.0880894 0.124117 -0.98835
outer loop
vertex 16.772 5.13757 -0.893206
vertex 16.7017 5.13802 -0.899419
vertex 21.3613 17.0459 1.01127
endloop
endfacet
facet normal 0.0557878 0.136864 -0.989018
outer loop
vertex 21.3613 17.0459 1.01127
vertex 16.7017 5.13802 -0.899419
vertex 21.3446 17.0459 1.01034
endloop
endfacet
facet normal 0.078735 0.12786 -0.988662
outer loop
vertex 16.7017 5.13802 -0.899419
vertex 16.6311 5.13842 -0.904986
vertex 21.3446 17.0459 1.01034
endloop
endfacet
facet normal 0.049842 0.13935 -0.988988
outer loop
vertex 21.3446 17.0459 1.01034
vertex 16.6311 5.13842 -0.904986
vertex 21.3279 17.046 1.00951
endloop
endfacet
facet normal 0.0700321 0.131365 -0.988857
outer loop
vertex 16.6311 5.13842 -0.904986
vertex 16.5604 5.13877 -0.909949
vertex 21.3279 17.046 1.00951
endloop
endfacet
facet normal 0.0443174 0.141671 -0.988921
outer loop
vertex 21.3279 17.046 1.00951
vertex 16.5604 5.13877 -0.909949
vertex 21.3111 17.046 1.00876
endloop
endfacet
facet normal 0.060452 0.135241 -0.988967
outer loop
vertex 16.5604 5.13877 -0.909949
vertex 16.4897 5.13908 -0.914225
vertex 21.3111 17.046 1.00876
endloop
endfacet
facet normal 0.0382427 0.144208 -0.988808
outer loop
vertex 21.3111 17.046 1.00876
vertex 16.4897 5.13908 -0.914225
vertex 21.2944 17.0461 1.00812
endloop
endfacet
facet normal 0.0518781 0.138733 -0.98897
outer loop
vertex 16.4897 5.13908 -0.914225
vertex 16.4191 5.13934 -0.917896
vertex 21.2944 17.0461 1.00812
endloop
endfacet
facet normal 0.0328112 0.146491 -0.988668
outer loop
vertex 21.2944 17.0461 1.00812
vertex 16.4191 5.13934 -0.917896
vertex 21.2776 17.0461 1.00757
endloop
endfacet
facet normal 0.0437938 0.142045 -0.988891
outer loop
vertex 16.4191 5.13934 -0.917896
vertex 16.3482 5.13956 -0.921002
vertex 21.2776 17.0461 1.00757
endloop
endfacet
facet normal 0.0276935 0.148648 -0.988502
outer loop
vertex 21.2776 17.0461 1.00757
vertex 16.3482 5.13956 -0.921002
vertex 21.2608 17.0462 1.00711
endloop
endfacet
facet normal 0.0347402 0.145774 -0.988708
outer loop
vertex 16.3482 5.13956 -0.921002
vertex 16.2774 5.13974 -0.923463
vertex 21.2608 17.0462 1.00711
endloop
endfacet
facet normal 0.0219654 0.151052 -0.988282
outer loop
vertex 21.2608 17.0462 1.00711
vertex 16.2774 5.13974 -0.923463
vertex 21.2441 17.0462 1.00674
endloop
endfacet
facet normal 0.0268004 0.149064 -0.988464
outer loop
vertex 16.2774 5.13974 -0.923463
vertex 16.2067 5.13987 -0.92536
vertex 21.2441 17.0462 1.00674
endloop
endfacet
facet normal 0.0169441 0.153168 -0.988055
outer loop
vertex 21.2441 17.0462 1.00674
vertex 16.2067 5.13987 -0.92536
vertex 21.2273 17.0462 1.00645
endloop
endfacet
facet normal 0.0181997 0.152648 -0.988113
outer loop
vertex 16.2067 5.13987 -0.92536
vertex 16.1359 5.13996 -0.92665
vertex 21.2273 17.0462 1.00645
endloop
endfacet
facet normal 0.0115062 0.155456 -0.987776
outer loop
vertex 21.2273 17.0462 1.00645
vertex 16.1359 5.13996 -0.92665
vertex 21.2105 17.0462 1.00626
endloop
endfacet
facet normal 0.00965471 0.156228 -0.987674
outer loop
vertex 16.1359 5.13996 -0.92665
vertex 16.0649 5.14001 -0.927336
vertex 21.2105 17.0462 1.00626
endloop
endfacet
facet normal 0.00610412 0.157729 -0.987464
outer loop
vertex 21.2105 17.0462 1.00626
vertex 16.0649 5.14001 -0.927336
vertex 21.1937 17.0462 1.00616
endloop
endfacet
facet normal 0.00227544 0.159338 -0.987221
outer loop
vertex 16.0649 5.14001 -0.927336
vertex 15.9941 5.14002 -0.927498
vertex 21.1937 17.0462 1.00616
endloop
endfacet
facet normal 0.00143873 0.159695 -0.987165
outer loop
vertex 21.1937 17.0462 1.00616
vertex 15.9941 5.14002 -0.927498
vertex 21.1769 17.0462 1.00613
endloop
endfacet
facet normal -0.00455249 0.162234 -0.986742
outer loop
vertex 15.9941 5.14002 -0.927498
vertex 15.9233 5.14 -0.927175
vertex 21.1769 17.0462 1.00613
endloop
endfacet
facet normal -0.00287878 0.161516 -0.986866
outer loop
vertex 21.1769 17.0462 1.00613
vertex 15.9233 5.14 -0.927175
vertex 21.1602 17.0462 1.00618
endloop
endfacet
facet normal -0.0119534 0.165392 -0.986156
outer loop
vertex 15.9233 5.14 -0.927175
vertex 15.8526 5.13994 -0.926328
vertex 21.1602 17.0462 1.00618
endloop
endfacet
facet normal -0.00755996 0.163492 -0.986516
outer loop
vertex 21.1602 17.0462 1.00618
vertex 15.8526 5.13994 -0.926328
vertex 21.1434 17.0462 1.00631
endloop
endfacet
facet normal -0.0181741 0.168061 -0.985609
outer loop
vertex 15.8526 5.13994 -0.926328
vertex 15.7817 5.13985 -0.925037
vertex 21.1434 17.0462 1.00631
endloop
endfacet
facet normal -0.0114961 0.16515 -0.986201
outer loop
vertex 21.1434 17.0462 1.00631
vertex 15.7817 5.13985 -0.925037
vertex 21.1266 17.0462 1.0065
endloop
endfacet
facet normal -0.0255769 0.171259 -0.984894
outer loop
vertex 15.7817 5.13985 -0.925037
vertex 15.711 5.13972 -0.923221
vertex 21.1266 17.0462 1.0065
endloop
endfacet
facet normal -0.0161824 0.167133 -0.985802
outer loop
vertex 21.1266 17.0462 1.0065
vertex 15.711 5.13972 -0.923221
vertex 21.1098 17.0462 1.00678
endloop
endfacet
facet normal -0.0313651 0.173772 -0.984286
outer loop
vertex 15.711 5.13972 -0.923221
vertex 15.6404 5.13956 -0.921002
vertex 21.1098 17.0462 1.00678
endloop
endfacet
facet normal -0.0198488 0.168674 -0.985472
outer loop
vertex 21.1098 17.0462 1.00678
vertex 15.6404 5.13956 -0.921002
vertex 21.0931 17.0462 1.00711
endloop
endfacet
facet normal -0.038755 0.177004 -0.983447
outer loop
vertex 15.6404 5.13956 -0.921002
vertex 15.5699 5.13936 -0.918259
vertex 21.0931 17.0462 1.00711
endloop
endfacet
facet normal -0.0245328 0.170662 -0.985024
outer loop
vertex 21.0931 17.0462 1.00711
vertex 15.5699 5.13936 -0.918259
vertex 21.0764 17.0461 1.00752
endloop
endfacet
facet normal -0.0455657 0.179998 -0.982611
outer loop
vertex 15.5699 5.13936 -0.918259
vertex 15.4994 5.13913 -0.915032
vertex 21.0764 17.0461 1.00752
endloop
endfacet
facet normal -0.0288533 0.17249 -0.984589
outer loop
vertex 21.0764 17.0461 1.00752
vertex 15.4994 5.13913 -0.915032
vertex 21.0597 17.0461 1.008
endloop
endfacet
facet normal -0.0535673 0.18354 -0.981552
outer loop
vertex 15.4994 5.13913 -0.915032
vertex 15.4298 5.13887 -0.91128
vertex 21.0597 17.0461 1.008
endloop
endfacet
facet normal -0.0339343 0.174659 -0.984044
outer loop
vertex 21.0597 17.0461 1.008
vertex 15.4298 5.13887 -0.91128
vertex 21.0432 17.0461 1.00856
endloop
endfacet
facet normal -0.0610506 0.186869 -0.980486
outer loop
vertex 15.4298 5.13887 -0.91128
vertex 15.3608 5.13856 -0.907044
vertex 21.0432 17.0461 1.00856
endloop
endfacet
facet normal -0.0386919 0.176685 -0.983507
outer loop
vertex 21.0432 17.0461 1.00856
vertex 15.3608 5.13856 -0.907044
vertex 21.0269 17.046 1.0092
endloop
endfacet
facet normal -0.0667534 0.189413 -0.979626
outer loop
vertex 15.3608 5.13856 -0.907044
vertex 15.2924 5.13823 -0.902445
vertex 21.0269 17.046 1.0092
endloop
endfacet
facet normal -0.0423216 0.178203 -0.983083
outer loop
vertex 21.0269 17.046 1.0092
vertex 15.2924 5.13823 -0.902445
vertex 21.0107 17.046 1.00989
endloop
endfacet
facet normal -0.072161 0.191839 -0.97877
outer loop
vertex 15.2924 5.13823 -0.902445
vertex 15.2241 5.13788 -0.897483
vertex 21.0107 17.046 1.00989
endloop
endfacet
facet normal -0.0457671 0.179638 -0.982668
outer loop
vertex 21.0107 17.046 1.00989
vertex 15.2241 5.13788 -0.897483
vertex 20.9945 17.0459 1.01063
endloop
endfacet
facet normal -0.080337 0.195546 -0.977399
outer loop
vertex 15.2241 5.13788 -0.897483
vertex 15.1559 5.13749 -0.891956
vertex 20.9945 17.0459 1.01063
endloop
endfacet
facet normal -0.0509834 0.181888 -0.981997
outer loop
vertex 20.9945 17.0459 1.01063
vertex 15.1559 5.13749 -0.891956
vertex 20.9783 17.0458 1.01146
endloop
endfacet
facet normal -0.0918354 0.200795 -0.975319
outer loop
vertex 15.1559 5.13749 -0.891956
vertex 15.0872 5.13703 -0.885582
vertex 20.9783 17.0458 1.01146
endloop
endfacet
facet normal -0.0583348 0.185125 -0.980982
outer loop
vertex 20.9783 17.0458 1.01146
vertex 15.0872 5.13703 -0.885582
vertex 20.9621 17.0458 1.01241
endloop
endfacet
facet normal -0.103172 0.205988 -0.9731
outer loop
vertex 15.0872 5.13703 -0.885582
vertex 15.0193 5.13652 -0.878481
vertex 20.9621 17.0458 1.01241
endloop
endfacet
facet normal -0.0656033 0.188323 -0.979914
outer loop
vertex 20.9621 17.0458 1.01241
vertex 15.0193 5.13652 -0.878481
vertex 20.9459 17.0457 1.01348
endloop
endfacet
facet normal -0.11352 0.210741 -0.970928
outer loop
vertex 15.0193 5.13652 -0.878481
vertex 14.9516 5.13597 -0.870695
vertex 20.9459 17.0457 1.01348
endloop
endfacet
facet normal -0.0722574 0.191232 -0.978882
outer loop
vertex 20.9459 17.0457 1.01348
vertex 14.9516 5.13597 -0.870695
vertex 20.9299 17.0456 1.01464
endloop
endfacet
facet normal -0.131269 0.218951 -0.966865
outer loop
vertex 14.9516 5.13597 -0.870695
vertex 14.8852 5.13533 -0.86182
vertex 20.9299 17.0456 1.01464
endloop
endfacet
facet normal -0.0837179 0.196406 -0.976942
outer loop
vertex 20.9299 17.0456 1.01464
vertex 14.8852 5.13533 -0.86182
vertex 20.9142 17.0455 1.01597
endloop
endfacet
facet normal -0.154598 0.229755 -0.960891
outer loop
vertex 14.8852 5.13533 -0.86182
vertex 14.8197 5.13459 -0.851452
vertex 20.9142 17.0455 1.01597
endloop
endfacet
facet normal -0.0988868 0.203321 -0.974106
outer loop
vertex 20.9142 17.0455 1.01597
vertex 14.8197 5.13459 -0.851452
vertex 20.8986 17.0454 1.01753
endloop
endfacet
facet normal -0.167986 0.235925 -0.957142
outer loop
vertex 14.8197 5.13459 -0.851452
vertex 14.7558 5.13381 -0.840438
vertex 20.8986 17.0454 1.01753
endloop
endfacet
facet normal -0.107655 0.207186 -0.97236
outer loop
vertex 20.8986 17.0454 1.01753
vertex 14.7558 5.13381 -0.840438
vertex 20.8835 17.0453 1.01918
endloop
endfacet
facet normal -0.183014 0.242875 -0.952637
outer loop
vertex 14.7558 5.13381 -0.840438
vertex 14.6946 5.13298 -0.8289
vertex 20.8835 17.0453 1.01918
endloop
endfacet
facet normal -0.117557 0.211602 -0.97026
outer loop
vertex 20.8835 17.0453 1.01918
vertex 14.6946 5.13298 -0.8289
vertex 20.869 17.0452 1.02091
endloop
endfacet
facet normal -0.209353 0.2551 -0.943978
outer loop
vertex 14.6946 5.13298 -0.8289
vertex 14.6374 5.13209 -0.816434
vertex 20.869 17.0452 1.02091
endloop
endfacet
facet normal -0.135081 0.219673 -0.966176
outer loop
vertex 20.869 17.0452 1.02091
vertex 14.6374 5.13209 -0.816434
vertex 20.8554 17.045 1.02277
endloop
endfacet
facet normal -0.239454 0.269013 -0.932895
outer loop
vertex 14.6374 5.13209 -0.816434
vertex 14.5854 5.13116 -0.803363
vertex 20.8554 17.045 1.02277
endloop
endfacet
facet normal -0.155412 0.229079 -0.960921
outer loop
vertex 20.8554 17.045 1.02277
vertex 14.5854 5.13116 -0.803363
vertex 20.8431 17.0449 1.02473
endloop
endfacet
facet normal -0.271004 0.283497 -0.919884
outer loop
vertex 14.5854 5.13116 -0.803363
vertex 14.5396 5.13022 -0.790171
vertex 20.8431 17.0449 1.02473
endloop
endfacet
facet normal -0.177125 0.239133 -0.954695
outer loop
vertex 20.8431 17.0449 1.02473
vertex 14.5396 5.13022 -0.790171
vertex 20.8323 17.0448 1.02671
endloop
endfacet
facet normal -0.308301 0.300468 -0.90259
outer loop
vertex 14.5396 5.13022 -0.790171
vertex 14.5007 5.12929 -0.777181
vertex 20.8323 17.0448 1.02671
endloop
endfacet
facet normal -0.203418 0.25135 -0.946279
outer loop
vertex 20.8323 17.0448 1.02671
vertex 14.5007 5.12929 -0.777181
vertex 20.8231 17.0446 1.02866
endloop
endfacet
facet normal -0.348523 0.318528 -0.881517
outer loop
vertex 14.5007 5.12929 -0.777181
vertex 14.4684 5.1284 -0.764755
vertex 20.8231 17.0446 1.02866
endloop
endfacet
facet normal -0.232665 0.264912 -0.935782
outer loop
vertex 20.8231 17.0446 1.02866
vertex 14.4684 5.1284 -0.764755
vertex 20.8154 17.0445 1.03052
endloop
endfacet
facet normal -0.388875 0.336351 -0.857697
outer loop
vertex 14.4684 5.1284 -0.764755
vertex 14.4422 5.12757 -0.753177
vertex 20.8154 17.0445 1.03052
endloop
endfacet
facet normal -0.263112 0.27895 -0.923558
outer loop
vertex 20.8154 17.0445 1.03052
vertex 14.4422 5.12757 -0.753177
vertex 20.8092 17.0444 1.03225
endloop
endfacet
facet normal -0.425977 0.352439 -0.833265
outer loop
vertex 14.4422 5.12757 -0.753177
vertex 14.4207 5.12681 -0.742526
vertex 20.8092 17.0444 1.03225
endloop
endfacet
facet normal -0.29226 0.292273 -0.910583
outer loop
vertex 20.8092 17.0444 1.03225
vertex 14.4207 5.12681 -0.742526
vertex 20.8041 17.0442 1.03385
endloop
endfacet
facet normal -0.460962 0.36732 -0.807831
outer loop
vertex 14.4207 5.12681 -0.742526
vertex 14.403 5.12611 -0.732723
vertex 20.8041 17.0442 1.03385
endloop
endfacet
facet normal -0.320928 0.305261 -0.896561
outer loop
vertex 20.8041 17.0442 1.03385
vertex 14.403 5.12611 -0.732723
vertex 20.7999 17.0441 1.03532
endloop
endfacet
facet normal -0.494603 0.381336 -0.780993
outer loop
vertex 14.403 5.12611 -0.732723
vertex 14.3882 5.12547 -0.723686
vertex 20.7999 17.0441 1.03532
endloop
endfacet
facet normal -0.349752 0.318194 -0.88115
outer loop
vertex 20.7999 17.0441 1.03532
vertex 14.3882 5.12547 -0.723686
vertex 20.7964 17.044 1.03667
endloop
endfacet
facet normal -0.537666 0.398806 -0.742879
outer loop
vertex 14.3882 5.12547 -0.723686
vertex 14.3759 5.12485 -0.715093
vertex 20.7964 17.044 1.03667
endloop
endfacet
facet normal -0.388751 0.335521 -0.858078
outer loop
vertex 20.7964 17.044 1.03667
vertex 14.3759 5.12485 -0.715093
vertex 20.7935 17.044 1.03796
endloop
endfacet
facet normal -0.59141 0.419702 -0.688538
outer loop
vertex 14.3759 5.12485 -0.715093
vertex 14.3656 5.12425 -0.706661
vertex 20.7935 17.044 1.03796
endloop
endfacet
facet normal -0.441441 0.358449 -0.822584
outer loop
vertex 20.7935 17.044 1.03796
vertex 14.3656 5.12425 -0.706661
vertex 20.7911 17.0439 1.03922
endloop
endfacet
facet normal -0.654572 0.442624 -0.612878
outer loop
vertex 14.3656 5.12425 -0.706661
vertex 14.3573 5.12364 -0.698149
vertex 20.7911 17.0439 1.03922
endloop
endfacet
facet normal -0.510666 0.38749 -0.76751
outer loop
vertex 20.7911 17.0439 1.03922
vertex 14.3573 5.12364 -0.698149
vertex 20.7891 17.0438 1.0405
endloop
endfacet
facet normal -0.713586 0.461866 -0.526758
outer loop
vertex 14.3573 5.12364 -0.698149
vertex 14.3505 5.12303 -0.689556
vertex 20.7891 17.0438 1.0405
endloop
endfacet
facet normal -0.584875 0.41688 -0.695796
outer loop
vertex 20.7891 17.0438 1.0405
vertex 14.3505 5.12303 -0.689556
vertex 20.7875 17.0437 1.04178
endloop
endfacet
facet normal -0.765878 0.476296 -0.431941
outer loop
vertex 14.3505 5.12303 -0.689556
vertex 14.3452 5.12241 -0.680882
vertex 20.7875 17.0437 1.04178
endloop
endfacet
facet normal -0.661116 0.444599 -0.604365
outer loop
vertex 20.7875 17.0437 1.04178
vertex 14.3452 5.12241 -0.680882
vertex 20.7862 17.0436 1.04308
endloop
endfacet
facet normal -0.807513 0.484872 -0.335891
outer loop
vertex 14.3452 5.12241 -0.680882
vertex 14.3412 5.12178 -0.672088
vertex 20.7862 17.0436 1.04308
endloop
endfacet
facet normal -0.731252 0.466866 -0.497299
outer loop
vertex 20.7862 17.0436 1.04308
vertex 14.3412 5.12178 -0.672088
vertex 20.7853 17.0435 1.0444
endloop
endfacet
facet normal -0.840663 0.488165 -0.234479
outer loop
vertex 14.3412 5.12178 -0.672088
vertex 14.3383 5.12114 -0.663091
vertex 20.7853 17.0435 1.0444
endloop
endfacet
facet normal -0.794736 0.482488 -0.36824
outer loop
vertex 20.7853 17.0435 1.0444
vertex 14.3383 5.12114 -0.663091
vertex 20.7846 17.0434 1.04575
endloop
endfacet
facet normal -0.864766 0.485802 -0.127186
outer loop
vertex 14.3383 5.12114 -0.663091
vertex 14.3366 5.12048 -0.653853
vertex 20.7846 17.0434 1.04575
endloop
endfacet
facet normal -0.845751 0.488111 -0.21553
outer loop
vertex 20.7846 17.0434 1.04575
vertex 14.3366 5.12048 -0.653853
vertex 20.7842 17.0433 1.04713
endloop
endfacet
facet normal -0.877731 0.478425 -0.026419
outer loop
vertex 14.3366 5.12048 -0.653853
vertex 14.336 5.11988 -0.645502
vertex 20.7842 17.0433 1.04713
endloop
endfacet
facet normal -0.874318 0.481498 -0.0610617
outer loop
vertex 20.7842 17.0433 1.04713
vertex 14.336 5.11988 -0.645502
vertex 20.784 17.0432 1.04839
endloop
endfacet
endsolid
solid
facet normal -0.795507 -0.0884304 0.599457
outer loop
vertex 29.5189 0 0.924292
vertex 29.5213 -0.0217517 0.924292
vertex 35.1999 9.23253e-16 8.46323
endloop
endfacet
facet normal -0.795507 -0.0884304 0.599457
outer loop
vertex 35.1999 9.23253e-16 8.46323
vertex 29.5213 -0.0217517 0.924292
vertex 35.2005 -0.00576856 8.46323
endloop
endfacet
facet normal -0.770677 -0.261454 0.581119
outer loop
vertex 29.5213 -0.0217517 0.924292
vertex 29.5285 -0.0431209 0.924292
vertex 35.2005 -0.00576856 8.46323
endloop
endfacet
facet normal -0.770677 -0.261454 0.581119
outer loop
vertex 35.2005 -0.00576856 8.46323
vertex 29.5285 -0.0431209 0.924292
vertex 35.2024 -0.0114357 8.46323
endloop
endfacet
facet normal -0.725213 -0.417428 0.547558
outer loop
vertex 29.5285 -0.0431209 0.924292
vertex 29.5406 -0.0640923 0.924292
vertex 35.2024 -0.0114357 8.46323
endloop
endfacet
facet normal -0.725213 -0.417428 0.547558
outer loop
vertex 35.2024 -0.0114357 8.46323
vertex 29.5406 -0.0640923 0.924292
vertex 35.2056 -0.0169973 8.46323
endloop
endfacet
facet normal -0.667246 -0.547674 0.504813
outer loop
vertex 29.5406 -0.0640923 0.924292
vertex 29.5575 -0.0846485 0.924292
vertex 35.2056 -0.0169973 8.46323
endloop
endfacet
facet normal -0.667246 -0.547674 0.504813
outer loop
vertex 35.2056 -0.0169973 8.46323
vertex 29.5575 -0.0846485 0.924292
vertex 35.2101 -0.0224488 8.46323
endloop
endfacet
facet normal -0.604823 -0.650873 0.458861
outer loop
vertex 29.5575 -0.0846485 0.924292
vertex 29.5791 -0.104766 0.924292
vertex 35.2101 -0.0224488 8.46323
endloop
endfacet
facet normal -0.604823 -0.650873 0.458861
outer loop
vertex 35.2101 -0.0224488 8.46323
vertex 29.5791 -0.104766 0.924292
vertex 35.2159 -0.027784 8.46323
endloop
endfacet
facet normal -0.543705 -0.730076 0.413973
outer loop
vertex 29.5791 -0.104766 0.924292
vertex 29.6055 -0.124421 0.924292
vertex 35.2159 -0.027784 8.46323
endloop
endfacet
facet normal -0.543705 -0.730076 0.413973
outer loop
vertex 35.2159 -0.027784 8.46323
vertex 29.6055 -0.124421 0.924292
vertex 35.2229 -0.0329963 8.46323
endloop
endfacet
facet normal -0.486881 -0.790122 0.372361
outer loop
vertex 29.6055 -0.124421 0.924292
vertex 29.6366 -0.143581 0.924292
vertex 35.2229 -0.0329963 8.46323
endloop
endfacet
facet normal -0.486881 -0.790122 0.372361
outer loop
vertex 35.2229 -0.0329963 8.46323
vertex 29.6366 -0.143581 0.924292
vertex 35.2311 -0.0380777 8.46323
endloop
endfacet
facet normal -0.43558 -0.835521 0.334927
outer loop
vertex 29.6366 -0.143581 0.924292
vertex 29.6724 -0.162218 0.924292
vertex 35.2311 -0.0380777 8.46323
endloop
endfacet
facet normal -0.43558 -0.835521 0.334927
outer loop
vertex 35.2311 -0.0380777 8.46323
vertex 29.6724 -0.162218 0.924292
vertex 35.2406 -0.0430201 8.46323
endloop
endfacet
facet normal -0.38982 -0.870076 0.301675
outer loop
vertex 29.6724 -0.162218 0.924292
vertex 29.7127 -0.180294 0.924292
vertex 35.2406 -0.0430201 8.46323
endloop
endfacet
facet normal -0.38982 -0.870076 0.301675
outer loop
vertex 35.2406 -0.0430201 8.46323
vertex 29.7127 -0.180294 0.924292
vertex 35.2513 -0.0478141 8.46323
endloop
endfacet
facet normal -0.349232 -0.896592 0.272323
outer loop
vertex 29.7127 -0.180294 0.924292
vertex 29.7576 -0.197777 0.924292
vertex 35.2513 -0.0478141 8.46323
endloop
endfacet
facet normal -0.349232 -0.896592 0.272323
outer loop
vertex 35.2513 -0.0478141 8.46323
vertex 29.7576 -0.197777 0.924292
vertex 35.2632 -0.0524505 8.46323
endloop
endfacet
facet normal -0.313152 -0.91719 0.246371
outer loop
vertex 29.7576 -0.197777 0.924292
vertex 29.807 -0.214627 0.924292
vertex 35.2632 -0.0524505 8.46323
endloop
endfacet
facet normal -0.313152 -0.91719 0.246371
outer loop
vertex 35.2632 -0.0524505 8.46323
vertex 29.807 -0.214627 0.924292
vertex 35.2763 -0.0569191 8.46323
endloop
endfacet
facet normal -0.281007 -0.933345 0.223388
outer loop
vertex 29.807 -0.214627 0.924292
vertex 29.8607 -0.230808 0.924292
vertex 35.2763 -0.0569191 8.46323
endloop
endfacet
facet normal -0.281007 -0.933345 0.223388
outer loop
vertex 35.2763 -0.0569191 8.46323
vertex 29.8607 -0.230808 0.924292
vertex 35.2905 -0.0612102 8.46323
endloop
endfacet
facet normal -0.25218 -0.946166 0.202915
outer loop
vertex 29.8607 -0.230808 0.924292
vertex 29.9187 -0.24628 0.924292
vertex 35.2905 -0.0612102 8.46323
endloop
endfacet
facet normal -0.25218 -0.946166 0.202915
outer loop
vertex 35.2905 -0.0612102 8.46323
vertex 29.9187 -0.24628 0.924292
vertex 35.3059 -0.0653135 8.46323
endloop
endfacet
facet normal -0.226192 -0.956433 0.18459
outer loop
vertex 29.9187 -0.24628 0.924292
vertex 29.981 -0.261007 0.924292
vertex 35.3059 -0.0653135 8.46323
endloop
endfacet
facet normal -0.226192 -0.956433 0.18459
outer loop
vertex 35.3059 -0.0653135 8.46323
vertex 29.981 -0.261007 0.924292
vertex 35.3224 -0.0692191 8.46323
endloop
endfacet
facet normal -0.202609 -0.964725 0.168093
outer loop
vertex 29.981 -0.261007 0.924292
vertex 30.0474 -0.274951 0.924292
vertex 35.3224 -0.0692191 8.46323
endloop
endfacet
facet normal -0.202609 -0.964725 0.168093
outer loop
vertex 35.3224 -0.0692191 8.46323
vertex 30.0474 -0.274951 0.924292
vertex 35.34 -0.072917 8.46323
endloop
endfacet
facet normal -0.181108 -0.971461 0.153179
outer loop
vertex 30.0474 -0.274951 0.924292
vertex 30.1178 -0.288078 0.924292
vertex 35.34 -0.072917 8.46323
endloop
endfacet
facet normal -0.181108 -0.971461 0.153179
outer loop
vertex 35.34 -0.072917 8.46323
vertex 30.1178 -0.288078 0.924292
vertex 35.3587 -0.0763984 8.46323
endloop
endfacet
facet normal -0.161369 -0.976969 0.139611
outer loop
vertex 30.1178 -0.288078 0.924292
vertex 30.1922 -0.300355 0.924292
vertex 35.3587 -0.0763984 8.46323
endloop
endfacet
facet normal -0.161369 -0.976969 0.139611
outer loop
vertex 35.3587 -0.0763984 8.46323
vertex 30.1922 -0.300355 0.924292
vertex 35.3784 -0.0796542 8.46323
endloop
endfacet
facet normal -0.143178 -0.981485 0.12723
outer loop
vertex 30.1922 -0.300355 0.924292
vertex 30.2703 -0.311752 0.924292
vertex 35.3784 -0.0796542 8.46323
endloop
endfacet
facet normal -0.143178 -0.981485 0.12723
outer loop
vertex 35.3784 -0.0796542 8.46323
vertex 30.2703 -0.311752 0.924292
vertex 35.3991 -0.0826766 8.46323
endloop
endfacet
facet normal -0.126322 -0.985198 0.115875
outer loop
vertex 30.2703 -0.311752 0.924292
vertex 30.3521 -0.32224 0.924292
vertex 35.3991 -0.0826766 8.46323
endloop
endfacet
facet normal -0.126322 -0.985198 0.115875
outer loop
vertex 35.3991 -0.0826766 8.46323
vertex 30.3521 -0.32224 0.924292
vertex 35.4208 -0.0854581 8.46323
endloop
endfacet
facet normal -0.110649 -0.988251 0.105433
outer loop
vertex 30.3521 -0.32224 0.924292
vertex 30.4374 -0.331797 0.924292
vertex 35.4208 -0.0854581 8.46323
endloop
endfacet
facet normal -0.110649 -0.988251 0.105433
outer loop
vertex 35.4208 -0.0854581 8.46323
vertex 30.4374 -0.331797 0.924292
vertex 35.4435 -0.0879925 8.46323
endloop
endfacet
facet normal -0.0960374 -0.990756 0.0958116
outer loop
vertex 30.4374 -0.331797 0.924292
vertex 30.5262 -0.340402 0.924292
vertex 35.4435 -0.0879925 8.46323
endloop
endfacet
facet normal -0.0960374 -0.990756 0.0958116
outer loop
vertex 35.4435 -0.0879925 8.46323
vertex 30.5262 -0.340402 0.924292
vertex 35.467 -0.0902746 8.46323
endloop
endfacet
facet normal -0.0823728 -0.992804 0.0869242
outer loop
vertex 30.5262 -0.340402 0.924292
vertex 30.6183 -0.34804 0.924292
vertex 35.467 -0.0902746 8.46323
endloop
endfacet
facet normal -0.0823728 -0.992804 0.0869242
outer loop
vertex 35.467 -0.0902746 8.46323
vertex 30.6183 -0.34804 0.924292
vertex 35.4914 -0.0923001 8.46323
endloop
endfacet
facet normal -0.0695675 -0.994468 0.0787033
outer loop
vertex 30.6183 -0.34804 0.924292
vertex 30.7135 -0.354699 0.924292
vertex 35.4914 -0.0923001 8.46323
endloop
endfacet
facet normal -0.0695675 -0.994468 0.0787033
outer loop
vertex 35.4914 -0.0923001 8.46323
vertex 30.7135 -0.354699 0.924292
vertex 35.5167 -0.0940662 8.46323
endloop
endfacet
facet normal -0.0575308 -0.99581 0.0710808
outer loop
vertex 30.7135 -0.354699 0.924292
vertex 30.8116 -0.360372 0.924292
vertex 35.5167 -0.0940662 8.46323
endloop
endfacet
facet normal -0.0575308 -0.99581 0.0710808
outer loop
vertex 35.5167 -0.0940662 8.46323
vertex 30.8116 -0.360372 0.924292
vertex 35.5427 -0.0955705 8.46323
endloop
endfacet
facet normal -0.0462249 -0.996877 0.0640233
outer loop
vertex 30.8116 -0.360372 0.924292
vertex 30.9127 -0.365056 0.924292
vertex 35.5427 -0.0955705 8.46323
endloop
endfacet
facet normal -0.0462249 -0.996877 0.0640233
outer loop
vertex 35.5427 -0.0955705 8.46323
vertex 30.9127 -0.365056 0.924292
vertex 35.5695 -0.096813 8.46323
endloop
endfacet
facet normal -0.0355865 -0.997712 0.0574816
outer loop
vertex 30.9127 -0.365056 0.924292
vertex 31.0164 -0.368756 0.924292
vertex 35.5695 -0.096813 8.46323
endloop
endfacet
facet normal -0.0355865 -0.997712 0.0574816
outer loop
vertex 35.5695 -0.096813 8.46323
vertex 31.0164 -0.368756 0.924292
vertex 35.597 -0.097794 8.46323
endloop
endfacet
facet normal -0.025556 -0.998351 0.05141
outer loop
vertex 31.0164 -0.368756 0.924292
vertex 31.1226 -0.371475 0.924292
vertex 35.597 -0.097794 8.46323
endloop
endfacet
facet normal -0.025556 -0.998351 0.05141
outer loop
vertex 35.597 -0.097794 8.46323
vertex 31.1226 -0.371475 0.924292
vertex 35.6252 -0.0985153 8.46323
endloop
endfacet
facet normal -0.0161169 -0.998821 0.0457897
outer loop
vertex 31.1226 -0.371475 0.924292
vertex 31.2312 -0.373228 0.924292
vertex 35.6252 -0.0985153 8.46323
endloop
endfacet
facet normal -0.0161169 -0.998821 0.0457897
outer loop
vertex 35.6252 -0.0985153 8.46323
vertex 31.2312 -0.373228 0.924292
vertex 35.654 -0.0989801 8.46323
endloop
endfacet
facet normal -0.00722272 -0.99915 0.0405838
outer loop
vertex 31.2312 -0.373228 0.924292
vertex 31.342 -0.374029 0.924292
vertex 35.654 -0.0989801 8.46323
endloop
endfacet
facet normal -0.00722272 -0.99915 0.0405838
outer loop
vertex 35.654 -0.0989801 8.46323
vertex 31.342 -0.374029 0.924292
vertex 35.6834 -0.0991925 8.46323
endloop
endfacet
facet normal 0.00115557 -0.999359 0.0357668
outer loop
vertex 31.342 -0.374029 0.924292
vertex 31.4549 -0.373898 0.924292
vertex 35.6834 -0.0991925 8.46323
endloop
endfacet
facet normal 0.00115557 -0.999359 0.0357668
outer loop
vertex 35.6834 -0.0991925 8.46323
vertex 31.4549 -0.373898 0.924292
vertex 35.7133 -0.0991579 8.46323
endloop
endfacet
facet normal 0.00905268 -0.999469 0.0313101
outer loop
vertex 31.4549 -0.373898 0.924292
vertex 31.5696 -0.37286 0.924292
vertex 35.7133 -0.0991579 8.46323
endloop
endfacet
facet normal 0.00905268 -0.999469 0.0313101
outer loop
vertex 35.7133 -0.0991579 8.46323
vertex 31.5696 -0.37286 0.924292
vertex 35.7437 -0.0988824 8.46323
endloop
endfacet
facet normal 0.0164876 -0.999494 0.0271944
outer loop
vertex 31.5696 -0.37286 0.924292
vertex 31.6859 -0.37094 0.924292
vertex 35.7437 -0.0988824 8.46323
endloop
endfacet
facet normal 0.0164876 -0.999494 0.0271944
outer loop
vertex 35.7437 -0.0988824 8.46323
vertex 31.6859 -0.37094 0.924292
vertex 35.7746 -0.0983734 8.46323
endloop
endfacet
facet normal 0.0234804 -0.99945 0.0234003
outer loop
vertex 31.6859 -0.37094 0.924292
vertex 31.8038 -0.368172 0.924292
vertex 35.7746 -0.0983734 8.46323
endloop
endfacet
facet normal 0.0234804 -0.99945 0.0234003
outer loop
vertex 35.7746 -0.0983734 8.46323
vertex 31.8038 -0.368172 0.924292
vertex 35.8058 -0.0976392 8.46323
endloop
endfacet
facet normal 0.0300633 -0.99935 0.0199022
outer loop
vertex 31.8038 -0.368172 0.924292
vertex 31.9229 -0.364587 0.924292
vertex 35.8058 -0.0976392 8.46323
endloop
endfacet
facet normal 0.0300633 -0.99935 0.0199022
outer loop
vertex 35.8058 -0.0976392 8.46323
vertex 31.9229 -0.364587 0.924292
vertex 35.8374 -0.0966885 8.46323
endloop
endfacet
facet normal 0.0362532 -0.999203 0.0166829
outer loop
vertex 31.9229 -0.364587 0.924292
vertex 32.0432 -0.360223 0.924292
vertex 35.8374 -0.0966885 8.46323
endloop
endfacet
facet normal 0.0362532 -0.999203 0.0166829
outer loop
vertex 35.8374 -0.0966885 8.46323
vertex 32.0432 -0.360223 0.924292
vertex 35.8693 -0.0955311 8.46323
endloop
endfacet
facet normal 0.0420738 -0.99902 0.0137225
outer loop
vertex 32.0432 -0.360223 0.924292
vertex 32.1644 -0.355117 0.924292
vertex 35.8693 -0.0955311 8.46323
endloop
endfacet
facet normal 0.0420738 -0.99902 0.0137225
outer loop
vertex 35.8693 -0.0955311 8.46323
vertex 32.1644 -0.355117 0.924292
vertex 35.9015 -0.0941771 8.46323
endloop
endfacet
facet normal 0.0475459 -0.998808 0.0110026
outer loop
vertex 32.1644 -0.355117 0.924292
vertex 32.2864 -0.34931 0.924292
vertex 35.9015 -0.0941771 8.46323
endloop
endfacet
facet normal 0.0475459 -0.998808 0.0110026
outer loop
vertex 35.9015 -0.0941771 8.46323
vertex 32.2864 -0.34931 0.924292
vertex 35.9338 -0.0926371 8.46323
endloop
endfacet
facet normal 0.0526854 -0.998575 0.00850813
outer loop
vertex 32.2864 -0.34931 0.924292
vertex 32.409 -0.342844 0.924292
vertex 35.9338 -0.0926371 8.46323
endloop
endfacet
facet normal 0.0526854 -0.998575 0.00850813
outer loop
vertex 35.9338 -0.0926371 8.46323
vertex 32.409 -0.342844 0.924292
vertex 35.9663 -0.0909223 8.46323
endloop
endfacet
facet normal 0.0575169 -0.998325 0.00621997
outer loop
vertex 32.409 -0.342844 0.924292
vertex 32.5319 -0.335762 0.924292
vertex 35.9663 -0.0909223 8.46323
endloop
endfacet
facet normal 0.0575169 -0.998325 0.00621997
outer loop
vertex 35.9663 -0.0909223 8.46323
vertex 32.5319 -0.335762 0.924292
vertex 35.9989 -0.089044 8.46323
endloop
endfacet
facet normal 0.0620552 -0.998064 0.00412435
outer loop
vertex 32.5319 -0.335762 0.924292
vertex 32.655 -0.328106 0.924292
vertex 35.9989 -0.089044 8.46323
endloop
endfacet
facet normal 0.0620552 -0.998064 0.00412435
outer loop
vertex 35.9989 -0.089044 8.46323
vertex 32.655 -0.328106 0.924292
vertex 36.0316 -0.0870138 8.46323
endloop
endfacet
facet normal 0.0663336 -0.997795 0.00219952
outer loop
vertex 32.655 -0.328106 0.924292
vertex 32.7782 -0.319921 0.924292
vertex 36.0316 -0.0870138 8.46323
endloop
endfacet
facet normal 0.0663336 -0.997795 0.00219952
outer loop
vertex 36.0316 -0.0870138 8.46323
vertex 32.7782 -0.319921 0.924292
vertex 36.0642 -0.084843 8.46323
endloop
endfacet
facet normal 0.0703522 -0.997522 0.000439392
outer loop
vertex 32.7782 -0.319921 0.924292
vertex 32.9011 -0.311251 0.924292
vertex 36.0642 -0.084843 8.46323
endloop
endfacet
facet normal 0.0703522 -0.997522 0.000439392
outer loop
vertex 36.0642 -0.084843 8.46323
vertex 32.9011 -0.311251 0.924292
vertex 36.0968 -0.0825437 8.46323
endloop
endfacet
facet normal 0.0741382 -0.997247 -0.00117384
outer loop
vertex 32.9011 -0.311251 0.924292
vertex 33.0236 -0.30214 0.924292
vertex 36.0968 -0.0825437 8.46323
endloop
endfacet
facet normal 0.0741382 -0.997247 -0.00117384
outer loop
vertex 36.0968 -0.0825437 8.46323
vertex 33.0236 -0.30214 0.924292
vertex 36.1293 -0.0801274 8.46323
endloop
endfacet
facet normal 0.0777134 -0.996972 -0.00265476
outer loop
vertex 33.0236 -0.30214 0.924292
vertex 33.1456 -0.292631 0.924292
vertex 36.1293 -0.0801274 8.46323
endloop
endfacet
facet normal 0.0777134 -0.996972 -0.00265476
outer loop
vertex 36.1293 -0.0801274 8.46323
vertex 33.1456 -0.292631 0.924292
vertex 36.1617 -0.0776057 8.46323
endloop
endfacet
facet normal 0.0810849 -0.996699 -0.00401137
outer loop
vertex 33.1456 -0.292631 0.924292
vertex 33.2669 -0.282768 0.924292
vertex 36.1617 -0.0776057 8.46323
endloop
endfacet
facet normal 0.0810849 -0.996699 -0.00401137
outer loop
vertex 36.1617 -0.0776057 8.46323
vertex 33.2669 -0.282768 0.924292
vertex 36.1938 -0.0749901 8.46323
endloop
endfacet
facet normal 0.0842865 -0.996428 -0.00526186
outer loop
vertex 33.2669 -0.282768 0.924292
vertex 33.3871 -0.272593 0.924292
vertex 36.1938 -0.0749901 8.46323
endloop
endfacet
facet normal 0.0842865 -0.996428 -0.00526186
outer loop
vertex 36.1938 -0.0749901 8.46323
vertex 33.3871 -0.272593 0.924292
vertex 36.2257 -0.0722917 8.46323
endloop
endfacet
facet normal 0.0873222 -0.996159 -0.006412
outer loop
vertex 33.3871 -0.272593 0.924292
vertex 33.5063 -0.262148 0.924292
vertex 36.2257 -0.0722917 8.46323
endloop
endfacet
facet normal 0.0873222 -0.996159 -0.006412
outer loop
vertex 36.2257 -0.0722917 8.46323
vertex 33.5063 -0.262148 0.924292
vertex 36.2573 -0.0695216 8.46323
endloop
endfacet
facet normal 0.0902058 -0.995895 -0.00747101
outer loop
vertex 33.5063 -0.262148 0.924292
vertex 33.6242 -0.251474 0.924292
vertex 36.2573 -0.0695216 8.46323
endloop
endfacet
facet normal 0.0902058 -0.995895 -0.00747101
outer loop
vertex 36.2573 -0.0695216 8.46323
vertex 33.6242 -0.251474 0.924292
vertex 36.2886 -0.0666908 8.46323
endloop
endfacet
facet normal 0.0929563 -0.995634 -0.00844947
outer loop
vertex 33.6242 -0.251474 0.924292
vertex 33.7405 -0.240611 0.924292
vertex 36.2886 -0.0666908 8.46323
endloop
endfacet
facet normal 0.0929563 -0.995634 -0.00844947
outer loop
vertex 36.2886 -0.0666908 8.46323
vertex 33.7405 -0.240611 0.924292
vertex 36.3194 -0.06381 8.46323
endloop
endfacet
facet normal 0.0955841 -0.995377 -0.00935445
outer loop
vertex 33.7405 -0.240611 0.924292
vertex 33.8552 -0.229598 0.924292
vertex 36.3194 -0.06381 8.46323
endloop
endfacet
facet normal 0.0955841 -0.995377 -0.00935445
outer loop
vertex 36.3194 -0.06381 8.46323
vertex 33.8552 -0.229598 0.924292
vertex 36.3499 -0.0608895 8.46323
endloop
endfacet
facet normal 0.0981116 -0.995123 -0.0101965
outer loop
vertex 33.8552 -0.229598 0.924292
vertex 33.968 -0.218474 0.924292
vertex 36.3499 -0.0608895 8.46323
endloop
endfacet
facet normal 0.0981116 -0.995123 -0.0101965
outer loop
vertex 36.3499 -0.0608895 8.46323
vertex 33.968 -0.218474 0.924292
vertex 36.3798 -0.0579394 8.46323
endloop
endfacet
facet normal 0.100539 -0.994873 -0.0109783
outer loop
vertex 33.968 -0.218474 0.924292
vertex 34.0788 -0.207277 0.924292
vertex 36.3798 -0.0579394 8.46323
endloop
endfacet
facet normal 0.100539 -0.994873 -0.0109783
outer loop
vertex 36.3798 -0.0579394 8.46323
vertex 34.0788 -0.207277 0.924292
vertex 36.4092 -0.0549699 8.46323
endloop
endfacet
facet normal 0.102878 -0.994625 -0.0117064
outer loop
vertex 34.0788 -0.207277 0.924292
vertex 34.1874 -0.196043 0.924292
vertex 36.4092 -0.0549699 8.46323
endloop
endfacet
facet normal 0.102878 -0.994625 -0.0117064
outer loop
vertex 36.4092 -0.0549699 8.46323
vertex 34.1874 -0.196043 0.924292
vertex 36.438 -0.0519907 8.46323
endloop
endfacet
facet normal 0.105146 -0.99438 -0.0123881
outer loop
vertex 34.1874 -0.196043 0.924292
vertex 34.2937 -0.184809 0.924292
vertex 36.438 -0.0519907 8.46323
endloop
endfacet
facet normal 0.105146 -0.99438 -0.0123881
outer loop
vertex 36.438 -0.0519907 8.46323
vertex 34.2937 -0.184809 0.924292
vertex 36.4661 -0.0490114 8.46323
endloop
endfacet
facet normal 0.107339 -0.994137 -0.0130244
outer loop
vertex 34.2937 -0.184809 0.924292
vertex 34.3974 -0.173611 0.924292
vertex 36.4661 -0.0490114 8.46323
endloop
endfacet
facet normal 0.107339 -0.994137 -0.0130244
outer loop
vertex 36.4661 -0.0490114 8.46323
vertex 34.3974 -0.173611 0.924292
vertex 36.4937 -0.0460415 8.46323
endloop
endfacet
facet normal 0.109463 -0.993898 -0.0136191
outer loop
vertex 34.3974 -0.173611 0.924292
vertex 34.4984 -0.162483 0.924292
vertex 36.4937 -0.0460415 8.46323
endloop
endfacet
facet normal 0.109463 -0.993898 -0.0136191
outer loop
vertex 36.4937 -0.0460415 8.46323
vertex 34.4984 -0.162483 0.924292
vertex 36.5204 -0.0430906 8.46323
endloop
endfacet
facet normal 0.111544 -0.993658 -0.014181
outer loop
vertex 34.4984 -0.162483 0.924292
vertex 34.5966 -0.151461 0.924292
vertex 36.5204 -0.0430906 8.46323
endloop
endfacet
facet normal 0.111544 -0.993658 -0.014181
outer loop
vertex 36.5204 -0.0430906 8.46323
vertex 34.5966 -0.151461 0.924292
vertex 36.5465 -0.0401675 8.46323
endloop
endfacet
facet normal 0.113553 -0.993423 -0.014704
outer loop
vertex 34.5966 -0.151461 0.924292
vertex 34.6918 -0.14058 0.924292
vertex 36.5465 -0.0401675 8.46323
endloop
endfacet
facet normal 0.113553 -0.993423 -0.014704
outer loop
vertex 36.5465 -0.0401675 8.46323
vertex 34.6918 -0.14058 0.924292
vertex 36.5717 -0.0372818 8.46323
endloop
endfacet
facet normal 0.115524 -0.993188 -0.0151987
outer loop
vertex 34.6918 -0.14058 0.924292
vertex 34.7839 -0.129872 0.924292
vertex 36.5717 -0.0372818 8.46323
endloop
endfacet
facet normal 0.115524 -0.993188 -0.0151987
outer loop
vertex 36.5717 -0.0372818 8.46323
vertex 34.7839 -0.129872 0.924292
vertex 36.5961 -0.0344422 8.46323
endloop
endfacet
facet normal 0.117439 -0.992957 -0.015662
outer loop
vertex 34.7839 -0.129872 0.924292
vertex 34.8726 -0.119373 0.924292
vertex 36.5961 -0.0344422 8.46323
endloop
endfacet
facet normal 0.117439 -0.992957 -0.015662
outer loop
vertex 36.5961 -0.0344422 8.46323
vertex 34.8726 -0.119373 0.924292
vertex 36.6197 -0.0316578 8.46323
endloop
endfacet
facet normal 0.119299 -0.992728 -0.0160958
outer loop
vertex 34.8726 -0.119373 0.924292
vertex 34.958 -0.109116 0.924292
vertex 36.6197 -0.0316578 8.46323
endloop
endfacet
facet normal 0.119299 -0.992728 -0.0160958
outer loop
vertex 36.6197 -0.0316578 8.46323
vertex 34.958 -0.109116 0.924292
vertex 36.6423 -0.0289376 8.46323
endloop
endfacet
facet normal 0.121117 -0.992501 -0.0165043
outer loop
vertex 34.958 -0.109116 0.924292
vertex 35.0398 -0.0991338 0.924292
vertex 36.6423 -0.0289376 8.46323
endloop
endfacet
facet normal 0.121117 -0.992501 -0.0165043
outer loop
vertex 36.6423 -0.0289376 8.46323
vertex 35.0398 -0.0991338 0.924292
vertex 36.664 -0.0262903 8.46323
endloop
endfacet
facet normal 0.122869 -0.992279 -0.0168839
outer loop
vertex 35.0398 -0.0991338 0.924292
vertex 35.1179 -0.08946 0.924292
vertex 36.664 -0.0262903 8.46323
endloop
endfacet
facet normal 0.122869 -0.992279 -0.0168839
outer loop
vertex 36.664 -0.0262903 8.46323
vertex 35.1179 -0.08946 0.924292
vertex 36.6847 -0.0237248 8.46323
endloop
endfacet
facet normal 0.124581 -0.99206 -0.0172417
outer loop
vertex 35.1179 -0.08946 0.924292
vertex 35.1922 -0.0801262 0.924292
vertex 36.6847 -0.0237248 8.46323
endloop
endfacet
facet normal 0.124581 -0.99206 -0.0172417
outer loop
vertex 36.6847 -0.0237248 8.46323
vertex 35.1922 -0.0801262 0.924292
vertex 36.7044 -0.0212495 8.46323
endloop
endfacet
facet normal 0.126209 -0.991848 -0.0175698
outer loop
vertex 35.1922 -0.0801262 0.924292
vertex 35.2626 -0.0711662 0.924292
vertex 36.7044 -0.0212495 8.46323
endloop
endfacet
facet normal 0.126209 -0.991848 -0.0175698
outer loop
vertex 36.7044 -0.0212495 8.46323
vertex 35.2626 -0.0711662 0.924292
vertex 36.7231 -0.0188733 8.46323
endloop
endfacet
facet normal 0.127799 -0.991639 -0.0178794
outer loop
vertex 35.2626 -0.0711662 0.924292
vertex 35.329 -0.0626095 0.924292
vertex 36.7231 -0.0188733 8.46323
endloop
endfacet
facet normal 0.127799 -0.991639 -0.0178794
outer loop
vertex 36.7231 -0.0188733 8.46323
vertex 35.329 -0.0626095 0.924292
vertex 36.7407 -0.016604 8.46323
endloop
endfacet
facet normal 0.129304 -0.991439 -0.0181624
outer loop
vertex 35.329 -0.0626095 0.924292
vertex 35.3913 -0.0544882 0.924292
vertex 36.7407 -0.016604 8.46323
endloop
endfacet
facet normal 0.129304 -0.991439 -0.0181624
outer loop
vertex 36.7407 -0.016604 8.46323
vertex 35.3913 -0.0544882 0.924292
vertex 36.7572 -0.0144503 8.46323
endloop
endfacet
facet normal 0.130727 -0.991247 -0.0184212
outer loop
vertex 35.3913 -0.0544882 0.924292
vertex 35.4494 -0.0468322 0.924292
vertex 36.7572 -0.0144503 8.46323
endloop
endfacet
facet normal 0.130727 -0.991247 -0.0184212
outer loop
vertex 36.7572 -0.0144503 8.46323
vertex 35.4494 -0.0468322 0.924292
vertex 36.7726 -0.0124199 8.46323
endloop
endfacet
facet normal 0.132091 -0.991062 -0.0186615
outer loop
vertex 35.4494 -0.0468322 0.924292
vertex 35.5031 -0.0396692 0.924292
vertex 36.7726 -0.0124199 8.46323
endloop
endfacet
facet normal 0.132091 -0.991062 -0.0186615
outer loop
vertex 36.7726 -0.0124199 8.46323
vertex 35.5031 -0.0396692 0.924292
vertex 36.7869 -0.0105203 8.46323
endloop
endfacet
facet normal 0.133354 -0.990889 -0.0188772
outer loop
vertex 35.5031 -0.0396692 0.924292
vertex 35.5525 -0.0330275 0.924292
vertex 36.7869 -0.0105203 8.46323
endloop
endfacet
facet normal 0.133354 -0.990889 -0.0188772
outer loop
vertex 36.7869 -0.0105203 8.46323
vertex 35.5525 -0.0330275 0.924292
vertex 36.8 -0.00875888 8.46323
endloop
endfacet
facet normal 0.134531 -0.990726 -0.0190725
outer loop
vertex 35.5525 -0.0330275 0.924292
vertex 35.5973 -0.0269327 0.924292
vertex 36.8 -0.00875888 8.46323
endloop
endfacet
facet normal 0.134531 -0.990726 -0.0190725
outer loop
vertex 36.8 -0.00875888 8.46323
vertex 35.5973 -0.0269327 0.924292
vertex 36.8119 -0.00714254 8.46323
endloop
endfacet
facet normal 0.135606 -0.990576 -0.0192462
outer loop
vertex 35.5973 -0.0269327 0.924292
vertex 35.6377 -0.0214093 0.924292
vertex 36.8119 -0.00714254 8.46323
endloop
endfacet
facet normal 0.135606 -0.990576 -0.0192462
outer loop
vertex 36.8119 -0.00714254 8.46323
vertex 35.6377 -0.0214093 0.924292
vertex 36.8226 -0.00567774 8.46323
endloop
endfacet
facet normal 0.136576 -0.99044 -0.0193988
outer loop
vertex 35.6377 -0.0214093 0.924292
vertex 35.6734 -0.0164799 0.924292
vertex 36.8226 -0.00567774 8.46323
endloop
endfacet
facet normal 0.136576 -0.99044 -0.0193988
outer loop
vertex 36.8226 -0.00567774 8.46323
vertex 35.6734 -0.0164799 0.924292
vertex 36.8321 -0.00437046 8.46323
endloop
endfacet
facet normal 0.137439 -0.990318 -0.0195316
outer loop
vertex 35.6734 -0.0164799 0.924292
vertex 35.7045 -0.0121645 0.924292
vertex 36.8321 -0.00437046 8.46323
endloop
endfacet
facet normal 0.137439 -0.990318 -0.0195316
outer loop
vertex 36.8321 -0.00437046 8.46323
vertex 35.7045 -0.0121645 0.924292
vertex 36.8403 -0.00322603 8.46323
endloop
endfacet
facet normal 0.138214 -0.990207 -0.0196486
outer loop
vertex 35.7045 -0.0121645 0.924292
vertex 35.7309 -0.00848079 0.924292
vertex 36.8403 -0.00322603 8.46323
endloop
endfacet
facet normal 0.138214 -0.990207 -0.0196486
outer loop
vertex 36.8403 -0.00322603 8.46323
vertex 35.7309 -0.00848079 0.924292
vertex 36.8473 -0.0022491 8.46323
endloop
endfacet
facet normal 0.138811 -0.990122 -0.019737
outer loop
vertex 35.7309 -0.00848079 0.924292
vertex 35.7526 -0.00544562 0.924292
vertex 36.8473 -0.0022491 8.46323
endloop
endfacet
facet normal 0.138811 -0.990122 -0.019737
outer loop
vertex 36.8473 -0.0022491 8.46323
vertex 35.7526 -0.00544562 0.924292
vertex 36.853 -0.00144418 8.46323
endloop
endfacet
facet normal 0.139343 -0.990046 -0.0198147
outer loop
vertex 35.7526 -0.00544562 0.924292
vertex 35.7694 -0.00307092 0.924292
vertex 36.853 -0.00144418 8.46323
endloop
endfacet
facet normal 0.139343 -0.990046 -0.0198147
outer loop
vertex 36.853 -0.00144418 8.46323
vertex 35.7694 -0.00307092 0.924292
vertex 36.8575 -0.000814408 8.46323
endloop
endfacet
facet normal 0.139715 -0.989992 -0.0198685
outer loop
vertex 35.7694 -0.00307092 0.924292
vertex 35.7815 -0.00136736 0.924292
vertex 36.8575 -0.000814408 8.46323
endloop
endfacet
facet normal 0.139715 -0.989992 -0.0198685
outer loop
vertex 36.8575 -0.000814408 8.46323
vertex 35.7815 -0.00136736 0.924292
vertex 36.8607 -0.000362625 8.46323
endloop
endfacet
facet normal 0.139954 -0.989958 -0.0199027
outer loop
vertex 35.7815 -0.00136736 0.924292
vertex 35.7888 -0.000342468 0.924292
vertex 36.8607 -0.000362625 8.46323
endloop
endfacet
facet normal 0.139954 -0.989958 -0.0199027
outer loop
vertex 36.8607 -0.000362625 8.46323
vertex 35.7888 -0.000342468 0.924292
vertex 36.8626 -9.08225e-05 8.46323
endloop
endfacet
facet normal 0.140207 -0.989921 -0.0199387
outer loop
vertex 35.7888 -0.000342468 0.924292
vertex 35.7912 0 0.924292
vertex 36.8626 -9.08225e-05 8.46323
endloop
endfacet
facet normal 0.140207 -0.989921 -0.0199387
outer loop
vertex 36.8626 -9.08225e-05 8.46323
vertex 35.7912 0 0.924292
vertex 36.8633 9.23253e-16 8.46323
endloop
endfacet
facet normal 0.140207 0.989921 -0.0199387
outer loop
vertex 35.7912 0 0.924292
vertex 35.7888 0.000342468 0.924292
vertex 36.8633 9.23253e-16 8.46323
endloop
endfacet
facet normal 0.140207 0.989921 -0.0199387
outer loop
vertex 36.8633 9.23253e-16 8.46323
vertex 35.7888 0.000342468 0.924292
vertex 36.8626 9.08225e-05 8.46323
endloop
endfacet
facet normal 0.139954 0.989958 -0.0199027
outer loop
vertex 35.7888 0.000342468 0.924292
vertex 35.7815 0.00136736 0.924292
vertex 36.8626 9.08225e-05 8.46323
endloop
endfacet
facet normal 0.139954 0.989958 -0.0199027
outer loop
vertex 36.8626 9.08225e-05 8.46323
vertex 35.7815 0.00136736 0.924292
vertex 36.8607 0.000362625 8.46323
endloop
endfacet
facet normal 0.139715 0.989992 -0.0198685
outer loop
vertex 35.7815 0.00136736 0.924292
vertex 35.7694 0.00307092 0.924292
vertex 36.8607 0.000362625 8.46323
endloop
endfacet
facet normal 0.139715 0.989992 -0.0198685
outer loop
vertex 36.8607 0.000362625 8.46323
vertex 35.7694 0.00307092 0.924292
vertex 36.8575 0.000814408 8.46323
endloop
endfacet
facet normal 0.139343 0.990046 -0.0198147
outer loop
vertex 35.7694 0.00307092 0.924292
vertex 35.7526 0.00544562 0.924292
vertex 36.8575 0.000814408 8.46323
endloop
endfacet
facet normal 0.139343 0.990046 -0.0198147
outer loop
vertex 36.8575 0.000814408 8.46323
vertex 35.7526 0.00544562 0.924292
vertex 36.853 0.00144418 8.46323
endloop
endfacet
facet normal 0.138811 0.990122 -0.019737
outer loop
vertex 35.7526 0.00544562 0.924292
vertex 35.7309 0.00848079 0.924292
vertex 36.853 0.00144418 8.46323
endloop
endfacet
facet normal 0.138811 0.990122 -0.019737
outer loop
vertex 36.853 0.00144418 8.46323
vertex 35.7309 0.00848079 0.924292
vertex 36.8473 0.0022491 8.46323
endloop
endfacet
facet normal 0.138214 0.990207 -0.0196486
outer loop
vertex 35.7309 0.00848079 0.924292
vertex 35.7045 0.0121645 0.924292
vertex 36.8473 0.0022491 8.46323
endloop
endfacet
facet normal 0.138214 0.990207 -0.0196486
outer loop
vertex 36.8473 0.0022491 8.46323
vertex 35.7045 0.0121645 0.924292
vertex 36.8403 0.00322603 8.46323
endloop
endfacet
facet normal 0.137439 0.990318 -0.0195316
outer loop
vertex 35.7045 0.0121645 0.924292
vertex 35.6734 0.0164799 0.924292
vertex 36.8403 0.00322603 8.46323
endloop
endfacet
facet normal 0.137439 0.990318 -0.0195316
outer loop
vertex 36.8403 0.00322603 8.46323
vertex 35.6734 0.0164799 0.924292
vertex 36.8321 0.00437046 8.46323
endloop
endfacet
facet normal 0.136576 0.99044 -0.0193988
outer loop
vertex 35.6734 0.0164799 0.924292
vertex 35.6377 0.0214093 0.924292
vertex 36.8321 0.00437046 8.46323
endloop
endfacet
facet normal 0.136576 0.99044 -0.0193988
outer loop
vertex 36.8321 0.00437046 8.46323
vertex 35.6377 0.0214093 0.924292
vertex 36.8226 0.00567774 8.46323
endloop
endfacet
facet normal 0.135606 0.990576 -0.0192462
outer loop
vertex 35.6377 0.0214093 0.924292
vertex 35.5973 0.0269327 0.924292
vertex 36.8226 0.00567774 8.46323
endloop
endfacet
facet normal 0.135606 0.990576 -0.0192462
outer loop
vertex 36.8226 0.00567774 8.46323
vertex 35.5973 0.0269327 0.924292
vertex 36.8119 0.00714254 8.46323
endloop
endfacet
facet normal 0.134531 0.990726 -0.0190725
outer loop
vertex 35.5973 0.0269327 0.924292
vertex 35.5525 0.0330275 0.924292
vertex 36.8119 0.00714254 8.46323
endloop
endfacet
facet normal 0.134531 0.990726 -0.0190725
outer loop
vertex 36.8119 0.00714254 8.46323
vertex 35.5525 0.0330275 0.924292
vertex 36.8 0.00875888 8.46323
endloop
endfacet
facet normal 0.133354 0.990889 -0.0188772
outer loop
vertex 35.5525 0.0330275 0.924292
vertex 35.5031 0.0396692 0.924292
vertex 36.8 0.00875888 8.46323
endloop
endfacet
facet normal 0.133354 0.990889 -0.0188772
outer loop
vertex 36.8 0.00875888 8.46323
vertex 35.5031 0.0396692 0.924292
vertex 36.7869 0.0105203 8.46323
endloop
endfacet
facet normal 0.132091 0.991062 -0.0186615
outer loop
vertex 35.5031 0.0396692 0.924292
vertex 35.4494 0.0468322 0.924292
vertex 36.7869 0.0105203 8.46323
endloop
endfacet
facet normal 0.132091 0.991062 -0.0186615
outer loop
vertex 36.7869 0.0105203 8.46323
vertex 35.4494 0.0468322 0.924292
vertex 36.7726 0.0124199 8.46323
endloop
endfacet
facet normal 0.130727 0.991247 -0.0184212
outer loop
vertex 35.4494 0.0468322 0.924292
vertex 35.3913 0.0544882 0.924292
vertex 36.7726 0.0124199 8.46323
endloop
endfacet
facet normal 0.130727 0.991247 -0.0184212
outer loop
vertex 36.7726 0.0124199 8.46323
vertex 35.3913 0.0544882 0.924292
vertex 36.7572 0.0144503 8.46323
endloop
endfacet
facet normal 0.129304 0.991439 -0.0181624
outer loop
vertex 35.3913 0.0544882 0.924292
vertex 35.329 0.0626095 0.924292
vertex 36.7572 0.0144503 8.46323
endloop
endfacet
facet normal 0.129304 0.991439 -0.0181624
outer loop
vertex 36.7572 0.0144503 8.46323
vertex 35.329 0.0626095 0.924292
vertex 36.7407 0.016604 8.46323
endloop
endfacet
facet normal 0.127799 0.991639 -0.0178794
outer loop
vertex 35.329 0.0626095 0.924292
vertex 35.2626 0.0711662 0.924292
vertex 36.7407 0.016604 8.46323
endloop
endfacet
facet normal 0.127799 0.991639 -0.0178794
outer loop
vertex 36.7407 0.016604 8.46323
vertex 35.2626 0.0711662 0.924292
vertex 36.7231 0.0188733 8.46323
endloop
endfacet
facet normal 0.126209 0.991848 -0.0175698
outer loop
vertex 35.2626 0.0711662 0.924292
vertex 35.1922 0.0801262 0.924292
vertex 36.7231 0.0188733 8.46323
endloop
endfacet
facet normal 0.126209 0.991848 -0.0175698
outer loop
vertex 36.7231 0.0188733 8.46323
vertex 35.1922 0.0801262 0.924292
vertex 36.7044 0.0212495 8.46323
endloop
endfacet
facet normal 0.124581 0.99206 -0.0172417
outer loop
vertex 35.1922 0.0801262 0.924292
vertex 35.1179 0.08946 0.924292
vertex 36.7044 0.0212495 8.46323
endloop
endfacet
facet normal 0.124581 0.99206 -0.0172417
outer loop
vertex 36.7044 0.0212495 8.46323
vertex 35.1179 0.08946 0.924292
vertex 36.6847 0.0237248 8.46323
endloop
endfacet
facet normal 0.122869 0.992279 -0.0168839
outer loop
vertex 35.1179 0.08946 0.924292
vertex 35.0398 0.0991338 0.924292
vertex 36.6847 0.0237248 8.46323
endloop
endfacet
facet normal 0.122869 0.992279 -0.0168839
outer loop
vertex 36.6847 0.0237248 8.46323
vertex 35.0398 0.0991338 0.924292
vertex 36.664 0.0262903 8.46323
endloop
endfacet
facet normal 0.121117 0.992501 -0.0165043
outer loop
vertex 35.0398 0.0991338 0.924292
vertex 34.958 0.109116 0.924292
vertex 36.664 0.0262903 8.46323
endloop
endfacet
facet normal 0.121117 0.992501 -0.0165043
outer loop
vertex 36.664 0.0262903 8.46323
vertex 34.958 0.109116 0.924292
vertex 36.6423 0.0289376 8.46323
endloop
endfacet
facet normal 0.119299 0.992728 -0.0160958
outer loop
vertex 34.958 0.109116 0.924292
vertex 34.8726 0.119373 0.924292
vertex 36.6423 0.0289376 8.46323
endloop
endfacet
facet normal 0.119299 0.992728 -0.0160958
outer loop
vertex 36.6423 0.0289376 8.46323
vertex 34.8726 0.119373 0.924292
vertex 36.6197 0.0316578 8.46323
endloop
endfacet
facet normal 0.117439 0.992957 -0.015662
outer loop
vertex 34.8726 0.119373 0.924292
vertex 34.7839 0.129872 0.924292
vertex 36.6197 0.0316578 8.46323
endloop
endfacet
facet normal 0.117439 0.992957 -0.015662
outer loop
vertex 36.6197 0.0316578 8.46323
vertex 34.7839 0.129872 0.924292
vertex 36.5961 0.0344422 8.46323
endloop
endfacet
facet normal 0.115524 0.993188 -0.0151987
outer loop
vertex 34.7839 0.129872 0.924292
vertex 34.6918 0.14058 0.924292
vertex 36.5961 0.0344422 8.46323
endloop
endfacet
facet normal 0.115524 0.993188 -0.0151987
outer loop
vertex 36.5961 0.0344422 8.46323
vertex 34.6918 0.14058 0.924292
vertex 36.5717 0.0372818 8.46323
endloop
endfacet
facet normal 0.113553 0.993423 -0.014704
outer loop
vertex 34.6918 0.14058 0.924292
vertex 34.5966 0.151461 0.924292
vertex 36.5717 0.0372818 8.46323
endloop
endfacet
facet normal 0.113553 0.993423 -0.014704
outer loop
vertex 36.5717 0.0372818 8.46323
vertex 34.5966 0.151461 0.924292
vertex 36.5465 0.0401675 8.46323
endloop
endfacet
facet normal 0.111544 0.993658 -0.014181
outer loop
vertex 34.5966 0.151461 0.924292
vertex 34.4984 0.162483 0.924292
vertex 36.5465 0.0401675 8.46323
endloop
endfacet
facet normal 0.111544 0.993658 -0.014181
outer loop
vertex 36.5465 0.0401675 8.46323
vertex 34.4984 0.162483 0.924292
vertex 36.5204 0.0430906 8.46323
endloop
endfacet
facet normal 0.109463 0.993898 -0.0136191
outer loop
vertex 34.4984 0.162483 0.924292
vertex 34.3974 0.173611 0.924292
vertex 36.5204 0.0430906 8.46323
endloop
endfacet
facet normal 0.109463 0.993898 -0.0136191
outer loop
vertex 36.5204 0.0430906 8.46323
vertex 34.3974 0.173611 0.924292
vertex 36.4937 0.0460415 8.46323
endloop
endfacet
facet normal 0.107339 0.994137 -0.0130244
outer loop
vertex 34.3974 0.173611 0.924292
vertex 34.2937 0.184809 0.924292
vertex 36.4937 0.0460415 8.46323
endloop
endfacet
facet normal 0.107339 0.994137 -0.0130244
outer loop
vertex 36.4937 0.0460415 8.46323
vertex 34.2937 0.184809 0.924292
vertex 36.4661 0.0490114 8.46323
endloop
endfacet
facet normal 0.105146 0.99438 -0.0123881
outer loop
vertex 34.2937 0.184809 0.924292
vertex 34.1874 0.196043 0.924292
vertex 36.4661 0.0490114 8.46323
endloop
endfacet
facet normal 0.105146 0.99438 -0.0123881
outer loop
vertex 36.4661 0.0490114 8.46323
vertex 34.1874 0.196043 0.924292
vertex 36.438 0.0519907 8.46323
endloop
endfacet
facet normal 0.102878 0.994625 -0.0117064
outer loop
vertex 34.1874 0.196043 0.924292
vertex 34.0788 0.207277 0.924292
vertex 36.438 0.0519907 8.46323
endloop
endfacet
facet normal 0.102878 0.994625 -0.0117064
outer loop
vertex 36.438 0.0519907 8.46323
vertex 34.0788 0.207277 0.924292
vertex 36.4092 0.0549699 8.46323
endloop
endfacet
facet normal 0.100539 0.994873 -0.0109783
outer loop
vertex 34.0788 0.207277 0.924292
vertex 33.968 0.218474 0.924292
vertex 36.4092 0.0549699 8.46323
endloop
endfacet
facet normal 0.100539 0.994873 -0.0109783
outer loop
vertex 36.4092 0.0549699 8.46323
vertex 33.968 0.218474 0.924292
vertex 36.3798 0.0579394 8.46323
endloop
endfacet
facet normal 0.0981116 0.995123 -0.0101965
outer loop
vertex 33.968 0.218474 0.924292
vertex 33.8552 0.229598 0.924292
vertex 36.3798 0.0579394 8.46323
endloop
endfacet
facet normal 0.0981116 0.995123 -0.0101965
outer loop
vertex 36.3798 0.0579394 8.46323
vertex 33.8552 0.229598 0.924292
vertex 36.3499 0.0608895 8.46323
endloop
endfacet
facet normal 0.0955841 0.995377 -0.00935445
outer loop
vertex 33.8552 0.229598 0.924292
vertex 33.7405 0.240611 0.924292
vertex 36.3499 0.0608895 8.46323
endloop
endfacet
facet normal 0.0955841 0.995377 -0.00935445
outer loop
vertex 36.3499 0.0608895 8.46323
vertex 33.7405 0.240611 0.924292
vertex 36.3194 0.06381 8.46323
endloop
endfacet
facet normal 0.0929563 0.995634 -0.00844947
outer loop
vertex 33.7405 0.240611 0.924292
vertex 33.6242 0.251474 0.924292
vertex 36.3194 0.06381 8.46323
endloop
endfacet
facet normal 0.0929563 0.995634 -0.00844947
outer loop
vertex 36.3194 0.06381 8.46323
vertex 33.6242 0.251474 0.924292
vertex 36.2886 0.0666908 8.46323
endloop
endfacet
facet normal 0.0902058 0.995895 -0.00747101
outer loop
vertex 33.6242 0.251474 0.924292
vertex 33.5063 0.262148 0.924292
vertex 36.2886 0.0666908 8.46323
endloop
endfacet
facet normal 0.0902058 0.995895 -0.00747101
outer loop
vertex 36.2886 0.0666908 8.46323
vertex 33.5063 0.262148 0.924292
vertex 36.2573 0.0695216 8.46323
endloop
endfacet
facet normal 0.0873222 0.996159 -0.006412
outer loop
vertex 33.5063 0.262148 0.924292
vertex 33.3871 0.272593 0.924292
vertex 36.2573 0.0695216 8.46323
endloop
endfacet
facet normal 0.0873222 0.996159 -0.006412
outer loop
vertex 36.2573 0.0695216 8.46323
vertex 33.3871 0.272593 0.924292
vertex 36.2257 0.0722917 8.46323
endloop
endfacet
facet normal 0.0842865 0.996428 -0.00526186
outer loop
vertex 33.3871 0.272593 0.924292
vertex 33.2669 0.282768 0.924292
vertex 36.2257 0.0722917 8.46323
endloop
endfacet
facet normal 0.0842865 0.996428 -0.00526186
outer loop
vertex 36.2257 0.0722917 8.46323
vertex 33.2669 0.282768 0.924292
vertex 36.1938 0.0749901 8.46323
endloop
endfacet
facet normal 0.0810849 0.996699 -0.00401137
outer loop
vertex 33.2669 0.282768 0.924292
vertex 33.1456 0.292631 0.924292
vertex 36.1938 0.0749901 8.46323
endloop
endfacet
facet normal 0.0810849 0.996699 -0.00401137
outer loop
vertex 36.1938 0.0749901 8.46323
vertex 33.1456 0.292631 0.924292
vertex 36.1617 0.0776057 8.46323
endloop
endfacet
facet normal 0.0777134 0.996972 -0.00265476
outer loop
vertex 33.1456 0.292631 0.924292
vertex 33.0236 0.30214 0.924292
vertex 36.1617 0.0776057 8.46323
endloop
endfacet
facet normal 0.0777134 0.996972 -0.00265476
outer loop
vertex 36.1617 0.0776057 8.46323
vertex 33.0236 0.30214 0.924292
vertex 36.1293 0.0801274 8.46323
endloop
endfacet
facet normal 0.0741382 0.997247 -0.00117384
outer loop
vertex 33.0236 0.30214 0.924292
vertex 32.9011 0.311251 0.924292
vertex 36.1293 0.0801274 8.46323
endloop
endfacet
facet normal 0.0741382 0.997247 -0.00117384
outer loop
vertex 36.1293 0.0801274 8.46323
vertex 32.9011 0.311251 0.924292
vertex 36.0968 0.0825437 8.46323
endloop
endfacet
facet normal 0.0703522 0.997522 0.000439392
outer loop
vertex 32.9011 0.311251 0.924292
vertex 32.7782 0.319921 0.924292
vertex 36.0968 0.0825437 8.46323
endloop
endfacet
facet normal 0.0703522 0.997522 0.000439392
outer loop
vertex 36.0968 0.0825437 8.46323
vertex 32.7782 0.319921 0.924292
vertex 36.0642 0.084843 8.46323
endloop
endfacet
facet normal 0.0663336 0.997795 0.00219952
outer loop
vertex 32.7782 0.319921 0.924292
vertex 32.655 0.328106 0.924292
vertex 36.0642 0.084843 8.46323
endloop
endfacet
facet normal 0.0663336 0.997795 0.00219952
outer loop
vertex 36.0642 0.084843 8.46323
vertex 32.655 0.328106 0.924292
vertex 36.0316 0.0870138 8.46323
endloop
endfacet
facet normal 0.0620552 0.998064 0.00412435
outer loop
vertex 32.655 0.328106 0.924292
vertex 32.5319 0.335762 0.924292
vertex 36.0316 0.0870138 8.46323
endloop
endfacet
facet normal 0.0620552 0.998064 0.00412435
outer loop
vertex 36.0316 0.0870138 8.46323
vertex 32.5319 0.335762 0.924292
vertex 35.9989 0.089044 8.46323
endloop
endfacet
facet normal 0.0575169 0.998325 0.00621997
outer loop
vertex 32.5319 0.335762 0.924292
vertex 32.409 0.342844 0.924292
vertex 35.9989 0.089044 8.46323
endloop
endfacet
facet normal 0.0575169 0.998325 0.00621997
outer loop
vertex 35.9989 0.089044 8.46323
vertex 32.409 0.342844 0.924292
vertex 35.9663 0.0909223 8.46323
endloop
endfacet
facet normal 0.0526854 0.998575 0.00850813
outer loop
vertex 32.409 0.342844 0.924292
vertex 32.2864 0.34931 0.924292
vertex 35.9663 0.0909223 8.46323
endloop
endfacet
facet normal 0.0526854 0.998575 0.00850813
outer loop
vertex 35.9663 0.0909223 8.46323
vertex 32.2864 0.34931 0.924292
vertex 35.9338 0.0926371 8.46323
endloop
endfacet
facet normal 0.0475459 0.998808 0.0110026
outer loop
vertex 32.2864 0.34931 0.924292
vertex 32.1644 0.355117 0.924292
vertex 35.9338 0.0926371 8.46323
endloop
endfacet
facet normal 0.0475459 0.998808 0.0110026
outer loop
vertex 35.9338 0.0926371 8.46323
vertex 32.1644 0.355117 0.924292
vertex 35.9015 0.0941771 8.46323
endloop
endfacet
facet normal 0.0420738 0.99902 0.0137225
outer loop
vertex 32.1644 0.355117 0.924292
vertex 32.0432 0.360223 0.924292
vertex 35.9015 0.0941771 8.46323
endloop
endfacet
facet normal 0.0420738 0.99902 0.0137225
outer loop
vertex 35.9015 0.0941771 8.46323
vertex 32.0432 0.360223 0.924292
vertex 35.8693 0.0955311 8.46323
endloop
endfacet
facet normal 0.0362532 0.999203 0.0166829
outer loop
vertex 32.0432 0.360223 0.924292
vertex 31.9229 0.364587 0.924292
vertex 35.8693 0.0955311 8.46323
endloop
endfacet
facet normal 0.0362532 0.999203 0.0166829
outer loop
vertex 35.8693 0.0955311 8.46323
vertex 31.9229 0.364587 0.924292
vertex 35.8374 0.0966885 8.46323
endloop
endfacet
facet normal 0.0300633 0.99935 0.0199022
outer loop
vertex 31.9229 0.364587 0.924292
vertex 31.8038 0.368172 0.924292
vertex 35.8374 0.0966885 8.46323
endloop
endfacet
facet normal 0.0300633 0.99935 0.0199022
outer loop
vertex 35.8374 0.0966885 8.46323
vertex 31.8038 0.368172 0.924292
vertex 35.8058 0.0976392 8.46323
endloop
endfacet
facet normal 0.0234804 0.99945 0.0234003
outer loop
vertex 31.8038 0.368172 0.924292
vertex 31.6859 0.37094 0.924292
vertex 35.8058 0.0976392 8.46323
endloop
endfacet
facet normal 0.0234804 0.99945 0.0234003
outer loop
vertex 35.8058 0.0976392 8.46323
vertex 31.6859 0.37094 0.924292
vertex 35.7746 0.0983734 8.46323
endloop
endfacet
facet normal 0.0164876 0.999494 0.0271944
outer loop
vertex 31.6859 0.37094 0.924292
vertex 31.5696 0.37286 0.924292
vertex 35.7746 0.0983734 8.46323
endloop
endfacet
facet normal 0.0164876 0.999494 0.0271944
outer loop
vertex 35.7746 0.0983734 8.46323
vertex 31.5696 0.37286 0.924292
vertex 35.7437 0.0988824 8.46323
endloop
endfacet
facet normal 0.00905268 0.999469 0.0313101
outer loop
vertex 31.5696 0.37286 0.924292
vertex 31.4549 0.373898 0.924292
vertex 35.7437 0.0988824 8.46323
endloop
endfacet
facet normal 0.00905268 0.999469 0.0313101
outer loop
vertex 35.7437 0.0988824 8.46323
vertex 31.4549 0.373898 0.924292
vertex 35.7133 0.0991579 8.46323
endloop
endfacet
facet normal 0.00115557 0.999359 0.0357668
outer loop
vertex 31.4549 0.373898 0.924292
vertex 31.342 0.374029 0.924292
vertex 35.7133 0.0991579 8.46323
endloop
endfacet
facet normal 0.00115557 0.999359 0.0357668
outer loop
vertex 35.7133 0.0991579 8.46323
vertex 31.342 0.374029 0.924292
vertex 35.6834 0.0991925 8.46323
endloop
endfacet
facet normal -0.00722272 0.99915 0.0405838
outer loop
vertex 31.342 0.374029 0.924292
vertex 31.2312 0.373228 0.924292
vertex 35.6834 0.0991925 8.46323
endloop
endfacet
facet normal -0.00722272 0.99915 0.0405838
outer loop
vertex 35.6834 0.0991925 8.46323
vertex 31.2312 0.373228 0.924292
vertex 35.654 0.0989801 8.46323
endloop
endfacet
facet normal -0.0161169 0.998821 0.0457897
outer loop
vertex 31.2312 0.373228 0.924292
vertex 31.1226 0.371475 0.924292
vertex 35.654 0.0989801 8.46323
endloop
endfacet
facet normal -0.0161169 0.998821 0.0457897
outer loop
vertex 35.654 0.0989801 8.46323
vertex 31.1226 0.371475 0.924292
vertex 35.6252 0.0985153 8.46323
endloop
endfacet
facet normal -0.025556 0.998351 0.05141
outer loop
vertex 31.1226 0.371475 0.924292
vertex 31.0164 0.368756 0.924292
vertex 35.6252 0.0985153 8.46323
endloop
endfacet
facet normal -0.025556 0.998351 0.05141
outer loop
vertex 35.6252 0.0985153 8.46323
vertex 31.0164 0.368756 0.924292
vertex 35.597 0.097794 8.46323
endloop
endfacet
facet normal -0.0355865 0.997712 0.0574816
outer loop
vertex 31.0164 0.368756 0.924292
vertex 30.9127 0.365056 0.924292
vertex 35.597 0.097794 8.46323
endloop
endfacet
facet normal -0.0355865 0.997712 0.0574816
outer loop
vertex 35.597 0.097794 8.46323
vertex 30.9127 0.365056 0.924292
vertex 35.5695 0.096813 8.46323
endloop
endfacet
facet normal -0.0462249 0.996877 0.0640233
outer loop
vertex 30.9127 0.365056 0.924292
vertex 30.8116 0.360372 0.924292
vertex 35.5695 0.096813 8.46323
endloop
endfacet
facet normal -0.0462249 0.996877 0.0640233
outer loop
vertex 35.5695 0.096813 8.46323
vertex 30.8116 0.360372 0.924292
vertex 35.5427 0.0955705 8.46323
endloop
endfacet
facet normal -0.0575308 0.99581 0.0710808
outer loop
vertex 30.8116 0.360372 0.924292
vertex 30.7135 0.354699 0.924292
vertex 35.5427 0.0955705 8.46323
endloop
endfacet
facet normal -0.0575308 0.99581 0.0710808
outer loop
vertex 35.5427 0.0955705 8.46323
vertex 30.7135 0.354699 0.924292
vertex 35.5167 0.0940662 8.46323
endloop
endfacet
facet normal -0.0695675 0.994468 0.0787033
outer loop
vertex 30.7135 0.354699 0.924292
vertex 30.6183 0.34804 0.924292
vertex 35.5167 0.0940662 8.46323
endloop
endfacet
facet normal -0.0695675 0.994468 0.0787033
outer loop
vertex 35.5167 0.0940662 8.46323
vertex 30.6183 0.34804 0.924292
vertex 35.4914 0.0923001 8.46323
endloop
endfacet
facet normal -0.0823728 0.992804 0.0869242
outer loop
vertex 30.6183 0.34804 0.924292
vertex 30.5262 0.340402 0.924292
vertex 35.4914 0.0923001 8.46323
endloop
endfacet
facet normal -0.0823728 0.992804 0.0869242
outer loop
vertex 35.4914 0.0923001 8.46323
vertex 30.5262 0.340402 0.924292
vertex 35.467 0.0902746 8.46323
endloop
endfacet
facet normal -0.0960374 0.990756 0.0958116
outer loop
vertex 30.5262 0.340402 0.924292
vertex 30.4374 0.331797 0.924292
vertex 35.467 0.0902746 8.46323
endloop
endfacet
facet normal -0.0960374 0.990756 0.0958116
outer loop
vertex 35.467 0.0902746 8.46323
vertex 30.4374 0.331797 0.924292
vertex 35.4435 0.0879925 8.46323
endloop
endfacet
facet normal -0.110649 0.988251 0.105433
outer loop
vertex 30.4374 0.331797 0.924292
vertex 30.3521 0.32224 0.924292
vertex 35.4435 0.0879925 8.46323
endloop
endfacet
facet normal -0.110649 0.988251 0.105433
outer loop
vertex 35.4435 0.0879925 8.46323
vertex 30.3521 0.32224 0.924292
vertex 35.4208 0.0854581 8.46323
endloop
endfacet
facet normal -0.126322 0.985198 0.115875
outer loop
vertex 30.3521 0.32224 0.924292
vertex 30.2703 0.311752 0.924292
vertex 35.4208 0.0854581 8.46323
endloop
endfacet
facet normal -0.126322 0.985198 0.115875
outer loop
vertex 35.4208 0.0854581 8.46323
vertex 30.2703 0.311752 0.924292
vertex 35.3991 0.0826766 8.46323
endloop
endfacet
facet normal -0.143178 0.981485 0.12723
outer loop
vertex 30.2703 0.311752 0.924292
vertex 30.1922 0.300355 0.924292
vertex 35.3991 0.0826766 8.46323
endloop
endfacet
facet normal -0.143178 0.981485 0.12723
outer loop
vertex 35.3991 0.0826766 8.46323
vertex 30.1922 0.300355 0.924292
vertex 35.3784 0.0796542 8.46323
endloop
endfacet
facet normal -0.161369 0.976969 0.139611
outer loop
vertex 30.1922 0.300355 0.924292
vertex 30.1178 0.288078 0.924292
vertex 35.3784 0.0796542 8.46323
endloop
endfacet
facet normal -0.161369 0.976969 0.139611
outer loop
vertex 35.3784 0.0796542 8.46323
vertex 30.1178 0.288078 0.924292
vertex 35.3587 0.0763984 8.46323
endloop
endfacet
facet normal -0.181108 0.971461 0.153179
outer loop
vertex 30.1178 0.288078 0.924292
vertex 30.0474 0.274951 0.924292
vertex 35.3587 0.0763984 8.46323
endloop
endfacet
facet normal -0.181108 0.971461 0.153179
outer loop
vertex 35.3587 0.0763984 8.46323
vertex 30.0474 0.274951 0.924292
vertex 35.34 0.072917 8.46323
endloop
endfacet
facet normal -0.202609 0.964725 0.168093
outer loop
vertex 30.0474 0.274951 0.924292
vertex 29.981 0.261007 0.924292
vertex 35.34 0.072917 8.46323
endloop
endfacet
facet normal -0.202609 0.964725 0.168093
outer loop
vertex 35.34 0.072917 8.46323
vertex 29.981 0.261007 0.924292
vertex 35.3224 0.0692191 8.46323
endloop
endfacet
facet normal -0.226192 0.956433 0.18459
outer loop
vertex 29.981 0.261007 0.924292
vertex 29.9187 0.24628 0.924292
vertex 35.3224 0.0692191 8.46323
endloop
endfacet
facet normal -0.226192 0.956433 0.18459
outer loop
vertex 35.3224 0.0692191 8.46323
vertex 29.9187 0.24628 0.924292
vertex 35.3059 0.0653135 8.46323
endloop
endfacet
facet normal -0.25218 0.946166 0.202915
outer loop
vertex 29.9187 0.24628 0.924292
vertex 29.8607 0.230808 0.924292
vertex 35.3059 0.0653135 8.46323
endloop
endfacet
facet normal -0.25218 0.946166 0.202915
outer loop
vertex 35.3059 0.0653135 8.46323
vertex 29.8607 0.230808 0.924292
vertex 35.2905 0.0612102 8.46323
endloop
endfacet
facet normal -0.281007 0.933345 0.223388
outer loop
vertex 29.8607 0.230808 0.924292
vertex 29.807 0.214627 0.924292
vertex 35.2905 0.0612102 8.46323
endloop
endfacet
facet normal -0.281007 0.933345 0.223388
outer loop
vertex 35.2905 0.0612102 8.46323
vertex 29.807 0.214627 0.924292
vertex 35.2763 0.0569191 8.46323
endloop
endfacet
facet normal -0.313152 0.91719 0.246371
outer loop
vertex 29.807 0.214627 0.924292
vertex 29.7576 0.197777 0.924292
vertex 35.2763 0.0569191 8.46323
endloop
endfacet
facet normal -0.313152 0.91719 0.246371
outer loop
vertex 35.2763 0.0569191 8.46323
vertex 29.7576 0.197777 0.924292
vertex 35.2632 0.0524505 8.46323
endloop
endfacet
facet normal -0.349232 0.896592 0.272323
outer loop
vertex 29.7576 0.197777 0.924292
vertex 29.7127 0.180294 0.924292
vertex 35.2632 0.0524505 8.46323
endloop
endfacet
facet normal -0.349232 0.896592 0.272323
outer loop
vertex 35.2632 0.0524505 8.46323
vertex 29.7127 0.180294 0.924292
vertex 35.2513 0.0478141 8.46323
endloop
endfacet
facet normal -0.38982 0.870076 0.301675
outer loop
vertex 29.7127 0.180294 0.924292
vertex 29.6724 0.162218 0.924292
vertex 35.2513 0.0478141 8.46323
endloop
endfacet
facet normal -0.38982 0.870076 0.301675
outer loop
vertex 35.2513 0.0478141 8.46323
vertex 29.6724 0.162218 0.924292
vertex 35.2406 0.0430201 8.46323
endloop
endfacet
facet normal -0.43558 0.835521 0.334927
outer loop
vertex 29.6724 0.162218 0.924292
vertex 29.6366 0.143581 0.924292
vertex 35.2406 0.0430201 8.46323
endloop
endfacet
facet normal -0.43558 0.835521 0.334927
outer loop
vertex 35.2406 0.0430201 8.46323
vertex 29.6366 0.143581 0.924292
vertex 35.2311 0.0380777 8.46323
endloop
endfacet
facet normal -0.486881 0.790122 0.372361
outer loop
vertex 29.6366 0.143581 0.924292
vertex 29.6055 0.124421 0.924292
vertex 35.2311 0.0380777 8.46323
endloop
endfacet
facet normal -0.486881 0.790122 0.372361
outer loop
vertex 35.2311 0.0380777 8.46323
vertex 29.6055 0.124421 0.924292
vertex 35.2229 0.0329963 8.46323
endloop
endfacet
facet normal -0.543705 0.730076 0.413973
outer loop
vertex 29.6055 0.124421 0.924292
vertex 29.5791 0.104766 0.924292
vertex 35.2229 0.0329963 8.46323
endloop
endfacet
facet normal -0.543705 0.730076 0.413973
outer loop
vertex 35.2229 0.0329963 8.46323
vertex 29.5791 0.104766 0.924292
vertex 35.2159 0.027784 8.46323
endloop
endfacet
facet normal -0.604823 0.650873 0.458861
outer loop
vertex 29.5791 0.104766 0.924292
vertex 29.5575 0.0846485 0.924292
vertex 35.2159 0.027784 8.46323
endloop
endfacet
facet normal -0.604823 0.650873 0.458861
outer loop
vertex 35.2159 0.027784 8.46323
vertex 29.5575 0.0846485 0.924292
vertex 35.2101 0.0224488 8.46323
endloop
endfacet
facet normal -0.667246 0.547674 0.504813
outer loop
vertex 29.5575 0.0846485 0.924292
vertex 29.5406 0.0640923 0.924292
vertex 35.2101 0.0224488 8.46323
endloop
endfacet
facet normal -0.667246 0.547674 0.504813
outer loop
vertex 35.2101 0.0224488 8.46323
vertex 29.5406 0.0640923 0.924292
vertex 35.2056 0.0169973 8.46323
endloop
endfacet
facet normal -0.725213 0.417428 0.547558
outer loop
vertex 29.5406 0.0640923 0.924292
vertex 29.5285 0.0431209 0.924292
vertex 35.2056 0.0169973 8.46323
endloop
endfacet
facet normal -0.725213 0.417428 0.547558
outer loop
vertex 35.2056 0.0169973 8.46323
vertex 29.5285 0.0431209 0.924292
vertex 35.2024 0.0114357 8.46323
endloop
endfacet
facet normal -0.770677 0.261454 0.581119
outer loop
vertex 29.5285 0.0431209 0.924292
vertex 29.5213 0.0217517 0.924292
vertex 35.2024 0.0114357 8.46323
endloop
endfacet
facet normal -0.770677 0.261454 0.581119
outer loop
vertex 35.2024 0.0114357 8.46323
vertex 29.5213 0.0217517 0.924292
vertex 35.2005 0.00576856 8.46323
endloop
endfacet
facet normal -0.795507 0.0884304 0.599457
outer loop
vertex 29.5213 0.0217517 0.924292
vertex 29.5189 0 0.924292
vertex 35.2005 0.00576856 8.46323
endloop
endfacet
facet normal -0.795507 0.0884304 0.599457
outer loop
vertex 35.2005 0.00576856 8.46323
vertex 29.5189 0 0.924292
vertex 35.1999 9.23253e-16 8.46323
endloop
endfacet
endsolid
solid
facet normal -0.86491 0.492633 0.0961454
outer loop
vertex 32.7331 0 0.223701
vertex 32.7345 7.55551e-19 0.23604
vertex 36.0486 5.74264 0.625265
endloop
endfacet
facet normal -0.86491 0.492633 0.0961454
outer loop
vertex 36.0486 5.74264 0.625265
vertex 32.7345 7.55551e-19 0.23604
vertex 36.049 5.74264 0.628747
endloop
endfacet
facet normal -0.838595 0.464564 0.284496
outer loop
vertex 32.7345 7.55551e-19 0.23604
vertex 32.7386 1.49781e-18 0.248162
vertex 36.049 5.74264 0.628747
endloop
endfacet
facet normal -0.838595 0.464564 0.284496
outer loop
vertex 36.049 5.74264 0.628747
vertex 32.7386 1.49781e-18 0.248162
vertex 36.0502 5.74264 0.632168
endloop
endfacet
facet normal -0.785446 0.422708 0.452098
outer loop
vertex 32.7386 1.49781e-18 0.248162
vertex 32.7454 2.22626e-18 0.260058
vertex 36.0502 5.74264 0.632168
endloop
endfacet
facet normal -0.785446 0.422708 0.452098
outer loop
vertex 36.0502 5.74264 0.632168
vertex 32.7454 2.22626e-18 0.260058
vertex 36.0521 5.74264 0.635525
endloop
endfacet
facet normal -0.716787 0.374266 0.588337
outer loop
vertex 32.7454 2.22626e-18 0.260058
vertex 32.755 2.94028e-18 0.271719
vertex 36.0521 5.74264 0.635525
endloop
endfacet
facet normal -0.716787 0.374266 0.588337
outer loop
vertex 36.0521 5.74264 0.635525
vertex 32.755 2.94028e-18 0.271719
vertex 36.0548 5.74264 0.638816
endloop
endfacet
facet normal -0.643633 0.325563 0.692637
outer loop
vertex 32.755 2.94028e-18 0.271719
vertex 32.7673 3.63908e-18 0.283131
vertex 36.0548 5.74264 0.638816
endloop
endfacet
facet normal -0.643633 0.325563 0.692637
outer loop
vertex 36.0548 5.74264 0.638816
vertex 32.7673 3.63908e-18 0.283131
vertex 36.0583 5.74264 0.642037
endloop
endfacet
facet normal -0.57332 0.280443 0.769842
outer loop
vertex 32.7673 3.63908e-18 0.283131
vertex 32.7823 4.32178e-18 0.294281
vertex 36.0583 5.74264 0.642037
endloop
endfacet
facet normal -0.57332 0.280443 0.769842
outer loop
vertex 36.0583 5.74264 0.642037
vertex 32.7823 4.32178e-18 0.294281
vertex 36.0625 5.74264 0.645183
endloop
endfacet
facet normal -0.509225 0.240377 0.826383
outer loop
vertex 32.7823 4.32178e-18 0.294281
vertex 32.7999 4.98732e-18 0.30515
vertex 36.0625 5.74264 0.645183
endloop
endfacet
facet normal -0.509225 0.240377 0.826383
outer loop
vertex 36.0625 5.74264 0.645183
vertex 32.7999 4.98732e-18 0.30515
vertex 36.0675 5.74264 0.64825
endloop
endfacet
facet normal -0.452406 0.205572 0.867796
outer loop
vertex 32.7999 4.98732e-18 0.30515
vertex 32.8202 5.63466e-18 0.315722
vertex 36.0675 5.74264 0.64825
endloop
endfacet
facet normal -0.452406 0.205572 0.867796
outer loop
vertex 36.0675 5.74264 0.64825
vertex 32.8202 5.63466e-18 0.315722
vertex 36.0732 5.74264 0.651234
endloop
endfacet
facet normal -0.402522 0.175525 0.898425
outer loop
vertex 32.8202 5.63466e-18 0.315722
vertex 32.8431 6.26256e-18 0.325976
vertex 36.0732 5.74264 0.651234
endloop
endfacet
facet normal -0.402522 0.175525 0.898425
outer loop
vertex 36.0732 5.74264 0.651234
vertex 32.8431 6.26256e-18 0.325976
vertex 36.0796 5.74264 0.654127
endloop
endfacet
facet normal -0.358865 0.149611 0.921321
outer loop
vertex 32.8431 6.26256e-18 0.325976
vertex 32.8685 6.86983e-18 0.335894
vertex 36.0796 5.74264 0.654127
endloop
endfacet
facet normal -0.358865 0.149611 0.921321
outer loop
vertex 36.0796 5.74264 0.654127
vertex 32.8685 6.86983e-18 0.335894
vertex 36.0868 5.74264 0.656926
endloop
endfacet
facet normal -0.320489 0.127134 0.938682
outer loop
vertex 32.8685 6.86983e-18 0.335894
vertex 32.8965 7.45511e-18 0.345452
vertex 36.0868 5.74264 0.656926
endloop
endfacet
facet normal -0.320489 0.127134 0.938682
outer loop
vertex 36.0868 5.74264 0.656926
vertex 32.8965 7.45511e-18 0.345452
vertex 36.0947 5.74264 0.659623
endloop
endfacet
facet normal -0.28662 0.107544 0.951989
outer loop
vertex 32.8965 7.45511e-18 0.345452
vertex 32.927 8.01715e-18 0.354631
vertex 36.0947 5.74264 0.659623
endloop
endfacet
facet normal -0.28662 0.107544 0.951989
outer loop
vertex 36.0947 5.74264 0.659623
vertex 32.927 8.01715e-18 0.354631
vertex 36.1033 5.74264 0.662214
endloop
endfacet
facet normal -0.256485 0.0903224 0.962319
outer loop
vertex 32.927 8.01715e-18 0.354631
vertex 32.9599 8.55459e-18 0.363408
vertex 36.1033 5.74264 0.662214
endloop
endfacet
facet normal -0.256485 0.0903224 0.962319
outer loop
vertex 36.1033 5.74264 0.662214
vertex 32.9599 8.55459e-18 0.363408
vertex 36.1126 5.74264 0.664691
endloop
endfacet
facet normal -0.229497 0.0750815 0.970409
outer loop
vertex 32.9599 8.55459e-18 0.363408
vertex 32.9953 9.06613e-18 0.371762
vertex 36.1126 5.74264 0.664691
endloop
endfacet
facet normal -0.229497 0.0750815 0.970409
outer loop
vertex 36.1126 5.74264 0.664691
vertex 32.9953 9.06613e-18 0.371762
vertex 36.1226 5.74264 0.667048
endloop
endfacet
facet normal -0.205145 0.0614912 0.976798
outer loop
vertex 32.9953 9.06613e-18 0.371762
vertex 33.0329 9.55048e-18 0.379672
vertex 36.1226 5.74264 0.667048
endloop
endfacet
facet normal -0.205145 0.0614912 0.976798
outer loop
vertex 36.1226 5.74264 0.667048
vertex 33.0329 9.55048e-18 0.379672
vertex 36.1332 5.74264 0.66928
endloop
endfacet
facet normal -0.183048 0.049306 0.981867
outer loop
vertex 33.0329 9.55048e-18 0.379672
vertex 33.0729 1.00065e-17 0.387119
vertex 36.1332 5.74264 0.66928
endloop
endfacet
facet normal -0.183048 0.049306 0.981867
outer loop
vertex 36.1332 5.74264 0.66928
vertex 33.0729 1.00065e-17 0.387119
vertex 36.1445 5.74264 0.671382
endloop
endfacet
facet normal -0.162845 0.0383001 0.985908
outer loop
vertex 33.0729 1.00065e-17 0.387119
vertex 33.115 1.04329e-17 0.394083
vertex 36.1445 5.74264 0.671382
endloop
endfacet
facet normal -0.162845 0.0383001 0.985908
outer loop
vertex 36.1445 5.74264 0.671382
vertex 33.115 1.04329e-17 0.394083
vertex 36.1564 5.74264 0.673347
endloop
endfacet
facet normal -0.144294 0.0283181 0.98913
outer loop
vertex 33.115 1.04329e-17 0.394083
vertex 33.1593 1.08288e-17 0.400548
vertex 36.1564 5.74264 0.673347
endloop
endfacet
facet normal -0.144294 0.0283181 0.98913
outer loop
vertex 36.1564 5.74264 0.673347
vertex 33.1593 1.08288e-17 0.400548
vertex 36.1689 5.74264 0.675171
endloop
endfacet
facet normal -0.127155 0.0192135 0.991697
outer loop
vertex 33.1593 1.08288e-17 0.400548
vertex 33.2057 1.11931e-17 0.406498
vertex 36.1689 5.74264 0.675171
endloop
endfacet
facet normal -0.127155 0.0192135 0.991697
outer loop
vertex 36.1689 5.74264 0.675171
vertex 33.2057 1.11931e-17 0.406498
vertex 36.182 5.74264 0.676851
endloop
endfacet
facet normal -0.111263 0.0108811 0.993731
outer loop
vertex 33.2057 1.11931e-17 0.406498
vertex 33.2542 1.1525e-17 0.411919
vertex 36.182 5.74264 0.676851
endloop
endfacet
facet normal -0.111263 0.0108811 0.993731
outer loop
vertex 36.182 5.74264 0.676851
vertex 33.2542 1.1525e-17 0.411919
vertex 36.1957 5.74264 0.67838
endloop
endfacet
facet normal -0.0964808 0.0032355 0.99533
outer loop
vertex 33.2542 1.1525e-17 0.411919
vertex 33.3045 1.18239e-17 0.4168
vertex 36.1957 5.74264 0.67838
endloop
endfacet
facet normal -0.0964808 0.0032355 0.99533
outer loop
vertex 36.1957 5.74264 0.67838
vertex 33.3045 1.18239e-17 0.4168
vertex 36.2099 5.74264 0.679758
endloop
endfacet
facet normal -0.0826852 -0.00380075 0.996568
outer loop
vertex 33.3045 1.18239e-17 0.4168
vertex 33.3567 1.20892e-17 0.421133
vertex 36.2099 5.74264 0.679758
endloop
endfacet
facet normal -0.0826852 -0.00380075 0.996568
outer loop
vertex 36.2099 5.74264 0.679758
vertex 33.3567 1.20892e-17 0.421133
vertex 36.2246 5.74264 0.680981
endloop
endfacet
facet normal -0.0697803 -0.010288 0.997509
outer loop
vertex 33.3567 1.20892e-17 0.421133
vertex 33.4107 1.23205e-17 0.42491
vertex 36.2246 5.74264 0.680981
endloop
endfacet
facet normal -0.0697803 -0.010288 0.997509
outer loop
vertex 36.2246 5.74264 0.680981
vertex 33.4107 1.23205e-17 0.42491
vertex 36.2398 5.74264 0.682047
endloop
endfacet
facet normal -0.0576691 -0.0162856 0.998203
outer loop
vertex 33.4107 1.23205e-17 0.42491
vertex 33.4664 1.25176e-17 0.428128
vertex 36.2398 5.74264 0.682047
endloop
endfacet
facet normal -0.0576691 -0.0162856 0.998203
outer loop
vertex 36.2398 5.74264 0.682047
vertex 33.4664 1.25176e-17 0.428128
vertex 36.2556 5.74264 0.682955
endloop
endfacet
facet normal -0.0463089 -0.0218247 0.998689
outer loop
vertex 33.4664 1.25176e-17 0.428128
vertex 33.5238 1.26803e-17 0.430786
vertex 36.2556 5.74264 0.682955
endloop
endfacet
facet normal -0.0463089 -0.0218247 0.998689
outer loop
vertex 36.2556 5.74264 0.682955
vertex 33.5238 1.26803e-17 0.430786
vertex 36.2717 5.74264 0.683705
endloop
endfacet
facet normal -0.0356325 -0.0269474 0.999002
outer loop
vertex 33.5238 1.26803e-17 0.430786
vertex 33.5826 1.28088e-17 0.432884
vertex 36.2717 5.74264 0.683705
endloop
endfacet
facet normal -0.0356325 -0.0269474 0.999002
outer loop
vertex 36.2717 5.74264 0.683705
vertex 33.5826 1.28088e-17 0.432884
vertex 36.2883 5.74264 0.684297
endloop
endfacet
facet normal -0.0255769 -0.0316926 0.99917
outer loop
vertex 33.5826 1.28088e-17 0.432884
vertex 33.6429 1.29033e-17 0.434427
vertex 36.2883 5.74264 0.684297
endloop
endfacet
facet normal -0.0255769 -0.0316926 0.99917
outer loop
vertex 36.2883 5.74264 0.684297
vertex 33.6429 1.29033e-17 0.434427
vertex 36.3053 5.74264 0.684732
endloop
endfacet
facet normal -0.0161233 -0.0360777 0.999219
outer loop
vertex 33.6429 1.29033e-17 0.434427
vertex 33.7045 1.29641e-17 0.435421
vertex 36.3053 5.74264 0.684732
endloop
endfacet
facet normal -0.0161233 -0.0360777 0.999219
outer loop
vertex 36.3053 5.74264 0.684732
vertex 33.7045 1.29641e-17 0.435421
vertex 36.3227 5.74264 0.685013
endloop
endfacet
facet normal -0.00722285 -0.0401335 0.999168
outer loop
vertex 33.7045 1.29641e-17 0.435421
vertex 33.7673 1.2992e-17 0.435876
vertex 36.3227 5.74264 0.685013
endloop
endfacet
facet normal -0.00722285 -0.0401335 0.999168
outer loop
vertex 36.3227 5.74264 0.685013
vertex 33.7673 1.2992e-17 0.435876
vertex 36.3405 5.74264 0.685141
endloop
endfacet
facet normal 0.0011552 -0.0438818 0.999036
outer loop
vertex 33.7673 1.2992e-17 0.435876
vertex 33.8313 1.29874e-17 0.435802
vertex 36.3405 5.74264 0.685141
endloop
endfacet
facet normal 0.0011552 -0.0438818 0.999036
outer loop
vertex 36.3405 5.74264 0.685141
vertex 33.8313 1.29874e-17 0.435802
vertex 36.3585 5.74264 0.68512
endloop
endfacet
facet normal 0.00904697 -0.0473462 0.998838
outer loop
vertex 33.8313 1.29874e-17 0.435802
vertex 33.8964 1.29514e-17 0.435213
vertex 36.3585 5.74264 0.68512
endloop
endfacet
facet normal 0.00904697 -0.0473462 0.998838
outer loop
vertex 36.3585 5.74264 0.68512
vertex 33.8964 1.29514e-17 0.435213
vertex 36.3769 5.74264 0.684954
endloop
endfacet
facet normal 0.0164726 -0.0505427 0.998586
outer loop
vertex 33.8964 1.29514e-17 0.435213
vertex 33.9624 1.28847e-17 0.434124
vertex 36.3769 5.74264 0.684954
endloop
endfacet
facet normal 0.0164726 -0.0505427 0.998586
outer loop
vertex 36.3769 5.74264 0.684954
vertex 33.9624 1.28847e-17 0.434124
vertex 36.3955 5.74264 0.684647
endloop
endfacet
facet normal 0.0234532 -0.0534876 0.998293
outer loop
vertex 33.9624 1.28847e-17 0.434124
vertex 34.0292 1.27885e-17 0.432553
vertex 36.3955 5.74264 0.684647
endloop
endfacet
facet normal 0.0234532 -0.0534876 0.998293
outer loop
vertex 36.3955 5.74264 0.684647
vertex 34.0292 1.27885e-17 0.432553
vertex 36.4144 5.74264 0.684203
endloop
endfacet
facet normal 0.0300218 -0.0562015 0.997968
outer loop
vertex 34.0292 1.27885e-17 0.432553
vertex 34.0968 1.2664e-17 0.43052
vertex 36.4144 5.74264 0.684203
endloop
endfacet
facet normal 0.0300218 -0.0562015 0.997968
outer loop
vertex 36.4144 5.74264 0.684203
vertex 34.0968 1.2664e-17 0.43052
vertex 36.4335 5.74264 0.68363
endloop
endfacet
facet normal 0.0361957 -0.0586983 0.997619
outer loop
vertex 34.0968 1.2664e-17 0.43052
vertex 34.1651 1.25124e-17 0.428044
vertex 36.4335 5.74264 0.68363
endloop
endfacet
facet normal 0.0361957 -0.0586983 0.997619
outer loop
vertex 36.4335 5.74264 0.68363
vertex 34.1651 1.25124e-17 0.428044
vertex 36.4527 5.74264 0.682931
endloop
endfacet
facet normal 0.0419994 -0.060994 0.997254
outer loop
vertex 34.1651 1.25124e-17 0.428044
vertex 34.2338 1.23351e-17 0.425148
vertex 36.4527 5.74264 0.682931
endloop
endfacet
facet normal 0.0419994 -0.060994 0.997254
outer loop
vertex 36.4527 5.74264 0.682931
vertex 34.2338 1.23351e-17 0.425148
vertex 36.4721 5.74264 0.682114
endloop
endfacet
facet normal 0.047454 -0.0631032 0.996878
outer loop
vertex 34.2338 1.23351e-17 0.425148
vertex 34.303 1.21334e-17 0.421854
vertex 36.4721 5.74264 0.682114
endloop
endfacet
facet normal 0.047454 -0.0631032 0.996878
outer loop
vertex 36.4721 5.74264 0.682114
vertex 34.303 1.21334e-17 0.421854
vertex 36.4916 5.74264 0.681184
endloop
endfacet
facet normal 0.0525758 -0.065038 0.996497
outer loop
vertex 34.303 1.21334e-17 0.421854
vertex 34.3726 1.19088e-17 0.418186
vertex 36.4916 5.74264 0.681184
endloop
endfacet
facet normal 0.0525758 -0.065038 0.996497
outer loop
vertex 36.4916 5.74264 0.681184
vertex 34.3726 1.19088e-17 0.418186
vertex 36.5113 5.74264 0.680149
endloop
endfacet
facet normal 0.0573895 -0.0668133 0.996114
outer loop
vertex 34.3726 1.19088e-17 0.418186
vertex 34.4423 1.16627e-17 0.414168
vertex 36.5113 5.74264 0.680149
endloop
endfacet
facet normal 0.0573895 -0.0668133 0.996114
outer loop
vertex 36.5113 5.74264 0.680149
vertex 34.4423 1.16627e-17 0.414168
vertex 36.5309 5.74264 0.679015
endloop
endfacet
facet normal 0.0619102 -0.0684399 0.995732
outer loop
vertex 34.4423 1.16627e-17 0.414168
vertex 34.5121 1.13968e-17 0.409825
vertex 36.5309 5.74264 0.679015
endloop
endfacet
facet normal 0.0619102 -0.0684399 0.995732
outer loop
vertex 36.5309 5.74264 0.679015
vertex 34.5121 1.13968e-17 0.409825
vertex 36.5507 5.74264 0.67779
endloop
endfacet
facet normal 0.0661714 -0.0699349 0.995354
outer loop
vertex 34.5121 1.13968e-17 0.409825
vertex 34.582 1.11125e-17 0.405182
vertex 36.5507 5.74264 0.67779
endloop
endfacet
facet normal 0.0661714 -0.0699349 0.995354
outer loop
vertex 36.5507 5.74264 0.67779
vertex 34.582 1.11125e-17 0.405182
vertex 36.5704 5.74264 0.676479
endloop
endfacet
facet normal 0.0701731 -0.071303 0.994983
outer loop
vertex 34.582 1.11125e-17 0.405182
vertex 34.6517 1.08114e-17 0.400264
vertex 36.5704 5.74264 0.676479
endloop
endfacet
facet normal 0.0701731 -0.071303 0.994983
outer loop
vertex 36.5704 5.74264 0.676479
vertex 34.6517 1.08114e-17 0.400264
vertex 36.59 5.74264 0.675091
endloop
endfacet
facet normal 0.0739429 -0.072558 0.994619
outer loop
vertex 34.6517 1.08114e-17 0.400264
vertex 34.7212 1.04949e-17 0.395095
vertex 36.59 5.74264 0.675091
endloop
endfacet
facet normal 0.0739429 -0.072558 0.994619
outer loop
vertex 36.59 5.74264 0.675091
vertex 34.7212 1.04949e-17 0.395095
vertex 36.6097 5.74264 0.673633
endloop
endfacet
facet normal 0.0775023 -0.0737112 0.994264
outer loop
vertex 34.7212 1.04949e-17 0.395095
vertex 34.7904 1.01646e-17 0.389701
vertex 36.6097 5.74264 0.673633
endloop
endfacet
facet normal 0.0775023 -0.0737112 0.994264
outer loop
vertex 36.6097 5.74264 0.673633
vertex 34.7904 1.01646e-17 0.389701
vertex 36.6292 5.74264 0.67211
endloop
endfacet
facet normal 0.0808586 -0.0747688 0.993917
outer loop
vertex 34.7904 1.01646e-17 0.389701
vertex 34.8592 9.82201e-18 0.384106
vertex 36.6292 5.74264 0.67211
endloop
endfacet
facet normal 0.0808586 -0.0747688 0.993917
outer loop
vertex 36.6292 5.74264 0.67211
vertex 34.8592 9.82201e-18 0.384106
vertex 36.6486 5.74264 0.670532
endloop
endfacet
facet normal 0.0840456 -0.075745 0.993579
outer loop
vertex 34.8592 9.82201e-18 0.384106
vertex 34.9274 9.46858e-18 0.378334
vertex 36.6486 5.74264 0.670532
endloop
endfacet
facet normal 0.0840456 -0.075745 0.993579
outer loop
vertex 36.6486 5.74264 0.670532
vertex 34.9274 9.46858e-18 0.378334
vertex 36.6679 5.74264 0.668903
endloop
endfacet
facet normal 0.0870672 -0.0766441 0.99325
outer loop
vertex 34.9274 9.46858e-18 0.378334
vertex 34.995 9.10576e-18 0.372409
vertex 36.6679 5.74264 0.668903
endloop
endfacet
facet normal 0.0870672 -0.0766441 0.99325
outer loop
vertex 36.6679 5.74264 0.668903
vertex 34.995 9.10576e-18 0.372409
vertex 36.6869 5.74264 0.667231
endloop
endfacet
facet normal 0.0899372 -0.0774732 0.99293
outer loop
vertex 34.995 9.10576e-18 0.372409
vertex 35.0619 8.73499e-18 0.366354
vertex 36.6869 5.74264 0.667231
endloop
endfacet
facet normal 0.0899372 -0.0774732 0.99293
outer loop
vertex 36.6869 5.74264 0.667231
vertex 35.0619 8.73499e-18 0.366354
vertex 36.7058 5.74264 0.665522
endloop
endfacet
facet normal 0.0926746 -0.0782406 0.992618
outer loop
vertex 35.0619 8.73499e-18 0.366354
vertex 35.1279 8.35766e-18 0.360192
vertex 36.7058 5.74264 0.665522
endloop
endfacet
facet normal 0.0926746 -0.0782406 0.992618
outer loop
vertex 36.7058 5.74264 0.665522
vertex 35.1279 8.35766e-18 0.360192
vertex 36.7244 5.74264 0.663783
endloop
endfacet
facet normal 0.0952899 -0.0789516 0.992314
outer loop
vertex 35.1279 8.35766e-18 0.360192
vertex 35.193 7.97515e-18 0.353945
vertex 36.7244 5.74264 0.663783
endloop
endfacet
facet normal 0.0952899 -0.0789516 0.992314
outer loop
vertex 36.7244 5.74264 0.663783
vertex 35.193 7.97515e-18 0.353945
vertex 36.7428 5.74264 0.66202
endloop
endfacet
facet normal 0.0978052 -0.0796145 0.992016
outer loop
vertex 35.193 7.97515e-18 0.353945
vertex 35.257 7.58876e-18 0.347635
vertex 36.7428 5.74264 0.66202
endloop
endfacet
facet normal 0.0978052 -0.0796145 0.992016
outer loop
vertex 36.7428 5.74264 0.66202
vertex 35.257 7.58876e-18 0.347635
vertex 36.7608 5.74264 0.660239
endloop
endfacet
facet normal 0.100221 -0.0802312 0.991725
outer loop
vertex 35.257 7.58876e-18 0.347635
vertex 35.3198 7.19981e-18 0.341283
vertex 36.7608 5.74264 0.660239
endloop
endfacet
facet normal 0.100221 -0.0802312 0.991725
outer loop
vertex 36.7608 5.74264 0.660239
vertex 35.3198 7.19981e-18 0.341283
vertex 36.7786 5.74264 0.658447
endloop
endfacet
facet normal 0.102549 -0.0808068 0.99144
outer loop
vertex 35.3198 7.19981e-18 0.341283
vertex 35.3814 6.80961e-18 0.33491
vertex 36.7786 5.74264 0.658447
endloop
endfacet
facet normal 0.102549 -0.0808068 0.99144
outer loop
vertex 36.7786 5.74264 0.658447
vertex 35.3814 6.80961e-18 0.33491
vertex 36.796 5.74264 0.656648
endloop
endfacet
facet normal 0.104805 -0.081347 0.99116
outer loop
vertex 35.3814 6.80961e-18 0.33491
vertex 35.4417 6.41938e-18 0.328537
vertex 36.796 5.74264 0.656648
endloop
endfacet
facet normal 0.104805 -0.081347 0.99116
outer loop
vertex 36.796 5.74264 0.656648
vertex 35.4417 6.41938e-18 0.328537
vertex 36.813 5.74264 0.65485
endloop
endfacet
facet normal 0.106988 -0.0818525 0.990885
outer loop
vertex 35.4417 6.41938e-18 0.328537
vertex 35.5005 6.0304e-18 0.322185
vertex 36.813 5.74264 0.65485
endloop
endfacet
facet normal 0.106988 -0.0818525 0.990885
outer loop
vertex 36.813 5.74264 0.65485
vertex 35.5005 6.0304e-18 0.322185
vertex 36.8296 5.74264 0.653057
endloop
endfacet
facet normal 0.109101 -0.0823262 0.990616
outer loop
vertex 35.5005 6.0304e-18 0.322185
vertex 35.5578 5.6439e-18 0.315873
vertex 36.8296 5.74264 0.653057
endloop
endfacet
facet normal 0.109101 -0.0823262 0.990616
outer loop
vertex 36.8296 5.74264 0.653057
vertex 35.5578 5.6439e-18 0.315873
vertex 36.8458 5.74264 0.651276
endloop
endfacet
facet normal 0.111172 -0.082775 0.990348
outer loop
vertex 35.5578 5.6439e-18 0.315873
vertex 35.6135 5.26103e-18 0.30962
vertex 36.8458 5.74264 0.651276
endloop
endfacet
facet normal 0.111172 -0.082775 0.990348
outer loop
vertex 36.8458 5.74264 0.651276
vertex 35.6135 5.26103e-18 0.30962
vertex 36.8615 5.74264 0.649512
endloop
endfacet
facet normal 0.113171 -0.0831939 0.990086
outer loop
vertex 35.6135 5.26103e-18 0.30962
vertex 35.6675 4.88307e-18 0.303447
vertex 36.8615 5.74264 0.649512
endloop
endfacet
facet normal 0.113171 -0.0831939 0.990086
outer loop
vertex 36.8615 5.74264 0.649512
vertex 35.6675 4.88307e-18 0.303447
vertex 36.8767 5.74264 0.64777
endloop
endfacet
facet normal 0.115133 -0.0835914 0.989827
outer loop
vertex 35.6675 4.88307e-18 0.303447
vertex 35.7198 4.51115e-18 0.297373
vertex 36.8767 5.74264 0.64777
endloop
endfacet
facet normal 0.115133 -0.0835914 0.989827
outer loop
vertex 36.8767 5.74264 0.64777
vertex 35.7198 4.51115e-18 0.297373
vertex 36.8914 5.74264 0.646056
endloop
endfacet
facet normal 0.117038 -0.0839647 0.989572
outer loop
vertex 35.7198 4.51115e-18 0.297373
vertex 35.7701 4.14646e-18 0.291418
vertex 36.8914 5.74264 0.646056
endloop
endfacet
facet normal 0.117038 -0.0839647 0.989572
outer loop
vertex 36.8914 5.74264 0.646056
vertex 35.7701 4.14646e-18 0.291418
vertex 36.9057 5.74264 0.644375
endloop
endfacet
facet normal 0.11889 -0.0843153 0.989321
outer loop
vertex 35.7701 4.14646e-18 0.291418
vertex 35.8185 3.79017e-18 0.285599
vertex 36.9057 5.74264 0.644375
endloop
endfacet
facet normal 0.11889 -0.0843153 0.989321
outer loop
vertex 36.9057 5.74264 0.644375
vertex 35.8185 3.79017e-18 0.285599
vertex 36.9193 5.74264 0.642733
endloop
endfacet
facet normal 0.120698 -0.0846467 0.989074
outer loop
vertex 35.8185 3.79017e-18 0.285599
vertex 35.8649 3.44343e-18 0.279936
vertex 36.9193 5.74264 0.642733
endloop
endfacet
facet normal 0.120698 -0.0846467 0.989074
outer loop
vertex 36.9193 5.74264 0.642733
vertex 35.8649 3.44343e-18 0.279936
vertex 36.9324 5.74264 0.641135
endloop
endfacet
facet normal 0.122442 -0.0849557 0.988833
outer loop
vertex 35.8649 3.44343e-18 0.279936
vertex 35.9093 3.10741e-18 0.274449
vertex 36.9324 5.74264 0.641135
endloop
endfacet
facet normal 0.122442 -0.0849557 0.988833
outer loop
vertex 36.9324 5.74264 0.641135
vertex 35.9093 3.10741e-18 0.274449
vertex 36.9449 5.74264 0.639586
endloop
endfacet
facet normal 0.124146 -0.0852478 0.988595
outer loop
vertex 35.9093 3.10741e-18 0.274449
vertex 35.9514 2.7832e-18 0.269154
vertex 36.9449 5.74264 0.639586
endloop
endfacet
facet normal 0.124146 -0.0852478 0.988595
outer loop
vertex 36.9449 5.74264 0.639586
vertex 35.9514 2.7832e-18 0.269154
vertex 36.9568 5.74264 0.638092
endloop
endfacet
facet normal 0.125766 -0.0855168 0.988367
outer loop
vertex 35.9514 2.7832e-18 0.269154
vertex 35.9914 2.47197e-18 0.264071
vertex 36.9568 5.74264 0.638092
endloop
endfacet
facet normal 0.125766 -0.0855168 0.988367
outer loop
vertex 36.9568 5.74264 0.638092
vertex 35.9914 2.47197e-18 0.264071
vertex 36.9681 5.74264 0.636658
endloop
endfacet
facet normal 0.127349 -0.0857714 0.988142
outer loop
vertex 35.9914 2.47197e-18 0.264071
vertex 36.029 2.17475e-18 0.259217
vertex 36.9681 5.74264 0.636658
endloop
endfacet
facet normal 0.127349 -0.0857714 0.988142
outer loop
vertex 36.9681 5.74264 0.636658
vertex 36.029 2.17475e-18 0.259217
vertex 36.9787 5.74264 0.635288
endloop
endfacet
facet normal 0.128846 -0.086005 0.987928
outer loop
vertex 36.029 2.17475e-18 0.259217
vertex 36.0643 1.89266e-18 0.25461
vertex 36.9787 5.74264 0.635288
endloop
endfacet
facet normal 0.128846 -0.086005 0.987928
outer loop
vertex 36.9787 5.74264 0.635288
vertex 36.0643 1.89266e-18 0.25461
vertex 36.9887 5.74264 0.633988
endloop
endfacet
facet normal 0.130262 -0.0862195 0.987724
outer loop
vertex 36.0643 1.89266e-18 0.25461
vertex 36.0973 1.62673e-18 0.250267
vertex 36.9887 5.74264 0.633988
endloop
endfacet
facet normal 0.130262 -0.0862195 0.987724
outer loop
vertex 36.9887 5.74264 0.633988
vertex 36.0973 1.62673e-18 0.250267
vertex 36.998 5.74264 0.632762
endloop
endfacet
facet normal 0.131619 -0.0864192 0.987526
outer loop
vertex 36.0973 1.62673e-18 0.250267
vertex 36.1278 1.37792e-18 0.246204
vertex 36.998 5.74264 0.632762
endloop
endfacet
facet normal 0.131619 -0.0864192 0.987526
outer loop
vertex 36.998 5.74264 0.632762
vertex 36.1278 1.37792e-18 0.246204
vertex 37.0066 5.74264 0.631616
endloop
endfacet
facet normal 0.132876 -0.0865992 0.987342
outer loop
vertex 36.1278 1.37792e-18 0.246204
vertex 36.1558 1.14722e-18 0.242436
vertex 37.0066 5.74264 0.631616
endloop
endfacet
facet normal 0.132876 -0.0865992 0.987342
outer loop
vertex 37.0066 5.74264 0.631616
vertex 36.1558 1.14722e-18 0.242436
vertex 37.0145 5.74264 0.630552
endloop
endfacet
facet normal 0.134048 -0.0867627 0.987169
outer loop
vertex 36.1558 1.14722e-18 0.242436
vertex 36.1812 9.35511e-19 0.238979
vertex 37.0145 5.74264 0.630552
endloop
endfacet
facet normal 0.134048 -0.0867627 0.987169
outer loop
vertex 37.0145 5.74264 0.630552
vertex 36.1812 9.35511e-19 0.238979
vertex 37.0217 5.74264 0.629577
endloop
endfacet
facet normal 0.135118 -0.0869085 0.987011
outer loop
vertex 36.1812 9.35511e-19 0.238979
vertex 36.2041 7.43655e-19 0.235846
vertex 37.0217 5.74264 0.629577
endloop
endfacet
facet normal 0.135118 -0.0869085 0.987011
outer loop
vertex 37.0217 5.74264 0.629577
vertex 36.2041 7.43655e-19 0.235846
vertex 37.0281 5.74264 0.628692
endloop
endfacet
facet normal 0.136083 -0.0870372 0.986867
outer loop
vertex 36.2041 7.43655e-19 0.235846
vertex 36.2244 5.72431e-19 0.233049
vertex 37.0281 5.74264 0.628692
endloop
endfacet
facet normal 0.136083 -0.0870372 0.986867
outer loop
vertex 37.0281 5.74264 0.628692
vertex 36.2244 5.72431e-19 0.233049
vertex 37.0339 5.74264 0.627903
endloop
endfacet
facet normal 0.136942 -0.0871494 0.986738
outer loop
vertex 36.2244 5.72431e-19 0.233049
vertex 36.242 4.22537e-19 0.230601
vertex 37.0339 5.74264 0.627903
endloop
endfacet
facet normal 0.136942 -0.0871494 0.986738
outer loop
vertex 37.0339 5.74264 0.627903
vertex 36.242 4.22537e-19 0.230601
vertex 37.0388 5.74264 0.627213
endloop
endfacet
facet normal 0.137713 -0.0872484 0.986622
outer loop
vertex 36.242 4.22537e-19 0.230601
vertex 36.257 2.94582e-19 0.228512
vertex 37.0388 5.74264 0.627213
endloop
endfacet
facet normal 0.137713 -0.0872484 0.986622
outer loop
vertex 37.0388 5.74264 0.627213
vertex 36.257 2.94582e-19 0.228512
vertex 37.0431 5.74264 0.626623
endloop
endfacet
facet normal 0.138308 -0.0873235 0.986532
outer loop
vertex 36.257 2.94582e-19 0.228512
vertex 36.2693 1.89155e-19 0.22679
vertex 37.0431 5.74264 0.626623
endloop
endfacet
facet normal 0.138308 -0.0873235 0.986532
outer loop
vertex 37.0431 5.74264 0.626623
vertex 36.2693 1.89155e-19 0.22679
vertex 37.0465 5.74264 0.626137
endloop
endfacet
facet normal 0.138837 -0.0873895 0.986452
outer loop
vertex 36.2693 1.89155e-19 0.22679
vertex 36.2789 1.06669e-19 0.225443
vertex 37.0465 5.74264 0.626137
endloop
endfacet
facet normal 0.138837 -0.0873895 0.986452
outer loop
vertex 37.0465 5.74264 0.626137
vertex 36.2789 1.06669e-19 0.225443
vertex 37.0492 5.74264 0.625757
endloop
endfacet
facet normal 0.139208 -0.0874354 0.986396
outer loop
vertex 36.2789 1.06669e-19 0.225443
vertex 36.2857 4.74956e-20 0.224476
vertex 37.0492 5.74264 0.625757
endloop
endfacet
facet normal 0.139208 -0.0874354 0.986396
outer loop
vertex 37.0492 5.74264 0.625757
vertex 36.2857 4.74956e-20 0.224476
vertex 37.0512 5.74264 0.625484
endloop
endfacet
facet normal 0.139446 -0.0874645 0.986359
outer loop
vertex 36.2857 4.74956e-20 0.224476
vertex 36.2898 1.18957e-20 0.223895
vertex 37.0512 5.74264 0.625484
endloop
endfacet
facet normal 0.139446 -0.0874645 0.986359
outer loop
vertex 37.0512 5.74264 0.625484
vertex 36.2898 1.18957e-20 0.223895
vertex 37.0523 5.74264 0.62532
endloop
endfacet
facet normal 0.139697 -0.0874952 0.986321
outer loop
vertex 36.2898 1.18957e-20 0.223895
vertex 36.2912 0 0.223701
vertex 37.0523 5.74264 0.62532
endloop
endfacet
facet normal 0.139697 -0.0874952 0.986321
outer loop
vertex 37.0523 5.74264 0.62532
vertex 36.2912 0 0.223701
vertex 37.0527 5.74264 0.625265
endloop
endfacet
facet normal 0.140055 0.0505747 -0.988851
outer loop
vertex 36.2912 0 0.223701
vertex 36.2898 -1.18957e-20 0.223506
vertex 37.0527 5.74264 0.625265
endloop
endfacet
facet normal 0.140055 0.0505747 -0.988851
outer loop
vertex 37.0527 5.74264 0.625265
vertex 36.2898 -1.18957e-20 0.223506
vertex 37.0523 5.74264 0.62521
endloop
endfacet
facet normal 0.139803 0.0506107 -0.988885
outer loop
vertex 36.2898 -1.18957e-20 0.223506
vertex 36.2857 -4.74956e-20 0.222925
vertex 37.0523 5.74264 0.62521
endloop
endfacet
facet normal 0.139803 0.0506107 -0.988885
outer loop
vertex 37.0523 5.74264 0.62521
vertex 36.2857 -4.74956e-20 0.222925
vertex 37.0512 5.74264 0.625046
endloop
endfacet
facet normal 0.139563 0.0506448 -0.988917
outer loop
vertex 36.2857 -4.74956e-20 0.222925
vertex 36.2789 -1.06669e-19 0.221959
vertex 37.0512 5.74264 0.625046
endloop
endfacet
facet normal 0.139563 0.0506448 -0.988917
outer loop
vertex 37.0512 5.74264 0.625046
vertex 36.2789 -1.06669e-19 0.221959
vertex 37.0492 5.74264 0.624774
endloop
endfacet
facet normal 0.139191 0.0506983 -0.988967
outer loop
vertex 36.2789 -1.06669e-19 0.221959
vertex 36.2693 -1.89155e-19 0.220612
vertex 37.0492 5.74264 0.624774
endloop
endfacet
facet normal 0.139191 0.0506983 -0.988967
outer loop
vertex 37.0492 5.74264 0.624774
vertex 36.2693 -1.89155e-19 0.220612
vertex 37.0465 5.74264 0.624393
endloop
endfacet
facet normal 0.138659 0.0507752 -0.989038
outer loop
vertex 36.2693 -1.89155e-19 0.220612
vertex 36.257 -2.94582e-19 0.21889
vertex 37.0465 5.74264 0.624393
endloop
endfacet
facet normal 0.138659 0.0507752 -0.989038
outer loop
vertex 37.0465 5.74264 0.624393
vertex 36.257 -2.94582e-19 0.21889
vertex 37.0431 5.74264 0.623908
endloop
endfacet
facet normal 0.138062 0.0508626 -0.989117
outer loop
vertex 36.257 -2.94582e-19 0.21889
vertex 36.242 -4.22537e-19 0.2168
vertex 37.0431 5.74264 0.623908
endloop
endfacet
facet normal 0.138062 0.0508626 -0.989117
outer loop
vertex 37.0431 5.74264 0.623908
vertex 36.242 -4.22537e-19 0.2168
vertex 37.0388 5.74264 0.623318
endloop
endfacet
facet normal 0.137286 0.0509774 -0.989219
outer loop
vertex 36.242 -4.22537e-19 0.2168
vertex 36.2244 -5.72431e-19 0.214352
vertex 37.0388 5.74264 0.623318
endloop
endfacet
facet normal 0.137286 0.0509774 -0.989219
outer loop
vertex 37.0388 5.74264 0.623318
vertex 36.2244 -5.72431e-19 0.214352
vertex 37.0339 5.74264 0.622627
endloop
endfacet
facet normal 0.136423 0.0511071 -0.989332
outer loop
vertex 36.2244 -5.72431e-19 0.214352
vertex 36.2041 -7.43655e-19 0.211556
vertex 37.0339 5.74264 0.622627
endloop
endfacet
facet normal 0.136423 0.0511071 -0.989332
outer loop
vertex 37.0339 5.74264 0.622627
vertex 36.2041 -7.43655e-19 0.211556
vertex 37.0281 5.74264 0.621838
endloop
endfacet
facet normal 0.135453 0.0512552 -0.989457
outer loop
vertex 36.2041 -7.43655e-19 0.211556
vertex 36.1812 -9.35511e-19 0.208423
vertex 37.0281 5.74264 0.621838
endloop
endfacet
facet normal 0.135453 0.0512552 -0.989457
outer loop
vertex 37.0281 5.74264 0.621838
vertex 36.1812 -9.35511e-19 0.208423
vertex 37.0217 5.74264 0.620954
endloop
endfacet
facet normal 0.134377 0.0514226 -0.989595
outer loop
vertex 36.1812 -9.35511e-19 0.208423
vertex 36.1558 -1.14722e-18 0.204965
vertex 37.0217 5.74264 0.620954
endloop
endfacet
facet normal 0.134377 0.0514226 -0.989595
outer loop
vertex 37.0217 5.74264 0.620954
vertex 36.1558 -1.14722e-18 0.204965
vertex 37.0145 5.74264 0.619978
endloop
endfacet
facet normal 0.1332 0.0516095 -0.989745
outer loop
vertex 36.1558 -1.14722e-18 0.204965
vertex 36.1278 -1.37792e-18 0.201198
vertex 37.0145 5.74264 0.619978
endloop
endfacet
facet normal 0.1332 0.0516095 -0.989745
outer loop
vertex 37.0145 5.74264 0.619978
vertex 36.1278 -1.37792e-18 0.201198
vertex 37.0066 5.74264 0.618915
endloop
endfacet
facet normal 0.131936 0.0518143 -0.989903
outer loop
vertex 36.1278 -1.37792e-18 0.201198
vertex 36.0973 -1.62673e-18 0.197134
vertex 37.0066 5.74264 0.618915
endloop
endfacet
facet normal 0.131936 0.0518143 -0.989903
outer loop
vertex 37.0066 5.74264 0.618915
vertex 36.0973 -1.62673e-18 0.197134
vertex 36.998 5.74264 0.617768
endloop
endfacet
facet normal 0.130572 0.0520407 -0.990072
outer loop
vertex 36.0973 -1.62673e-18 0.197134
vertex 36.0643 -1.89266e-18 0.192791
vertex 36.998 5.74264 0.617768
endloop
endfacet
facet normal 0.130572 0.0520407 -0.990072
outer loop
vertex 36.998 5.74264 0.617768
vertex 36.0643 -1.89266e-18 0.192791
vertex 36.9887 5.74264 0.616543
endloop
endfacet
facet normal 0.129148 0.0522827 -0.990246
outer loop
vertex 36.0643 -1.89266e-18 0.192791
vertex 36.029 -2.17475e-18 0.188184
vertex 36.9887 5.74264 0.616543
endloop
endfacet
facet normal 0.129148 0.0522827 -0.990246
outer loop
vertex 36.9887 5.74264 0.616543
vertex 36.029 -2.17475e-18 0.188184
vertex 36.9787 5.74264 0.615242
endloop
endfacet
facet normal 0.127643 0.0525451 -0.990427
outer loop
vertex 36.029 -2.17475e-18 0.188184
vertex 35.9914 -2.47197e-18 0.18333
vertex 36.9787 5.74264 0.615242
endloop
endfacet
facet normal 0.127643 0.0525451 -0.990427
outer loop
vertex 36.9787 5.74264 0.615242
vertex 35.9914 -2.47197e-18 0.18333
vertex 36.9681 5.74264 0.613873
endloop
endfacet
facet normal 0.126052 0.0528299 -0.990616
outer loop
vertex 35.9914 -2.47197e-18 0.18333
vertex 35.9514 -2.7832e-18 0.178248
vertex 36.9681 5.74264 0.613873
endloop
endfacet
facet normal 0.126052 0.0528299 -0.990616
outer loop
vertex 36.9681 5.74264 0.613873
vertex 35.9514 -2.7832e-18 0.178248
vertex 36.9568 5.74264 0.612438
endloop
endfacet
facet normal 0.124423 0.0531293 -0.990806
outer loop
vertex 35.9514 -2.7832e-18 0.178248
vertex 35.9093 -3.10741e-18 0.172953
vertex 36.9568 5.74264 0.612438
endloop
endfacet
facet normal 0.124423 0.0531293 -0.990806
outer loop
vertex 36.9568 5.74264 0.612438
vertex 35.9093 -3.10741e-18 0.172953
vertex 36.9449 5.74264 0.610944
endloop
endfacet
facet normal 0.122711 0.0534532 -0.991002
outer loop
vertex 35.9093 -3.10741e-18 0.172953
vertex 35.8649 -3.44343e-18 0.167465
vertex 36.9449 5.74264 0.610944
endloop
endfacet
facet normal 0.122711 0.0534532 -0.991002
outer loop
vertex 36.9449 5.74264 0.610944
vertex 35.8649 -3.44343e-18 0.167465
vertex 36.9324 5.74264 0.609396
endloop
endfacet
facet normal 0.120958 0.0537942 -0.991199
outer loop
vertex 35.8649 -3.44343e-18 0.167465
vertex 35.8185 -3.79017e-18 0.161803
vertex 36.9324 5.74264 0.609396
endloop
endfacet
facet normal 0.120958 0.0537942 -0.991199
outer loop
vertex 36.9324 5.74264 0.609396
vertex 35.8185 -3.79017e-18 0.161803
vertex 36.9193 5.74264 0.607798
endloop
endfacet
facet normal 0.119139 0.0541583 -0.991399
outer loop
vertex 35.8185 -3.79017e-18 0.161803
vertex 35.7701 -4.14646e-18 0.155984
vertex 36.9193 5.74264 0.607798
endloop
endfacet
facet normal 0.119139 0.0541583 -0.991399
outer loop
vertex 36.9193 5.74264 0.607798
vertex 35.7701 -4.14646e-18 0.155984
vertex 36.9057 5.74264 0.606156
endloop
endfacet
facet normal 0.117278 0.0545421 -0.9916
outer loop
vertex 35.7701 -4.14646e-18 0.155984
vertex 35.7198 -4.51115e-18 0.150028
vertex 36.9057 5.74264 0.606156
endloop
endfacet
facet normal 0.117278 0.0545421 -0.9916
outer loop
vertex 36.9057 5.74264 0.606156
vertex 35.7198 -4.51115e-18 0.150028
vertex 36.8914 5.74264 0.604475
endloop
endfacet
facet normal 0.115362 0.054949 -0.991802
outer loop
vertex 35.7198 -4.51115e-18 0.150028
vertex 35.6675 -4.88307e-18 0.143954
vertex 36.8914 5.74264 0.604475
endloop
endfacet
facet normal 0.115362 0.054949 -0.991802
outer loop
vertex 36.8914 5.74264 0.604475
vertex 35.6675 -4.88307e-18 0.143954
vertex 36.8767 5.74264 0.602761
endloop
endfacet
facet normal 0.113391 0.0553804 -0.992006
outer loop
vertex 35.6675 -4.88307e-18 0.143954
vertex 35.6135 -5.26103e-18 0.137782
vertex 36.8767 5.74264 0.602761
endloop
endfacet
facet normal 0.113391 0.0553804 -0.992006
outer loop
vertex 36.8767 5.74264 0.602761
vertex 35.6135 -5.26103e-18 0.137782
vertex 36.8615 5.74264 0.601019
endloop
endfacet
facet normal 0.111381 0.0558334 -0.992208
outer loop
vertex 35.6135 -5.26103e-18 0.137782
vertex 35.5578 -5.6439e-18 0.131529
vertex 36.8615 5.74264 0.601019
endloop
endfacet
facet normal 0.111381 0.0558334 -0.992208
outer loop
vertex 36.8615 5.74264 0.601019
vertex 35.5578 -5.6439e-18 0.131529
vertex 36.8458 5.74264 0.599254
endloop
endfacet
facet normal 0.109299 0.0563169 -0.992412
outer loop
vertex 35.5578 -5.6439e-18 0.131529
vertex 35.5005 -6.0304e-18 0.125217
vertex 36.8458 5.74264 0.599254
endloop
endfacet
facet normal 0.109299 0.0563169 -0.992412
outer loop
vertex 36.8458 5.74264 0.599254
vertex 35.5005 -6.0304e-18 0.125217
vertex 36.8296 5.74264 0.597473
endloop
endfacet
facet normal 0.107174 0.0568254 -0.992615
outer loop
vertex 35.5005 -6.0304e-18 0.125217
vertex 35.4417 -6.41938e-18 0.118864
vertex 36.8296 5.74264 0.597473
endloop
endfacet
facet normal 0.107174 0.0568254 -0.992615
outer loop
vertex 36.8296 5.74264 0.597473
vertex 35.4417 -6.41938e-18 0.118864
vertex 36.813 5.74264 0.59568
endloop
endfacet
facet normal 0.104981 0.0573661 -0.992818
outer loop
vertex 35.4417 -6.41938e-18 0.118864
vertex 35.3814 -6.80961e-18 0.112491
vertex 36.813 5.74264 0.59568
endloop
endfacet
facet normal 0.104981 0.0573661 -0.992818
outer loop
vertex 36.813 5.74264 0.59568
vertex 35.3814 -6.80961e-18 0.112491
vertex 36.796 5.74264 0.593882
endloop
endfacet
facet normal 0.102712 0.057942 -0.993022
outer loop
vertex 35.3814 -6.80961e-18 0.112491
vertex 35.3198 -7.19981e-18 0.106119
vertex 36.796 5.74264 0.593882
endloop
endfacet
facet normal 0.102712 0.057942 -0.993022
outer loop
vertex 36.796 5.74264 0.593882
vertex 35.3198 -7.19981e-18 0.106119
vertex 36.7786 5.74264 0.592084
endloop
endfacet
facet normal 0.100372 0.0585536 -0.993225
outer loop
vertex 35.3198 -7.19981e-18 0.106119
vertex 35.257 -7.58876e-18 0.099767
vertex 36.7786 5.74264 0.592084
endloop
endfacet
facet normal 0.100372 0.0585536 -0.993225
outer loop
vertex 36.7786 5.74264 0.592084
vertex 35.257 -7.58876e-18 0.099767
vertex 36.7608 5.74264 0.590291
endloop
endfacet
facet normal 0.0979446 0.0592068 -0.993429
outer loop
vertex 35.257 -7.58876e-18 0.099767
vertex 35.193 -7.97515e-18 0.0934567
vertex 36.7608 5.74264 0.590291
endloop
endfacet
facet normal 0.0979446 0.0592068 -0.993429
outer loop
vertex 36.7608 5.74264 0.590291
vertex 35.193 -7.97515e-18 0.0934567
vertex 36.7428 5.74264 0.58851
endloop
endfacet
facet normal 0.0954167 0.0599066 -0.993633
outer loop
vertex 35.193 -7.97515e-18 0.0934567
vertex 35.1279 -8.35766e-18 0.0872098
vertex 36.7428 5.74264 0.58851
endloop
endfacet
facet normal 0.0954167 0.0599066 -0.993633
outer loop
vertex 36.7428 5.74264 0.58851
vertex 35.1279 -8.35766e-18 0.0872098
vertex 36.7244 5.74264 0.586747
endloop
endfacet
facet normal 0.0927884 0.060655 -0.993837
outer loop
vertex 35.1279 -8.35766e-18 0.0872098
vertex 35.0619 -8.73499e-18 0.0810476
vertex 36.7244 5.74264 0.586747
endloop
endfacet
facet normal 0.0927884 0.060655 -0.993837
outer loop
vertex 36.7244 5.74264 0.586747
vertex 35.0619 -8.73499e-18 0.0810476
vertex 36.7058 5.74264 0.585008
endloop
endfacet
facet normal 0.0900378 0.0614602 -0.99404
outer loop
vertex 35.0619 -8.73499e-18 0.0810476
vertex 34.995 -9.10576e-18 0.0749924
vertex 36.7058 5.74264 0.585008
endloop
endfacet
facet normal 0.0900378 0.0614602 -0.99404
outer loop
vertex 36.7058 5.74264 0.585008
vertex 34.995 -9.10576e-18 0.0749924
vertex 36.6869 5.74264 0.5833
endloop
endfacet
facet normal 0.0871543 0.0623277 -0.994243
outer loop
vertex 34.995 -9.10576e-18 0.0749924
vertex 34.9274 -9.46858e-18 0.0690671
vertex 36.6869 5.74264 0.5833
endloop
endfacet
facet normal 0.0871543 0.0623277 -0.994243
outer loop
vertex 36.6869 5.74264 0.5833
vertex 34.9274 -9.46858e-18 0.0690671
vertex 36.6679 5.74264 0.581628
endloop
endfacet
facet normal 0.0841188 0.0632657 -0.994445
outer loop
vertex 34.9274 -9.46858e-18 0.0690671
vertex 34.8592 -9.82201e-18 0.0632952
vertex 36.6679 5.74264 0.581628
endloop
endfacet
facet normal 0.0841188 0.0632657 -0.994445
outer loop
vertex 36.6679 5.74264 0.581628
vertex 34.8592 -9.82201e-18 0.0632952
vertex 36.6486 5.74264 0.579999
endloop
endfacet
facet normal 0.0809179 0.0642812 -0.994646
outer loop
vertex 34.8592 -9.82201e-18 0.0632952
vertex 34.7904 -1.01646e-17 0.0577005
vertex 36.6486 5.74264 0.579999
endloop
endfacet
facet normal 0.0809179 0.0642812 -0.994646
outer loop
vertex 36.6486 5.74264 0.579999
vertex 34.7904 -1.01646e-17 0.0577005
vertex 36.6292 5.74264 0.57842
endloop
endfacet
facet normal 0.0775475 0.0653782 -0.994843
outer loop
vertex 34.7904 -1.01646e-17 0.0577005
vertex 34.7212 -1.04949e-17 0.0523064
vertex 36.6292 5.74264 0.57842
endloop
endfacet
facet normal 0.0775475 0.0653782 -0.994843
outer loop
vertex 36.6292 5.74264 0.57842
vertex 34.7212 -1.04949e-17 0.0523064
vertex 36.6097 5.74264 0.576898
endloop
endfacet
facet normal 0.0739738 0.066571 -0.995036
outer loop
vertex 34.7212 -1.04949e-17 0.0523064
vertex 34.6517 -1.08114e-17 0.0471379
vertex 36.6097 5.74264 0.576898
endloop
endfacet
facet normal 0.0739738 0.066571 -0.995036
outer loop
vertex 36.6097 5.74264 0.576898
vertex 34.6517 -1.08114e-17 0.0471379
vertex 36.59 5.74264 0.575439
endloop
endfacet
facet normal 0.07019 0.0678653 -0.995222
outer loop
vertex 34.6517 -1.08114e-17 0.0471379
vertex 34.582 -1.11125e-17 0.0422196
vertex 36.59 5.74264 0.575439
endloop
endfacet
facet normal 0.07019 0.0678653 -0.995222
outer loop
vertex 36.59 5.74264 0.575439
vertex 34.582 -1.11125e-17 0.0422196
vertex 36.5704 5.74264 0.574051
endloop
endfacet
facet normal 0.0661744 0.0692722 -0.995401
outer loop
vertex 34.582 -1.11125e-17 0.0422196
vertex 34.5121 -1.13968e-17 0.0375763
vertex 36.5704 5.74264 0.574051
endloop
endfacet
facet normal 0.0661744 0.0692722 -0.995401
outer loop
vertex 36.5704 5.74264 0.574051
vertex 34.5121 -1.13968e-17 0.0375763
vertex 36.5507 5.74264 0.572741
endloop
endfacet
facet normal 0.0619 0.0708051 -0.995568
outer loop
vertex 34.5121 -1.13968e-17 0.0375763
vertex 34.4423 -1.16627e-17 0.0332337
vertex 36.5507 5.74264 0.572741
endloop
endfacet
facet normal 0.0619 0.0708051 -0.995568
outer loop
vertex 36.5507 5.74264 0.572741
vertex 34.4423 -1.16627e-17 0.0332337
vertex 36.5309 5.74264 0.571515
endloop
endfacet
facet normal 0.0573668 0.0724681 -0.99572
outer loop
vertex 34.4423 -1.16627e-17 0.0332337
vertex 34.3726 -1.19088e-17 0.0292159
vertex 36.5309 5.74264 0.571515
endloop
endfacet
facet normal 0.0573668 0.0724681 -0.99572
outer loop
vertex 36.5309 5.74264 0.571515
vertex 34.3726 -1.19088e-17 0.0292159
vertex 36.5113 5.74264 0.570382
endloop
endfacet
facet normal 0.0525418 0.0742776 -0.995852
outer loop
vertex 34.3726 -1.19088e-17 0.0292159
vertex 34.303 -1.21334e-17 0.0255478
vertex 36.5113 5.74264 0.570382
endloop
endfacet
facet normal 0.0525418 0.0742776 -0.995852
outer loop
vertex 36.5113 5.74264 0.570382
vertex 34.303 -1.21334e-17 0.0255478
vertex 36.4916 5.74264 0.569346
endloop
endfacet
facet normal 0.0474104 0.0762436 -0.995961
outer loop
vertex 34.303 -1.21334e-17 0.0255478
vertex 34.2338 -1.23351e-17 0.0222538
vertex 36.4916 5.74264 0.569346
endloop
endfacet
facet normal 0.0474104 0.0762436 -0.995961
outer loop
vertex 36.4916 5.74264 0.569346
vertex 34.2338 -1.23351e-17 0.0222538
vertex 36.4721 5.74264 0.568417
endloop
endfacet
facet normal 0.0419483 0.0783801 -0.996041
outer loop
vertex 34.2338 -1.23351e-17 0.0222538
vertex 34.1651 -1.25124e-17 0.0193575
vertex 36.4721 5.74264 0.568417
endloop
endfacet
facet normal 0.0419483 0.0783801 -0.996041
outer loop
vertex 36.4721 5.74264 0.568417
vertex 34.1651 -1.25124e-17 0.0193575
vertex 36.4527 5.74264 0.5676
endloop
endfacet
facet normal 0.03614 0.0806979 -0.996083
outer loop
vertex 34.1651 -1.25124e-17 0.0193575
vertex 34.0968 -1.2664e-17 0.0168818
vertex 36.4527 5.74264 0.5676
endloop
endfacet
facet normal 0.03614 0.0806979 -0.996083
outer loop
vertex 36.4527 5.74264 0.5676
vertex 34.0968 -1.2664e-17 0.0168818
vertex 36.4335 5.74264 0.566901
endloop
endfacet
facet normal 0.029965 0.0832103 -0.996081
outer loop
vertex 34.0968 -1.2664e-17 0.0168818
vertex 34.0292 -1.27885e-17 0.0148483
vertex 36.4335 5.74264 0.566901
endloop
endfacet
facet normal 0.029965 0.0832103 -0.996081
outer loop
vertex 36.4335 5.74264 0.566901
vertex 34.0292 -1.27885e-17 0.0148483
vertex 36.4144 5.74264 0.566327
endloop
endfacet
facet normal 0.0234 0.0859317 -0.996026
outer loop
vertex 34.0292 -1.27885e-17 0.0148483
vertex 33.9624 -1.28847e-17 0.0132778
vertex 36.4144 5.74264 0.566327
endloop
endfacet
facet normal 0.0234 0.0859317 -0.996026
outer loop
vertex 36.4144 5.74264 0.566327
vertex 33.9624 -1.28847e-17 0.0132778
vertex 36.3955 5.74264 0.565884
endloop
endfacet
facet normal 0.0164284 0.0888741 -0.995907
outer loop
vertex 33.9624 -1.28847e-17 0.0132778
vertex 33.8964 -1.29514e-17 0.012189
vertex 36.3955 5.74264 0.565884
endloop
endfacet
facet normal 0.0164284 0.0888741 -0.995907
outer loop
vertex 36.3955 5.74264 0.565884
vertex 33.8964 -1.29514e-17 0.012189
vertex 36.3769 5.74264 0.565577
endloop
endfacet
facet normal 0.00901867 0.092056 -0.995713
outer loop
vertex 33.8964 -1.29514e-17 0.012189
vertex 33.8313 -1.29874e-17 0.0115998
vertex 36.3769 5.74264 0.565577
endloop
endfacet
facet normal 0.00901867 0.092056 -0.995713
outer loop
vertex 36.3769 5.74264 0.565577
vertex 33.8313 -1.29874e-17 0.0115998
vertex 36.3585 5.74264 0.56541
endloop
endfacet
facet normal 0.00115103 0.095491 -0.99543
outer loop
vertex 33.8313 -1.29874e-17 0.0115998
vertex 33.7673 -1.2992e-17 0.0115258
vertex 36.3585 5.74264 0.56541
endloop
endfacet
facet normal 0.00115103 0.095491 -0.99543
outer loop
vertex 36.3585 5.74264 0.56541
vertex 33.7673 -1.2992e-17 0.0115258
vertex 36.3405 5.74264 0.565389
endloop
endfacet
facet normal -0.00719302 0.0991924 -0.995042
outer loop
vertex 33.7673 -1.2992e-17 0.0115258
vertex 33.7045 -1.29641e-17 0.0119802
vertex 36.3405 5.74264 0.565389
endloop
endfacet
facet normal -0.00719302 0.0991924 -0.995042
outer loop
vertex 36.3405 5.74264 0.565389
vertex 33.7045 -1.29641e-17 0.0119802
vertex 36.3227 5.74264 0.565518
endloop
endfacet
facet normal -0.0160477 0.103181 -0.994533
outer loop
vertex 33.7045 -1.29641e-17 0.0119802
vertex 33.6429 -1.29033e-17 0.0129743
vertex 36.3227 5.74264 0.565518
endloop
endfacet
facet normal -0.0160477 0.103181 -0.994533
outer loop
vertex 36.3227 5.74264 0.565518
vertex 33.6429 -1.29033e-17 0.0129743
vertex 36.3053 5.74264 0.565798
endloop
endfacet
facet normal -0.0254416 0.107473 -0.993882
outer loop
vertex 33.6429 -1.29033e-17 0.0129743
vertex 33.5826 -1.28088e-17 0.0145171
vertex 36.3053 5.74264 0.565798
endloop
endfacet
facet normal -0.0254416 0.107473 -0.993882
outer loop
vertex 36.3053 5.74264 0.565798
vertex 33.5826 -1.28088e-17 0.0145171
vertex 36.2883 5.74264 0.566234
endloop
endfacet
facet normal -0.0354207 0.112097 -0.993066
outer loop
vertex 33.5826 -1.28088e-17 0.0145171
vertex 33.5238 -1.26803e-17 0.0166156
vertex 36.2883 5.74264 0.566234
endloop
endfacet
facet normal -0.0354207 0.112097 -0.993066
outer loop
vertex 36.2883 5.74264 0.566234
vertex 33.5238 -1.26803e-17 0.0166156
vertex 36.2717 5.74264 0.566826
endloop
endfacet
facet normal -0.0460015 0.117063 -0.992059
outer loop
vertex 33.5238 -1.26803e-17 0.0166156
vertex 33.4664 -1.25176e-17 0.0192732
vertex 36.2717 5.74264 0.566826
endloop
endfacet
facet normal -0.0460015 0.117063 -0.992059
outer loop
vertex 36.2717 5.74264 0.566826
vertex 33.4664 -1.25176e-17 0.0192732
vertex 36.2556 5.74264 0.567576
endloop
endfacet
facet normal -0.057243 0.122406 -0.990828
outer loop
vertex 33.4664 -1.25176e-17 0.0192732
vertex 33.4107 -1.23205e-17 0.0224911
vertex 36.2556 5.74264 0.567576
endloop
endfacet
facet normal -0.057243 0.122406 -0.990828
outer loop
vertex 36.2556 5.74264 0.567576
vertex 33.4107 -1.23205e-17 0.0224911
vertex 36.2398 5.74264 0.568484
endloop
endfacet
facet normal -0.0692085 0.128159 -0.989336
outer loop
vertex 33.4107 -1.23205e-17 0.0224911
vertex 33.3567 -1.20892e-17 0.0262687
vertex 36.2398 5.74264 0.568484
endloop
endfacet
facet normal -0.0692085 0.128159 -0.989336
outer loop
vertex 36.2398 5.74264 0.568484
vertex 33.3567 -1.20892e-17 0.0262687
vertex 36.2246 5.74264 0.56955
endloop
endfacet
facet normal -0.0819362 0.134345 -0.987541
outer loop
vertex 33.3567 -1.20892e-17 0.0262687
vertex 33.3045 -1.18239e-17 0.0306014
vertex 36.2246 5.74264 0.56955
endloop
endfacet
facet normal -0.0819362 0.134345 -0.987541
outer loop
vertex 36.2246 5.74264 0.56955
vertex 33.3045 -1.18239e-17 0.0306014
vertex 36.2099 5.74264 0.570773
endloop
endfacet
facet normal -0.0955172 0.141013 -0.985389
outer loop
vertex 33.3045 -1.18239e-17 0.0306014
vertex 33.2542 -1.1525e-17 0.0354827
vertex 36.2099 5.74264 0.570773
endloop
endfacet
facet normal -0.0955172 0.141013 -0.985389
outer loop
vertex 36.2099 5.74264 0.570773
vertex 33.2542 -1.1525e-17 0.0354827
vertex 36.1957 5.74264 0.57215
endloop
endfacet
facet normal -0.11004 0.148212 -0.982815
outer loop
vertex 33.2542 -1.1525e-17 0.0354827
vertex 33.2057 -1.11931e-17 0.0409038
vertex 36.1957 5.74264 0.57215
endloop
endfacet
facet normal -0.11004 0.148212 -0.982815
outer loop
vertex 36.1957 5.74264 0.57215
vertex 33.2057 -1.11931e-17 0.0409038
vertex 36.182 5.74264 0.57368
endloop
endfacet
facet normal -0.125621 0.156001 -0.979736
outer loop
vertex 33.2057 -1.11931e-17 0.0409038
vertex 33.1593 -1.08288e-17 0.0468536
vertex 36.182 5.74264 0.57368
endloop
endfacet
facet normal -0.125621 0.156001 -0.979736
outer loop
vertex 36.182 5.74264 0.57368
vertex 33.1593 -1.08288e-17 0.0468536
vertex 36.1689 5.74264 0.575359
endloop
endfacet
facet normal -0.142386 0.164449 -0.976055
outer loop
vertex 33.1593 -1.08288e-17 0.0468536
vertex 33.115 -1.04329e-17 0.0533187
vertex 36.1689 5.74264 0.575359
endloop
endfacet
facet normal -0.142386 0.164449 -0.976055
outer loop
vertex 36.1689 5.74264 0.575359
vertex 33.115 -1.04329e-17 0.0533187
vertex 36.1564 5.74264 0.577183
endloop
endfacet
facet normal -0.16049 0.173634 -0.971645
outer loop
vertex 33.115 -1.04329e-17 0.0533187
vertex 33.0729 -1.00065e-17 0.0602829
vertex 36.1564 5.74264 0.577183
endloop
endfacet
facet normal -0.16049 0.173634 -0.971645
outer loop
vertex 36.1564 5.74264 0.577183
vertex 33.0729 -1.00065e-17 0.0602829
vertex 36.1445 5.74264 0.579149
endloop
endfacet
facet normal -0.180153 0.183672 -0.966338
outer loop
vertex 33.0729 -1.00065e-17 0.0602829
vertex 33.0329 -9.55048e-18 0.0677296
vertex 36.1445 5.74264 0.579149
endloop
endfacet
facet normal -0.180153 0.183672 -0.966338
outer loop
vertex 36.1445 5.74264 0.579149
vertex 33.0329 -9.55048e-18 0.0677296
vertex 36.1332 5.74264 0.58125
endloop
endfacet
facet normal -0.201601 0.194678 -0.959926
outer loop
vertex 33.0329 -9.55048e-18 0.0677296
vertex 32.9953 -9.06613e-18 0.0756396
vertex 36.1332 5.74264 0.58125
endloop
endfacet
facet normal -0.201601 0.194678 -0.959926
outer loop
vertex 36.1332 5.74264 0.58125
vertex 32.9953 -9.06613e-18 0.0756396
vertex 36.1226 5.74264 0.583482
endloop
endfacet
facet normal -0.225171 0.206823 -0.952115
outer loop
vertex 32.9953 -9.06613e-18 0.0756396
vertex 32.9599 -8.55459e-18 0.0839936
vertex 36.1226 5.74264 0.583482
endloop
endfacet
facet normal -0.225171 0.206823 -0.952115
outer loop
vertex 36.1226 5.74264 0.583482
vertex 32.9599 -8.55459e-18 0.0839936
vertex 36.1126 5.74264 0.58584
endloop
endfacet
facet normal -0.251212 0.220282 -0.942533
outer loop
vertex 32.9599 -8.55459e-18 0.0839936
vertex 32.927 -8.01715e-18 0.0927707
vertex 36.1126 5.74264 0.58584
endloop
endfacet
facet normal -0.251212 0.220282 -0.942533
outer loop
vertex 36.1126 5.74264 0.58584
vertex 32.927 -8.01715e-18 0.0927707
vertex 36.1033 5.74264 0.588317
endloop
endfacet
facet normal -0.280198 0.23529 -0.93066
outer loop
vertex 32.927 -8.01715e-18 0.0927707
vertex 32.8965 -7.45511e-18 0.10195
vertex 36.1033 5.74264 0.588317
endloop
endfacet
facet normal -0.280198 0.23529 -0.93066
outer loop
vertex 36.1033 5.74264 0.588317
vertex 32.8965 -7.45511e-18 0.10195
vertex 36.0947 5.74264 0.590907
endloop
endfacet
facet normal -0.312674 0.252111 -0.915792
outer loop
vertex 32.8965 -7.45511e-18 0.10195
vertex 32.8685 -6.86983e-18 0.111508
vertex 36.0947 5.74264 0.590907
endloop
endfacet
facet normal -0.312674 0.252111 -0.915792
outer loop
vertex 36.0947 5.74264 0.590907
vertex 32.8685 -6.86983e-18 0.111508
vertex 36.0868 5.74264 0.593604
endloop
endfacet
facet normal -0.349359 0.271085 -0.896917
outer loop
vertex 32.8685 -6.86983e-18 0.111508
vertex 32.8431 -6.26256e-18 0.121425
vertex 36.0868 5.74264 0.593604
endloop
endfacet
facet normal -0.349359 0.271085 -0.896917
outer loop
vertex 36.0868 5.74264 0.593604
vertex 32.8431 -6.26256e-18 0.121425
vertex 36.0796 5.74264 0.596403
endloop
endfacet
facet normal -0.390983 0.292539 -0.87267
outer loop
vertex 32.8431 -6.26256e-18 0.121425
vertex 32.8202 -5.63466e-18 0.13168
vertex 36.0796 5.74264 0.596403
endloop
endfacet
facet normal -0.390983 0.292539 -0.87267
outer loop
vertex 36.0796 5.74264 0.596403
vertex 32.8202 -5.63466e-18 0.13168
vertex 36.0732 5.74264 0.599297
endloop
endfacet
facet normal -0.438459 0.316858 -0.841044
outer loop
vertex 32.8202 -5.63466e-18 0.13168
vertex 32.7999 -4.98732e-18 0.142252
vertex 36.0732 5.74264 0.599297
endloop
endfacet
facet normal -0.438459 0.316858 -0.841044
outer loop
vertex 36.0732 5.74264 0.599297
vertex 32.7999 -4.98732e-18 0.142252
vertex 36.0675 5.74264 0.60228
endloop
endfacet
facet normal -0.492536 0.344283 -0.799298
outer loop
vertex 32.7999 -4.98732e-18 0.142252
vertex 32.7823 -4.32178e-18 0.153121
vertex 36.0675 5.74264 0.60228
endloop
endfacet
facet normal -0.492536 0.344283 -0.799298
outer loop
vertex 36.0675 5.74264 0.60228
vertex 32.7823 -4.32178e-18 0.153121
vertex 36.0625 5.74264 0.605348
endloop
endfacet
facet normal -0.553737 0.374851 -0.743547
outer loop
vertex 32.7823 -4.32178e-18 0.153121
vertex 32.7673 -3.63908e-18 0.16427
vertex 36.0625 5.74264 0.605348
endloop
endfacet
facet normal -0.553737 0.374851 -0.743547
outer loop
vertex 36.0625 5.74264 0.605348
vertex 32.7673 -3.63908e-18 0.16427
vertex 36.0583 5.74264 0.608494
endloop
endfacet
facet normal -0.62151 0.407911 -0.66883
outer loop
vertex 32.7673 -3.63908e-18 0.16427
vertex 32.755 -2.94028e-18 0.175682
vertex 36.0583 5.74264 0.608494
endloop
endfacet
facet normal -0.62151 0.407911 -0.66883
outer loop
vertex 36.0583 5.74264 0.608494
vertex 32.755 -2.94028e-18 0.175682
vertex 36.0548 5.74264 0.611714
endloop
endfacet
facet normal -0.693476 0.441699 -0.569204
outer loop
vertex 32.755 -2.94028e-18 0.175682
vertex 32.7454 -2.22626e-18 0.187343
vertex 36.0548 5.74264 0.611714
endloop
endfacet
facet normal -0.693476 0.441699 -0.569204
outer loop
vertex 36.0548 5.74264 0.611714
vertex 32.7454 -2.22626e-18 0.187343
vertex 36.0521 5.74264 0.615005
endloop
endfacet
facet normal -0.763811 0.47255 -0.439646
outer loop
vertex 32.7454 -2.22626e-18 0.187343
vertex 32.7386 -1.49781e-18 0.19924
vertex 36.0521 5.74264 0.615005
endloop
endfacet
facet normal -0.763811 0.47255 -0.439646
outer loop
vertex 36.0521 5.74264 0.615005
vertex 32.7386 -1.49781e-18 0.19924
vertex 36.0502 5.74264 0.618362
endloop
endfacet
facet normal -0.822884 0.494903 -0.279166
outer loop
vertex 32.7386 -1.49781e-18 0.19924
vertex 32.7345 -7.55551e-19 0.211362
vertex 36.0502 5.74264 0.618362
endloop
endfacet
facet normal -0.822884 0.494903 -0.279166
outer loop
vertex 36.0502 5.74264 0.618362
vertex 32.7345 -7.55551e-19 0.211362
vertex 36.049 5.74264 0.621783
endloop
endfacet
facet normal -0.85916 0.502715 -0.0955063
outer loop
vertex 32.7345 -7.55551e-19 0.211362
vertex 32.7331 0 0.223701
vertex 36.049 5.74264 0.621783
endloop
endfacet
facet normal -0.85916 0.502715 -0.0955063
outer loop
vertex 36.049 5.74264 0.621783
vertex 32.7331 0 0.223701
vertex 36.0486 5.74264 0.625265
endloop
endfacet
endsolid
solid
facet normal 0.811439 0.57595 -0.0992392
outer loop
vertex 0.0680756 -0.24825 -0.957581
vertex 0.0680756 -0.235184 -0.881751
vertex 0.19285 -0.41837 -0.924669
endloop
endfacet
facet normal 0.81199 0.575657 -0.0963862
outer loop
vertex 0.19285 -0.41837 -0.924669
vertex 0.0680756 -0.235184 -0.881751
vertex 0.19285 -0.396351 -0.79316
endloop
endfacet
facet normal 0.826432 0.516067 -0.225133
outer loop
vertex 0.0680756 -0.235184 -0.881751
vertex 0.0680756 -0.222119 -0.851801
vertex 0.19285 -0.396351 -0.79316
endloop
endfacet
facet normal 0.826655 0.51808 -0.219625
outer loop
vertex 0.19285 -0.396351 -0.79316
vertex 0.0680756 -0.222119 -0.851801
vertex 0.19285 -0.374331 -0.741217
endloop
endfacet
facet normal 0.832312 0.476374 -0.283415
outer loop
vertex 0.0680756 -0.222119 -0.851801
vertex 0.0680756 -0.209053 -0.829839
vertex 0.19285 -0.374331 -0.741217
endloop
endfacet
facet normal 0.832435 0.479722 -0.277343
outer loop
vertex 0.19285 -0.374331 -0.741217
vertex 0.0680756 -0.209053 -0.829839
vertex 0.19285 -0.352312 -0.70313
endloop
endfacet
facet normal 0.836583 0.440224 -0.326085
outer loop
vertex 0.0680756 -0.209053 -0.829839
vertex 0.0680756 -0.195987 -0.8122
vertex 0.19285 -0.352312 -0.70313
endloop
endfacet
facet normal 0.836657 0.444543 -0.31998
outer loop
vertex 0.19285 -0.352312 -0.70313
vertex 0.0680756 -0.195987 -0.8122
vertex 0.19285 -0.330292 -0.672539
endloop
endfacet
facet normal 0.839964 0.406216 -0.359791
outer loop
vertex 0.0680756 -0.195987 -0.8122
vertex 0.0680756 -0.182921 -0.797448
vertex 0.19285 -0.330292 -0.672539
endloop
endfacet
facet normal 0.840015 0.411223 -0.353935
outer loop
vertex 0.19285 -0.330292 -0.672539
vertex 0.0680756 -0.182921 -0.797448
vertex 0.19285 -0.308273 -0.646955
endloop
endfacet
facet normal 0.842746 0.373759 -0.387405
outer loop
vertex 0.0680756 -0.182921 -0.797448
vertex 0.0680756 -0.169855 -0.784843
vertex 0.19285 -0.308273 -0.646955
endloop
endfacet
facet normal 0.842791 0.379222 -0.381961
outer loop
vertex 0.19285 -0.308273 -0.646955
vertex 0.0680756 -0.169855 -0.784843
vertex 0.19285 -0.286253 -0.625093
endloop
endfacet
facet normal 0.845087 0.342516 -0.4105
outer loop
vertex 0.0680756 -0.169855 -0.784843
vertex 0.0680756 -0.15679 -0.773941
vertex 0.19285 -0.286253 -0.625093
endloop
endfacet
facet normal 0.845133 0.348236 -0.405563
outer loop
vertex 0.19285 -0.286253 -0.625093
vertex 0.0680756 -0.15679 -0.773941
vertex 0.19285 -0.264234 -0.606186
endloop
endfacet
facet normal 0.847081 0.31226 -0.430054
outer loop
vertex 0.0680756 -0.15679 -0.773941
vertex 0.0680756 -0.143724 -0.764454
vertex 0.19285 -0.264234 -0.606186
endloop
endfacet
facet normal 0.847133 0.318067 -0.425674
outer loop
vertex 0.19285 -0.264234 -0.606186
vertex 0.0680756 -0.143724 -0.764454
vertex 0.19285 -0.242214 -0.589733
endloop
endfacet
facet normal 0.848792 0.282827 -0.446723
outer loop
vertex 0.0680756 -0.143724 -0.764454
vertex 0.0680756 -0.130658 -0.756182
vertex 0.19285 -0.242214 -0.589733
endloop
endfacet
facet normal 0.848852 0.288571 -0.442918
outer loop
vertex 0.19285 -0.242214 -0.589733
vertex 0.0680756 -0.130658 -0.756182
vertex 0.19285 -0.220195 -0.575387
endloop
endfacet
facet normal 0.850263 0.254086 -0.46097
outer loop
vertex 0.0680756 -0.130658 -0.756182
vertex 0.0680756 -0.117592 -0.74898
vertex 0.19285 -0.220195 -0.575387
endloop
endfacet
facet normal 0.850332 0.25964 -0.457737
outer loop
vertex 0.19285 -0.220195 -0.575387
vertex 0.0680756 -0.117592 -0.74898
vertex 0.19285 -0.198175 -0.562897
endloop
endfacet
facet normal 0.851526 0.225933 -0.473135
outer loop
vertex 0.0680756 -0.117592 -0.74898
vertex 0.0680756 -0.104526 -0.742741
vertex 0.19285 -0.198175 -0.562897
endloop
endfacet
facet normal 0.851603 0.231184 -0.470454
outer loop
vertex 0.19285 -0.198175 -0.562897
vertex 0.0680756 -0.104526 -0.742741
vertex 0.19285 -0.176156 -0.552077
endloop
endfacet
facet normal 0.852607 0.198278 -0.483474
outer loop
vertex 0.0680756 -0.104526 -0.742741
vertex 0.0680756 -0.0914606 -0.737382
vertex 0.19285 -0.176156 -0.552077
endloop
endfacet
facet normal 0.852689 0.20313 -0.481311
outer loop
vertex 0.19285 -0.176156 -0.552077
vertex 0.0680756 -0.0914606 -0.737382
vertex 0.19285 -0.154136 -0.542784
endloop
endfacet
facet normal 0.853524 0.171043 -0.49218
outer loop
vertex 0.0680756 -0.0914606 -0.737382
vertex 0.0680756 -0.0783948 -0.732842
vertex 0.19285 -0.154136 -0.542784
endloop
endfacet
facet normal 0.853608 0.175414 -0.490494
outer loop
vertex 0.19285 -0.154136 -0.542784
vertex 0.0680756 -0.0783948 -0.732842
vertex 0.19285 -0.132117 -0.534909
endloop
endfacet
facet normal 0.85429 0.144161 -0.499406
outer loop
vertex 0.0680756 -0.0783948 -0.732842
vertex 0.0680756 -0.065329 -0.72907
vertex 0.19285 -0.132117 -0.534909
endloop
endfacet
facet normal 0.854373 0.147978 -0.498147
outer loop
vertex 0.19285 -0.132117 -0.534909
vertex 0.0680756 -0.065329 -0.72907
vertex 0.19285 -0.110097 -0.528368
endloop
endfacet
facet normal 0.854916 0.117567 -0.505268
outer loop
vertex 0.0680756 -0.065329 -0.72907
vertex 0.0680756 -0.0522632 -0.72603
vertex 0.19285 -0.110097 -0.528368
endloop
endfacet
facet normal 0.854994 0.120773 -0.504379
outer loop
vertex 0.19285 -0.110097 -0.528368
vertex 0.0680756 -0.0522632 -0.72603
vertex 0.19285 -0.088078 -0.523095
endloop
endfacet
facet normal 0.855412 0.0912051 -0.509854
outer loop
vertex 0.0680756 -0.0522632 -0.72603
vertex 0.0680756 -0.0391974 -0.723693
vertex 0.19285 -0.088078 -0.523095
endloop
endfacet
facet normal 0.855481 0.0937507 -0.509277
outer loop
vertex 0.19285 -0.088078 -0.523095
vertex 0.0680756 -0.0391974 -0.723693
vertex 0.19285 -0.0660585 -0.519042
endloop
endfacet
facet normal 0.855783 0.0650204 -0.513232
outer loop
vertex 0.0680756 -0.0391974 -0.723693
vertex 0.0680756 -0.0261316 -0.722037
vertex 0.19285 -0.0660585 -0.519042
endloop
endfacet
facet normal 0.855838 0.066868 -0.512903
outer loop
vertex 0.19285 -0.0660585 -0.519042
vertex 0.0680756 -0.0261316 -0.722037
vertex 0.19285 -0.044039 -0.516171
endloop
endfacet
facet normal 0.856034 0.0389614 -0.515449
outer loop
vertex 0.0680756 -0.0261316 -0.722037
vertex 0.0680756 -0.0130658 -0.72105
vertex 0.19285 -0.044039 -0.516171
endloop
endfacet
facet normal 0.856071 0.0400828 -0.515302
outer loop
vertex 0.19285 -0.044039 -0.516171
vertex 0.0680756 -0.0130658 -0.72105
vertex 0.19285 -0.0220195 -0.514458
endloop
endfacet
facet normal 0.856168 0.0129783 -0.516535
outer loop
vertex 0.0680756 -0.0130658 -0.72105
vertex 0.0680756 -4.16843e-18 -0.720721
vertex 0.19285 -0.0220195 -0.514458
endloop
endfacet
facet normal 0.856181 0.0133548 -0.516503
outer loop
vertex 0.19285 -0.0220195 -0.514458
vertex 0.0680756 -4.16843e-18 -0.720721
vertex 0.19285 -1.18087e-17 -0.513889
endloop
endfacet
facet normal 0.856186 -0.0129776 -0.516505
outer loop
vertex 0.0680756 -4.16843e-18 -0.720721
vertex 0.0680756 0.0130658 -0.72105
vertex 0.19285 -1.18087e-17 -0.513889
endloop
endfacet
facet normal 0.856171 -0.0133553 -0.51652
outer loop
vertex 0.19285 -1.18087e-17 -0.513889
vertex 0.0680756 0.0130658 -0.72105
vertex 0.19285 0.0220195 -0.514458
endloop
endfacet
facet normal 0.856088 -0.0389547 -0.515361
outer loop
vertex 0.0680756 0.0130658 -0.72105
vertex 0.0680756 0.0261316 -0.722037
vertex 0.19285 0.0220195 -0.514458
endloop
endfacet
facet normal 0.856039 -0.0400868 -0.515354
outer loop
vertex 0.19285 0.0220195 -0.514458
vertex 0.0680756 0.0261316 -0.722037
vertex 0.19285 0.044039 -0.516171
endloop
endfacet
facet normal 0.855873 -0.0650018 -0.513086
outer loop
vertex 0.0680756 0.0261316 -0.722037
vertex 0.0680756 0.0391974 -0.723693
vertex 0.19285 0.044039 -0.516171
endloop
endfacet
facet normal 0.855786 -0.0668793 -0.51299
outer loop
vertex 0.19285 0.044039 -0.516171
vertex 0.0680756 0.0391974 -0.723693
vertex 0.19285 0.0660585 -0.519042
endloop
endfacet
facet normal 0.855538 -0.0911686 -0.50965
outer loop
vertex 0.0680756 0.0391974 -0.723693
vertex 0.0680756 0.0522632 -0.72603
vertex 0.19285 0.0660585 -0.519042
endloop
endfacet
facet normal 0.855407 -0.093773 -0.509398
outer loop
vertex 0.19285 0.0660585 -0.519042
vertex 0.0680756 0.0522632 -0.72603
vertex 0.19285 0.088078 -0.523095
endloop
endfacet
facet normal 0.855079 -0.117507 -0.505008
outer loop
vertex 0.0680756 0.0522632 -0.72603
vertex 0.0680756 0.065329 -0.72907
vertex 0.19285 0.088078 -0.523095
endloop
endfacet
facet normal 0.854898 -0.12081 -0.504533
outer loop
vertex 0.19285 0.088078 -0.523095
vertex 0.0680756 0.065329 -0.72907
vertex 0.19285 0.110097 -0.528368
endloop
endfacet
facet normal 0.854489 -0.14407 -0.499091
outer loop
vertex 0.0680756 0.065329 -0.72907
vertex 0.0680756 0.0783948 -0.732842
vertex 0.19285 0.110097 -0.528368
endloop
endfacet
facet normal 0.854254 -0.148033 -0.498333
outer loop
vertex 0.19285 0.110097 -0.528368
vertex 0.0680756 0.0783948 -0.732842
vertex 0.19285 0.132117 -0.534909
endloop
endfacet
facet normal 0.853762 -0.170915 -0.491812
outer loop
vertex 0.0680756 0.0783948 -0.732842
vertex 0.0680756 0.0914606 -0.737382
vertex 0.19285 0.132117 -0.534909
endloop
endfacet
facet normal 0.853467 -0.175491 -0.490711
outer loop
vertex 0.19285 0.132117 -0.534909
vertex 0.0680756 0.0914606 -0.737382
vertex 0.19285 0.154136 -0.542784
endloop
endfacet
facet normal 0.852885 -0.198106 -0.483054
outer loop
vertex 0.0680756 0.0914606 -0.737382
vertex 0.0680756 0.104526 -0.742741
vertex 0.19285 0.154136 -0.542784
endloop
endfacet
facet normal 0.852525 -0.203234 -0.481557
outer loop
vertex 0.19285 0.154136 -0.542784
vertex 0.0680756 0.104526 -0.742741
vertex 0.19285 0.176156 -0.552077
endloop
endfacet
facet normal 0.851845 -0.22571 -0.472669
outer loop
vertex 0.0680756 0.104526 -0.742741
vertex 0.0680756 0.117592 -0.74898
vertex 0.19285 0.176156 -0.552077
endloop
endfacet
facet normal 0.851415 -0.231319 -0.470728
outer loop
vertex 0.19285 0.176156 -0.552077
vertex 0.0680756 0.117592 -0.74898
vertex 0.19285 0.198175 -0.562897
endloop
endfacet
facet normal 0.850623 -0.253805 -0.46046
outer loop
vertex 0.0680756 0.117592 -0.74898
vertex 0.0680756 0.130658 -0.756182
vertex 0.19285 0.198175 -0.562897
endloop
endfacet
facet normal 0.850119 -0.25981 -0.458036
outer loop
vertex 0.19285 0.198175 -0.562897
vertex 0.0680756 0.130658 -0.756182
vertex 0.19285 0.220195 -0.575387
endloop
endfacet
facet normal 0.849197 -0.282479 -0.446174
outer loop
vertex 0.0680756 0.130658 -0.756182
vertex 0.0680756 0.143724 -0.764454
vertex 0.19285 0.220195 -0.575387
endloop
endfacet
facet normal 0.848613 -0.288781 -0.44324
outer loop
vertex 0.19285 0.220195 -0.575387
vertex 0.0680756 0.143724 -0.764454
vertex 0.19285 0.242214 -0.589733
endloop
endfacet
facet normal 0.847533 -0.311837 -0.429471
outer loop
vertex 0.0680756 0.143724 -0.764454
vertex 0.0680756 0.15679 -0.773941
vertex 0.19285 0.242214 -0.589733
endloop
endfacet
facet normal 0.846867 -0.31832 -0.426014
outer loop
vertex 0.19285 0.242214 -0.589733
vertex 0.0680756 0.15679 -0.773941
vertex 0.19285 0.264234 -0.606186
endloop
endfacet
facet normal 0.845589 -0.342008 -0.409891
outer loop
vertex 0.0680756 0.15679 -0.773941
vertex 0.0680756 0.169855 -0.784843
vertex 0.19285 0.264234 -0.606186
endloop
endfacet
facet normal 0.844838 -0.348539 -0.405917
outer loop
vertex 0.19285 0.264234 -0.606186
vertex 0.0680756 0.169855 -0.784843
vertex 0.19285 0.286253 -0.625093
endloop
endfacet
facet normal 0.843301 -0.373156 -0.38678
outer loop
vertex 0.0680756 0.169855 -0.784843
vertex 0.0680756 0.182921 -0.797448
vertex 0.19285 0.286253 -0.625093
endloop
endfacet
facet normal 0.842465 -0.379581 -0.382323
outer loop
vertex 0.19285 0.286253 -0.625093
vertex 0.0680756 0.182921 -0.797448
vertex 0.19285 0.308273 -0.646955
endloop
endfacet
facet normal 0.840576 -0.405506 -0.359162
outer loop
vertex 0.0680756 0.182921 -0.797448
vertex 0.0680756 0.195987 -0.8122
vertex 0.19285 0.308273 -0.646955
endloop
endfacet
facet normal 0.839656 -0.411644 -0.354297
outer loop
vertex 0.19285 0.308273 -0.646955
vertex 0.0680756 0.195987 -0.8122
vertex 0.19285 0.330292 -0.672539
endloop
endfacet
facet normal 0.837259 -0.439394 -0.32547
outer loop
vertex 0.0680756 0.195987 -0.8122
vertex 0.0680756 0.209053 -0.829839
vertex 0.19285 0.330292 -0.672539
endloop
endfacet
facet normal 0.836262 -0.445032 -0.320333
outer loop
vertex 0.19285 0.330292 -0.672539
vertex 0.0680756 0.209053 -0.829839
vertex 0.19285 0.352312 -0.70313
endloop
endfacet
facet normal 0.833061 -0.475407 -0.282839
outer loop
vertex 0.0680756 0.209053 -0.829839
vertex 0.0680756 0.222119 -0.851801
vertex 0.19285 0.352312 -0.70313
endloop
endfacet
facet normal 0.831998 -0.48029 -0.277671
outer loop
vertex 0.19285 0.352312 -0.70313
vertex 0.0680756 0.222119 -0.851801
vertex 0.19285 0.374331 -0.741217
endloop
endfacet
facet normal 0.813114 -0.565116 -0.139605
outer loop
vertex 0.0680756 0.222119 -0.851801
vertex 0.0680756 0.24825 -0.957581
vertex 0.19285 0.374331 -0.741217
endloop
endfacet
facet normal 0.811222 -0.568584 -0.136493
outer loop
vertex 0.19285 0.374331 -0.741217
vertex 0.0680756 0.24825 -0.957581
vertex 0.19285 0.41837 -0.924669
endloop
endfacet
facet normal 0.798355 -0.598473 0.0667841
outer loop
vertex 0.0680756 0.24825 -0.957581
vertex 0.0680756 0.235184 -1.07467
vertex 0.19285 0.41837 -0.924669
endloop
endfacet
facet normal 0.799458 -0.597261 0.0643869
outer loop
vertex 0.19285 0.41837 -0.924669
vertex 0.0680756 0.235184 -1.07467
vertex 0.19285 0.396351 -1.12892
endloop
endfacet
facet normal 0.805907 -0.56974 0.160968
outer loop
vertex 0.0680756 0.235184 -1.07467
vertex 0.0680756 0.222119 -1.12091
vertex 0.19285 0.396351 -1.12892
endloop
endfacet
facet normal 0.806482 -0.570394 0.155683
outer loop
vertex 0.19285 0.396351 -1.12892
vertex 0.0680756 0.222119 -1.12091
vertex 0.19285 0.374331 -1.2096
endloop
endfacet
facet normal 0.812527 -0.543944 0.209585
outer loop
vertex 0.0680756 0.222119 -1.12091
vertex 0.0680756 0.209053 -1.15482
vertex 0.19285 0.374331 -1.2096
endloop
endfacet
facet normal 0.812659 -0.546132 0.203286
outer loop
vertex 0.19285 0.374331 -1.2096
vertex 0.0680756 0.209053 -1.15482
vertex 0.19285 0.352312 -1.26876
endloop
endfacet
facet normal 0.819526 -0.516667 0.247855
outer loop
vertex 0.0680756 0.209053 -1.15482
vertex 0.0680756 0.195987 -1.18206
vertex 0.19285 0.352312 -1.26876
endloop
endfacet
facet normal 0.81929 -0.520228 0.241094
outer loop
vertex 0.19285 0.352312 -1.26876
vertex 0.0680756 0.195987 -1.18206
vertex 0.19285 0.330292 -1.31627
endloop
endfacet
facet normal 0.826622 -0.488149 0.280012
outer loop
vertex 0.0680756 0.195987 -1.18206
vertex 0.0680756 0.182921 -1.20484
vertex 0.19285 0.330292 -1.31627
endloop
endfacet
facet normal 0.8261 -0.492902 0.273142
outer loop
vertex 0.19285 0.330292 -1.31627
vertex 0.0680756 0.182921 -1.20484
vertex 0.19285 0.308273 -1.356
endloop
endfacet
facet normal 0.833638 -0.458572 0.307831
outer loop
vertex 0.0680756 0.182921 -1.20484
vertex 0.0680756 0.169855 -1.2243
vertex 0.19285 0.308273 -1.356
endloop
endfacet
facet normal 0.832913 -0.464316 0.301108
outer loop
vertex 0.19285 0.308273 -1.356
vertex 0.0680756 0.169855 -1.2243
vertex 0.19285 0.286253 -1.38996
endloop
endfacet
facet normal 0.840454 -0.428067 0.332258
outer loop
vertex 0.0680756 0.169855 -1.2243
vertex 0.0680756 0.15679 -1.24114
vertex 0.19285 0.286253 -1.38996
endloop
endfacet
facet normal 0.839606 -0.43459 0.325872
outer loop
vertex 0.19285 0.286253 -1.38996
vertex 0.0680756 0.15679 -1.24114
vertex 0.19285 0.264234 -1.41933
endloop
endfacet
facet normal 0.846984 -0.396734 0.353865
outer loop
vertex 0.0680756 0.15679 -1.24114
vertex 0.0680756 0.143724 -1.25578
vertex 0.19285 0.264234 -1.41933
endloop
endfacet
facet normal 0.846083 -0.403817 0.347958
outer loop
vertex 0.19285 0.264234 -1.41933
vertex 0.0680756 0.143724 -1.25578
vertex 0.19285 0.242214 -1.44488
endloop
endfacet
facet normal 0.853158 -0.364658 0.373022
outer loop
vertex 0.0680756 0.143724 -1.25578
vertex 0.0680756 0.130658 -1.26856
vertex 0.19285 0.242214 -1.44488
endloop
endfacet
facet normal 0.852266 -0.372079 0.367696
outer loop
vertex 0.19285 0.242214 -1.44488
vertex 0.0680756 0.130658 -1.26856
vertex 0.19285 0.220195 -1.46716
endloop
endfacet
facet normal 0.858921 -0.331913 0.389985
outer loop
vertex 0.0680756 0.130658 -1.26856
vertex 0.0680756 0.117592 -1.27968
vertex 0.19285 0.220195 -1.46716
endloop
endfacet
facet normal 0.858087 -0.339451 0.385305
outer loop
vertex 0.19285 0.220195 -1.46716
vertex 0.0680756 0.117592 -1.27968
vertex 0.19285 0.198175 -1.48656
endloop
endfacet
facet normal 0.864226 -0.298569 0.404931
outer loop
vertex 0.0680756 0.117592 -1.27968
vertex 0.0680756 0.104526 -1.28931
vertex 0.19285 0.198175 -1.48656
endloop
endfacet
facet normal 0.863488 -0.306007 0.400933
outer loop
vertex 0.19285 0.198175 -1.48656
vertex 0.0680756 0.104526 -1.28931
vertex 0.19285 0.176156 -1.50337
endloop
endfacet
facet normal 0.869035 -0.264691 0.417992
outer loop
vertex 0.0680756 0.104526 -1.28931
vertex 0.0680756 0.0914606 -1.29758
vertex 0.19285 0.176156 -1.50337
endloop
endfacet
facet normal 0.868419 -0.271821 0.414684
outer loop
vertex 0.19285 0.176156 -1.50337
vertex 0.0680756 0.0914606 -1.29758
vertex 0.19285 0.154136 -1.5178
endloop
endfacet
facet normal 0.873313 -0.230343 0.429262
outer loop
vertex 0.0680756 0.0914606 -1.29758
vertex 0.0680756 0.0783948 -1.3046
vertex 0.19285 0.154136 -1.5178
endloop
endfacet
facet normal 0.872832 -0.236971 0.426626
outer loop
vertex 0.19285 0.154136 -1.5178
vertex 0.0680756 0.0783948 -1.3046
vertex 0.19285 0.132117 -1.53003
endloop
endfacet
facet normal 0.877034 -0.195588 0.438813
outer loop
vertex 0.0680756 0.0783948 -1.3046
vertex 0.0680756 0.065329 -1.31042
vertex 0.19285 0.132117 -1.53003
endloop
endfacet
facet normal 0.876688 -0.201534 0.436808
outer loop
vertex 0.19285 0.132117 -1.53003
vertex 0.0680756 0.065329 -1.31042
vertex 0.19285 0.110097 -1.54019
endloop
endfacet
facet normal 0.880173 -0.16049 0.446698
outer loop
vertex 0.0680756 0.065329 -1.31042
vertex 0.0680756 0.0522632 -1.31511
vertex 0.19285 0.110097 -1.54019
endloop
endfacet
facet normal 0.879953 -0.165595 0.445264
outer loop
vertex 0.19285 0.110097 -1.54019
vertex 0.0680756 0.0522632 -1.31511
vertex 0.19285 0.088078 -1.54838
endloop
endfacet
facet normal 0.882711 -0.125112 0.452955
outer loop
vertex 0.0680756 0.0522632 -1.31511
vertex 0.0680756 0.0391974 -1.31872
vertex 0.19285 0.088078 -1.54838
endloop
endfacet
facet normal 0.882598 -0.129238 0.452015
outer loop
vertex 0.19285 0.088078 -1.54838
vertex 0.0680756 0.0391974 -1.31872
vertex 0.19285 0.0660585 -1.55468
endloop
endfacet
facet normal 0.884634 -0.0895166 0.457614
outer loop
vertex 0.0680756 0.0391974 -1.31872
vertex 0.0680756 0.0261316 -1.32128
vertex 0.19285 0.0660585 -1.55468
endloop
endfacet
facet normal 0.884599 -0.0925527 0.457076
outer loop
vertex 0.19285 0.0660585 -1.55468
vertex 0.0680756 0.0261316 -1.32128
vertex 0.19285 0.044039 -1.55913
endloop
endfacet
facet normal 0.885929 -0.0537687 0.460694
outer loop
vertex 0.0680756 0.0261316 -1.32128
vertex 0.0680756 0.0130658 -1.3228
vertex 0.19285 0.044039 -1.55913
endloop
endfacet
facet normal 0.885938 -0.0556289 0.460455
outer loop
vertex 0.19285 0.044039 -1.55913
vertex 0.0680756 0.0130658 -1.3228
vertex 0.19285 0.0220195 -1.56179
endloop
endfacet
facet normal 0.886591 -0.0179318 0.462207
outer loop
vertex 0.0680756 0.0130658 -1.3228
vertex 0.0680756 -4.16843e-18 -1.32331
vertex 0.19285 0.0220195 -1.56179
endloop
endfacet
facet normal 0.886604 -0.0185598 0.462157
outer loop
vertex 0.19285 0.0220195 -1.56179
vertex 0.0680756 -4.16843e-18 -1.32331
vertex 0.19285 -1.18087e-17 -1.56268
endloop
endfacet
facet normal 0.886614 0.0179301 0.462162
outer loop
vertex 0.0680756 -4.16843e-18 -1.32331
vertex 0.0680756 -0.0130658 -1.3228
vertex 0.19285 -1.18087e-17 -1.56268
endloop
endfacet
facet normal 0.88659 0.0185609 0.462184
outer loop
vertex 0.19285 -1.18087e-17 -1.56268
vertex 0.0680756 -0.0130658 -1.3228
vertex 0.19285 -0.0220195 -1.56179
endloop
endfacet
facet normal 0.886001 0.0537529 0.460558
outer loop
vertex 0.0680756 -0.0130658 -1.3228
vertex 0.0680756 -0.0261316 -1.32128
vertex 0.19285 -0.0220195 -1.56179
endloop
endfacet
facet normal 0.885896 0.0556387 0.460535
outer loop
vertex 0.19285 -0.0220195 -1.56179
vertex 0.0680756 -0.0261316 -1.32128
vertex 0.19285 -0.044039 -1.55913
endloop
endfacet
facet normal 0.884754 0.0894727 0.457389
outer loop
vertex 0.0680756 -0.0261316 -1.32128
vertex 0.0680756 -0.0391974 -1.31872
vertex 0.19285 -0.044039 -1.55913
endloop
endfacet
facet normal 0.884528 0.0925796 0.457209
outer loop
vertex 0.19285 -0.044039 -1.55913
vertex 0.0680756 -0.0391974 -1.31872
vertex 0.19285 -0.0660585 -1.55468
endloop
endfacet
facet normal 0.882882 0.125026 0.452645
outer loop
vertex 0.0680756 -0.0391974 -1.31872
vertex 0.0680756 -0.0522632 -1.31511
vertex 0.19285 -0.0660585 -1.55468
endloop
endfacet
facet normal 0.882497 0.129291 0.452199
outer loop
vertex 0.19285 -0.0660585 -1.55468
vertex 0.0680756 -0.0522632 -1.31511
vertex 0.19285 -0.088078 -1.54838
endloop
endfacet
facet normal 0.880397 0.160349 0.446307
outer loop
vertex 0.0680756 -0.0522632 -1.31511
vertex 0.0680756 -0.065329 -1.31042
vertex 0.19285 -0.088078 -1.54838
endloop
endfacet
facet normal 0.87982 0.165681 0.445495
outer loop
vertex 0.19285 -0.088078 -1.54838
vertex 0.0680756 -0.065329 -1.31042
vertex 0.19285 -0.110097 -1.54019
endloop
endfacet
facet normal 0.877313 0.19538 0.438347
outer loop
vertex 0.0680756 -0.065329 -1.31042
vertex 0.0680756 -0.0783948 -1.3046
vertex 0.19285 -0.110097 -1.54019
endloop
endfacet
facet normal 0.876522 0.201661 0.437083
outer loop
vertex 0.19285 -0.110097 -1.54019
vertex 0.0680756 -0.0783948 -1.3046
vertex 0.19285 -0.132117 -1.53003
endloop
endfacet
facet normal 0.873652 0.230056 0.428727
outer loop
vertex 0.0680756 -0.0783948 -1.3046
vertex 0.0680756 -0.0914606 -1.29758
vertex 0.19285 -0.132117 -1.53003
endloop
endfacet
facet normal 0.872631 0.237145 0.42694
outer loop
vertex 0.19285 -0.132117 -1.53003
vertex 0.0680756 -0.0914606 -1.29758
vertex 0.19285 -0.154136 -1.5178
endloop
endfacet
facet normal 0.869436 0.264314 0.417397
outer loop
vertex 0.0680756 -0.0914606 -1.29758
vertex 0.0680756 -0.104526 -1.28931
vertex 0.19285 -0.154136 -1.5178
endloop
endfacet
facet normal 0.868181 0.272049 0.415032
outer loop
vertex 0.19285 -0.154136 -1.5178
vertex 0.0680756 -0.104526 -1.28931
vertex 0.19285 -0.176156 -1.50337
endloop
endfacet
facet normal 0.864694 0.298092 0.404284
outer loop
vertex 0.0680756 -0.104526 -1.28931
vertex 0.0680756 -0.117592 -1.27968
vertex 0.19285 -0.176156 -1.50337
endloop
endfacet
facet normal 0.863211 0.306295 0.40131
outer loop
vertex 0.19285 -0.176156 -1.50337
vertex 0.0680756 -0.117592 -1.27968
vertex 0.19285 -0.198175 -1.48656
endloop
endfacet
facet normal 0.859459 0.331328 0.389297
outer loop
vertex 0.0680756 -0.117592 -1.27968
vertex 0.0680756 -0.130658 -1.26856
vertex 0.19285 -0.198175 -1.48656
endloop
endfacet
facet normal 0.857768 0.339803 0.385704
outer loop
vertex 0.19285 -0.198175 -1.48656
vertex 0.0680756 -0.130658 -1.26856
vertex 0.19285 -0.220195 -1.46716
endloop
endfacet
facet normal 0.853772 0.363956 0.372304
outer loop
vertex 0.0680756 -0.130658 -1.26856
vertex 0.0680756 -0.143724 -1.25578
vertex 0.19285 -0.220195 -1.46716
endloop
endfacet
facet normal 0.851903 0.372499 0.368111
outer loop
vertex 0.19285 -0.220195 -1.46716
vertex 0.0680756 -0.143724 -1.25578
vertex 0.19285 -0.242214 -1.44488
endloop
endfacet
facet normal 0.847677 0.395909 0.353129
outer loop
vertex 0.0680756 -0.143724 -1.25578
vertex 0.0680756 -0.15679 -1.24114
vertex 0.19285 -0.242214 -1.44488
endloop
endfacet
facet normal 0.845675 0.404308 0.348381
outer loop
vertex 0.19285 -0.242214 -1.44488
vertex 0.0680756 -0.15679 -1.24114
vertex 0.19285 -0.264234 -1.41933
endloop
endfacet
facet normal 0.841231 0.427114 0.331518
outer loop
vertex 0.0680756 -0.15679 -1.24114
vertex 0.0680756 -0.169855 -1.2243
vertex 0.19285 -0.264234 -1.41933
endloop
endfacet
facet normal 0.83915 0.435154 0.326295
outer loop
vertex 0.19285 -0.264234 -1.41933
vertex 0.0680756 -0.169855 -1.2243
vertex 0.19285 -0.286253 -1.38996
endloop
endfacet
facet normal 0.834502 0.457487 0.307102
outer loop
vertex 0.0680756 -0.169855 -1.2243
vertex 0.0680756 -0.182921 -1.20484
vertex 0.19285 -0.286253 -1.38996
endloop
endfacet
facet normal 0.832407 0.464955 0.301522
outer loop
vertex 0.19285 -0.286253 -1.38996
vertex 0.0680756 -0.182921 -1.20484
vertex 0.19285 -0.308273 -1.356
endloop
endfacet
facet normal 0.827577 0.48693 0.279313
outer loop
vertex 0.0680756 -0.182921 -1.20484
vertex 0.0680756 -0.195987 -1.18206
vertex 0.19285 -0.308273 -1.356
endloop
endfacet
facet normal 0.825543 0.493616 0.273538
outer loop
vertex 0.19285 -0.308273 -1.356
vertex 0.0680756 -0.195987 -1.18206
vertex 0.19285 -0.330292 -1.31627
endloop
endfacet
facet normal 0.820574 0.515313 0.247206
outer loop
vertex 0.0680756 -0.195987 -1.18206
vertex 0.0680756 -0.209053 -1.15482
vertex 0.19285 -0.330292 -1.31627
endloop
endfacet
facet normal 0.818681 0.521017 0.241459
outer loop
vertex 0.19285 -0.330292 -1.31627
vertex 0.0680756 -0.209053 -1.15482
vertex 0.19285 -0.352312 -1.26876
endloop
endfacet
facet normal 0.813668 0.542456 0.209012
outer loop
vertex 0.0680756 -0.209053 -1.15482
vertex 0.0680756 -0.222119 -1.12091
vertex 0.19285 -0.352312 -1.26876
endloop
endfacet
facet normal 0.811999 0.546994 0.203607
outer loop
vertex 0.19285 -0.352312 -1.26876
vertex 0.0680756 -0.222119 -1.12091
vertex 0.19285 -0.374331 -1.2096
endloop
endfacet
facet normal 0.796402 0.597173 0.0955419
outer loop
vertex 0.0680756 -0.222119 -1.12091
vertex 0.0680756 -0.24825 -0.957581
vertex 0.19285 -0.374331 -1.2096
endloop
endfacet
facet normal 0.794232 0.600484 0.092811
outer loop
vertex 0.19285 -0.374331 -1.2096
vertex 0.0680756 -0.24825 -0.957581
vertex 0.19285 -0.41837 -0.924669
endloop
endfacet
facet normal 0.714211 0.69032 -0.115585
outer loop
vertex 0.19285 -0.41837 -0.924669
vertex 0.19285 -0.396351 -0.79316
vertex 0.325974 -0.549747 -0.886716
endloop
endfacet
facet normal 0.711749 0.691834 -0.12157
outer loop
vertex 0.325974 -0.549747 -0.886716
vertex 0.19285 -0.396351 -0.79316
vertex 0.325974 -0.520813 -0.722058
endloop
endfacet
facet normal 0.730359 0.628888 -0.266599
outer loop
vertex 0.19285 -0.396351 -0.79316
vertex 0.19285 -0.374331 -0.741217
vertex 0.325974 -0.520813 -0.722058
endloop
endfacet
facet normal 0.728629 0.625772 -0.278404
outer loop
vertex 0.325974 -0.520813 -0.722058
vertex 0.19285 -0.374331 -0.741217
vertex 0.325974 -0.491879 -0.657022
endloop
endfacet
facet normal 0.734069 0.587897 -0.339882
outer loop
vertex 0.19285 -0.374331 -0.741217
vertex 0.19285 -0.352312 -0.70313
vertex 0.325974 -0.491879 -0.657022
endloop
endfacet
facet normal 0.732496 0.582019 -0.353134
outer loop
vertex 0.325974 -0.491879 -0.657022
vertex 0.19285 -0.352312 -0.70313
vertex 0.325974 -0.462945 -0.609335
endloop
endfacet
facet normal 0.735665 0.549743 -0.395703
outer loop
vertex 0.19285 -0.352312 -0.70313
vertex 0.19285 -0.330292 -0.672539
vertex 0.325974 -0.462945 -0.609335
endloop
endfacet
facet normal 0.734159 0.541771 -0.409261
outer loop
vertex 0.325974 -0.462945 -0.609335
vertex 0.19285 -0.330292 -0.672539
vertex 0.325974 -0.434011 -0.571032
endloop
endfacet
facet normal 0.736228 0.512915 -0.44146
outer loop
vertex 0.19285 -0.330292 -0.672539
vertex 0.19285 -0.308273 -0.646955
vertex 0.325974 -0.434011 -0.571032
endloop
endfacet
facet normal 0.734761 0.503375 -0.454687
outer loop
vertex 0.325974 -0.434011 -0.571032
vertex 0.19285 -0.308273 -0.646955
vertex 0.325974 -0.405077 -0.539
endloop
endfacet
facet normal 0.736196 0.476822 -0.480267
outer loop
vertex 0.19285 -0.308273 -0.646955
vertex 0.19285 -0.286253 -0.625093
vertex 0.325974 -0.405077 -0.539
endloop
endfacet
facet normal 0.734763 0.466163 -0.492763
outer loop
vertex 0.325974 -0.405077 -0.539
vertex 0.19285 -0.286253 -0.625093
vertex 0.325974 -0.376143 -0.511628
endloop
endfacet
facet normal 0.7358 0.441161 -0.513786
outer loop
vertex 0.19285 -0.286253 -0.625093
vertex 0.19285 -0.264234 -0.606186
vertex 0.325974 -0.376143 -0.511628
endloop
endfacet
facet normal 0.734407 0.429778 -0.525297
outer loop
vertex 0.325974 -0.376143 -0.511628
vertex 0.19285 -0.264234 -0.606186
vertex 0.325974 -0.347209 -0.487955
endloop
endfacet
facet normal 0.735178 0.405753 -0.543026
outer loop
vertex 0.19285 -0.264234 -0.606186
vertex 0.19285 -0.242214 -0.589733
vertex 0.325974 -0.347209 -0.487955
endloop
endfacet
facet normal 0.733838 0.394003 -0.553393
outer loop
vertex 0.325974 -0.347209 -0.487955
vertex 0.19285 -0.242214 -0.589733
vertex 0.325974 -0.318274 -0.467355
endloop
endfacet
facet normal 0.734425 0.370487 -0.568648
outer loop
vertex 0.19285 -0.242214 -0.589733
vertex 0.19285 -0.220195 -0.575387
vertex 0.325974 -0.318274 -0.467355
endloop
endfacet
facet normal 0.733148 0.358691 -0.577784
outer loop
vertex 0.325974 -0.318274 -0.467355
vertex 0.19285 -0.220195 -0.575387
vertex 0.325974 -0.28934 -0.449392
endloop
endfacet
facet normal 0.733603 0.33529 -0.591107
outer loop
vertex 0.19285 -0.220195 -0.575387
vertex 0.19285 -0.198175 -0.562897
vertex 0.325974 -0.28934 -0.449392
endloop
endfacet
facet normal 0.732405 0.323738 -0.59898
outer loop
vertex 0.325974 -0.28934 -0.449392
vertex 0.19285 -0.198175 -0.562897
vertex 0.325974 -0.260406 -0.433754
endloop
endfacet
facet normal 0.732761 0.300117 -0.61073
outer loop
vertex 0.19285 -0.198175 -0.562897
vertex 0.19285 -0.176156 -0.552077
vertex 0.325974 -0.260406 -0.433754
endloop
endfacet
facet normal 0.731654 0.289067 -0.617352
outer loop
vertex 0.325974 -0.260406 -0.433754
vertex 0.19285 -0.176156 -0.552077
vertex 0.325974 -0.231472 -0.420206
endloop
endfacet
facet normal 0.731935 0.264936 -0.627758
outer loop
vertex 0.19285 -0.176156 -0.552077
vertex 0.19285 -0.154136 -0.542784
vertex 0.325974 -0.231472 -0.420206
endloop
endfacet
facet normal 0.73093 0.254623 -0.633174
outer loop
vertex 0.325974 -0.231472 -0.420206
vertex 0.19285 -0.154136 -0.542784
vertex 0.325974 -0.202538 -0.408571
endloop
endfacet
facet normal 0.731152 0.229729 -0.642371
outer loop
vertex 0.19285 -0.154136 -0.542784
vertex 0.19285 -0.132117 -0.534909
vertex 0.325974 -0.202538 -0.408571
endloop
endfacet
facet normal 0.73026 0.220357 -0.646655
outer loop
vertex 0.325974 -0.202538 -0.408571
vertex 0.19285 -0.132117 -0.534909
vertex 0.325974 -0.173604 -0.398711
endloop
endfacet
facet normal 0.730435 0.194485 -0.654707
outer loop
vertex 0.19285 -0.132117 -0.534909
vertex 0.19285 -0.110097 -0.528368
vertex 0.325974 -0.173604 -0.398711
endloop
endfacet
facet normal 0.729664 0.186236 -0.657956
outer loop
vertex 0.325974 -0.173604 -0.398711
vertex 0.19285 -0.110097 -0.528368
vertex 0.325974 -0.14467 -0.390521
endloop
endfacet
facet normal 0.729799 0.159201 -0.664867
outer loop
vertex 0.19285 -0.110097 -0.528368
vertex 0.19285 -0.088078 -0.523095
vertex 0.325974 -0.14467 -0.390521
endloop
endfacet
facet normal 0.729158 0.152227 -0.6672
outer loop
vertex 0.325974 -0.14467 -0.390521
vertex 0.19285 -0.088078 -0.523095
vertex 0.325974 -0.115736 -0.38392
endloop
endfacet
facet normal 0.729259 0.123877 -0.672931
outer loop
vertex 0.19285 -0.088078 -0.523095
vertex 0.19285 -0.0660585 -0.519042
vertex 0.325974 -0.115736 -0.38392
endloop
endfacet
facet normal 0.728753 0.118308 -0.67448
outer loop
vertex 0.325974 -0.115736 -0.38392
vertex 0.19285 -0.0660585 -0.519042
vertex 0.325974 -0.0868021 -0.378844
endloop
endfacet
facet normal 0.728824 0.0885165 -0.678955
outer loop
vertex 0.19285 -0.0660585 -0.519042
vertex 0.19285 -0.044039 -0.516171
vertex 0.325974 -0.0868021 -0.378844
endloop
endfacet
facet normal 0.728458 0.084456 -0.679865
outer loop
vertex 0.325974 -0.0868021 -0.378844
vertex 0.19285 -0.044039 -0.516171
vertex 0.325974 -0.0578681 -0.37525
endloop
endfacet
facet normal 0.728502 0.0531257 -0.682981
outer loop
vertex 0.19285 -0.044039 -0.516171
vertex 0.19285 -0.0220195 -0.514458
vertex 0.325974 -0.0578681 -0.37525
endloop
endfacet
facet normal 0.72828 0.0506523 -0.683405
outer loop
vertex 0.325974 -0.0578681 -0.37525
vertex 0.19285 -0.0220195 -0.514458
vertex 0.325974 -0.028934 -0.373106
endloop
endfacet
facet normal 0.728297 0.0177124 -0.685033
outer loop
vertex 0.19285 -0.0220195 -0.514458
vertex 0.19285 -1.18087e-17 -0.513889
vertex 0.325974 -0.028934 -0.373106
endloop
endfacet
facet normal 0.728222 0.0168798 -0.685133
outer loop
vertex 0.325974 -0.028934 -0.373106
vertex 0.19285 -1.18087e-17 -0.513889
vertex 0.325974 -1.99602e-17 -0.372393
endloop
endfacet
facet normal 0.728212 -0.0177147 -0.685123
outer loop
vertex 0.19285 -1.18087e-17 -0.513889
vertex 0.19285 0.0220195 -0.514458
vertex 0.325974 -1.99602e-17 -0.372393
endloop
endfacet
facet normal 0.728287 -0.0168781 -0.685064
outer loop
vertex 0.325974 -1.99602e-17 -0.372393
vertex 0.19285 0.0220195 -0.514458
vertex 0.325974 0.028934 -0.373106
endloop
endfacet
facet normal 0.728246 -0.0531468 -0.683252
outer loop
vertex 0.19285 0.0220195 -0.514458
vertex 0.19285 0.044039 -0.516171
vertex 0.325974 0.028934 -0.373106
endloop
endfacet
facet normal 0.728474 -0.0506371 -0.683199
outer loop
vertex 0.325974 0.028934 -0.373106
vertex 0.19285 0.044039 -0.516171
vertex 0.325974 0.0578681 -0.37525
endloop
endfacet
facet normal 0.728398 -0.088575 -0.679404
outer loop
vertex 0.19285 0.044039 -0.516171
vertex 0.19285 0.0660585 -0.519042
vertex 0.325974 0.0578681 -0.37525
endloop
endfacet
facet normal 0.728782 -0.0844135 -0.679523
outer loop
vertex 0.325974 0.0578681 -0.37525
vertex 0.19285 0.0660585 -0.519042
vertex 0.325974 0.0868021 -0.378844
endloop
endfacet
facet normal 0.728664 -0.123992 -0.673554
outer loop
vertex 0.19285 0.0660585 -0.519042
vertex 0.19285 0.088078 -0.523095
vertex 0.325974 0.0868021 -0.378844
endloop
endfacet
facet normal 0.729206 -0.118225 -0.674004
outer loop
vertex 0.325974 0.0868021 -0.378844
vertex 0.19285 0.088078 -0.523095
vertex 0.325974 0.115736 -0.38392
endloop
endfacet
facet normal 0.729035 -0.159391 -0.665659
outer loop
vertex 0.19285 0.088078 -0.523095
vertex 0.19285 0.110097 -0.528368
vertex 0.325974 0.115736 -0.38392
endloop
endfacet
facet normal 0.72974 -0.152089 -0.666594
outer loop
vertex 0.325974 0.115736 -0.38392
vertex 0.19285 0.110097 -0.528368
vertex 0.325974 0.14467 -0.390521
endloop
endfacet
facet normal 0.729503 -0.194769 -0.655661
outer loop
vertex 0.19285 0.110097 -0.528368
vertex 0.19285 0.132117 -0.534909
vertex 0.325974 0.14467 -0.390521
endloop
endfacet
facet normal 0.730376 -0.186029 -0.657225
outer loop
vertex 0.325974 0.14467 -0.390521
vertex 0.19285 0.132117 -0.534909
vertex 0.325974 0.173604 -0.398711
endloop
endfacet
facet normal 0.730054 -0.230125 -0.643478
outer loop
vertex 0.19285 0.132117 -0.534909
vertex 0.19285 0.154136 -0.542784
vertex 0.325974 0.173604 -0.398711
endloop
endfacet
facet normal 0.7311 -0.220067 -0.645804
outer loop
vertex 0.325974 0.173604 -0.398711
vertex 0.19285 0.154136 -0.542784
vertex 0.325974 0.202538 -0.408571
endloop
endfacet
facet normal 0.730671 -0.265463 -0.629007
outer loop
vertex 0.19285 0.154136 -0.542784
vertex 0.19285 0.176156 -0.552077
vertex 0.325974 0.202538 -0.408571
endloop
endfacet
facet normal 0.731898 -0.254235 -0.63221
outer loop
vertex 0.325974 0.202538 -0.408571
vertex 0.19285 0.176156 -0.552077
vertex 0.325974 0.231472 -0.420206
endloop
endfacet
facet normal 0.731332 -0.300794 -0.612108
outer loop
vertex 0.19285 0.176156 -0.552077
vertex 0.19285 0.198175 -0.562897
vertex 0.325974 0.231472 -0.420206
endloop
endfacet
facet normal 0.73275 -0.288568 -0.616284
outer loop
vertex 0.325974 0.231472 -0.420206
vertex 0.19285 0.198175 -0.562897
vertex 0.325974 0.260406 -0.433754
endloop
endfacet
facet normal 0.73201 -0.336137 -0.592599
outer loop
vertex 0.19285 0.198175 -0.562897
vertex 0.19285 0.220195 -0.575387
vertex 0.325974 0.260406 -0.433754
endloop
endfacet
facet normal 0.733629 -0.32311 -0.597819
outer loop
vertex 0.325974 0.260406 -0.433754
vertex 0.19285 0.220195 -0.575387
vertex 0.325974 0.28934 -0.449392
endloop
endfacet
facet normal 0.732668 -0.371521 -0.570236
outer loop
vertex 0.19285 0.220195 -0.575387
vertex 0.19285 0.242214 -0.589733
vertex 0.325974 0.28934 -0.449392
endloop
endfacet
facet normal 0.734502 -0.35792 -0.576542
outer loop
vertex 0.325974 0.28934 -0.449392
vertex 0.19285 0.242214 -0.589733
vertex 0.325974 0.318274 -0.467355
endloop
endfacet
facet normal 0.733259 -0.406995 -0.544689
outer loop
vertex 0.19285 0.242214 -0.589733
vertex 0.19285 0.264234 -0.606186
vertex 0.325974 0.318274 -0.467355
endloop
endfacet
facet normal 0.73532 -0.393072 -0.552085
outer loop
vertex 0.325974 0.318274 -0.467355
vertex 0.19285 0.264234 -0.606186
vertex 0.325974 0.347209 -0.487955
endloop
endfacet
facet normal 0.733716 -0.442631 -0.515498
outer loop
vertex 0.19285 0.264234 -0.606186
vertex 0.19285 0.286253 -0.625093
vertex 0.325974 0.347209 -0.487955
endloop
endfacet
facet normal 0.736021 -0.42867 -0.523942
outer loop
vertex 0.325974 0.347209 -0.487955
vertex 0.19285 0.286253 -0.625093
vertex 0.325974 0.376143 -0.511628
endloop
endfacet
facet normal 0.733946 -0.478541 -0.481998
outer loop
vertex 0.19285 0.286253 -0.625093
vertex 0.19285 0.308273 -0.646955
vertex 0.325974 0.376143 -0.511628
endloop
endfacet
facet normal 0.736511 -0.464858 -0.491384
outer loop
vertex 0.325974 0.376143 -0.511628
vertex 0.19285 0.308273 -0.646955
vertex 0.325974 0.405077 -0.539
endloop
endfacet
facet normal 0.733807 -0.514904 -0.443172
outer loop
vertex 0.19285 0.308273 -0.646955
vertex 0.19285 0.330292 -0.672539
vertex 0.325974 0.405077 -0.539
endloop
endfacet
facet normal 0.736648 -0.501854 -0.453313
outer loop
vertex 0.325974 0.405077 -0.539
vertex 0.19285 0.330292 -0.672539
vertex 0.325974 0.434011 -0.571032
endloop
endfacet
facet normal 0.733064 -0.552026 -0.397347
outer loop
vertex 0.19285 0.330292 -0.672539
vertex 0.19285 0.352312 -0.70313
vertex 0.325974 0.434011 -0.571032
endloop
endfacet
facet normal 0.736193 -0.540011 -0.407931
outer loop
vertex 0.325974 0.434011 -0.571032
vertex 0.19285 0.352312 -0.70313
vertex 0.325974 0.462945 -0.609335
endloop
endfacet
facet normal 0.731272 -0.590504 -0.341389
outer loop
vertex 0.19285 0.352312 -0.70313
vertex 0.19285 0.374331 -0.741217
vertex 0.325974 0.462945 -0.609335
endloop
endfacet
facet normal 0.734692 -0.579993 -0.351904
outer loop
vertex 0.325974 0.462945 -0.609335
vertex 0.19285 0.374331 -0.741217
vertex 0.325974 0.491879 -0.657022
endloop
endfacet
facet normal 0.709299 -0.685434 -0.164544
outer loop
vertex 0.19285 0.374331 -0.741217
vertex 0.19285 0.41837 -0.924669
vertex 0.325974 0.491879 -0.657022
endloop
endfacet
facet normal 0.716333 -0.676616 -0.170464
outer loop
vertex 0.325974 0.491879 -0.657022
vertex 0.19285 0.41837 -0.924669
vertex 0.325974 0.549747 -0.886716
endloop
endfacet
facet normal 0.68899 -0.720596 0.0776828
outer loop
vertex 0.19285 0.41837 -0.924669
vertex 0.19285 0.396351 -1.12892
vertex 0.325974 0.549747 -0.886716
endloop
endfacet
facet normal 0.689391 -0.720258 0.0772483
outer loop
vertex 0.325974 0.549747 -0.886716
vertex 0.19285 0.396351 -1.12892
vertex 0.325974 0.520813 -1.1565
endloop
endfacet
facet normal 0.691204 -0.697158 0.190282
outer loop
vertex 0.19285 0.396351 -1.12892
vertex 0.19285 0.374331 -1.2096
vertex 0.325974 0.520813 -1.1565
endloop
endfacet
facet normal 0.691535 -0.6971 0.189291
outer loop
vertex 0.325974 0.520813 -1.1565
vertex 0.19285 0.374331 -1.2096
vertex 0.325974 0.491879 -1.26305
endloop
endfacet
facet normal 0.695364 -0.673512 0.2507
outer loop
vertex 0.19285 0.374331 -1.2096
vertex 0.19285 0.352312 -1.26876
vertex 0.325974 0.491879 -1.26305
endloop
endfacet
facet normal 0.695616 -0.673703 0.249486
outer loop
vertex 0.325974 0.491879 -1.26305
vertex 0.19285 0.352312 -1.26876
vertex 0.325974 0.462945 -1.34118
endloop
endfacet
facet normal 0.700939 -0.647107 0.299894
outer loop
vertex 0.19285 0.352312 -1.26876
vertex 0.19285 0.330292 -1.31627
vertex 0.325974 0.462945 -1.34118
endloop
endfacet
facet normal 0.701115 -0.647536 0.298554
outer loop
vertex 0.325974 0.462945 -1.34118
vertex 0.19285 0.330292 -1.31627
vertex 0.325974 0.434011 -1.40394
endloop
endfacet
facet normal 0.707345 -0.618283 0.342622
outer loop
vertex 0.19285 0.330292 -1.31627
vertex 0.19285 0.308273 -1.356
vertex 0.325974 0.434011 -1.40394
endloop
endfacet
facet normal 0.707454 -0.618931 0.341223
outer loop
vertex 0.325974 0.434011 -1.40394
vertex 0.19285 0.308273 -1.356
vertex 0.325974 0.405077 -1.45642
endloop
endfacet
facet normal 0.714254 -0.587219 0.38081
outer loop
vertex 0.19285 0.308273 -1.356
vertex 0.19285 0.286253 -1.38996
vertex 0.325974 0.405077 -1.45642
endloop
endfacet
facet normal 0.714306 -0.588065 0.379403
outer loop
vertex 0.325974 0.405077 -1.45642
vertex 0.19285 0.286253 -1.38996
vertex 0.325974 0.376143 -1.50127
endloop
endfacet
facet normal 0.721442 -0.554023 0.415428
outer loop
vertex 0.19285 0.286253 -1.38996
vertex 0.19285 0.264234 -1.41933
vertex 0.325974 0.376143 -1.50127
endloop
endfacet
facet normal 0.72145 -0.555039 0.414055
outer loop
vertex 0.325974 0.376143 -1.50127
vertex 0.19285 0.264234 -1.41933
vertex 0.325974 0.347209 -1.54005
endloop
endfacet
facet normal 0.728735 -0.518773 0.447012
outer loop
vertex 0.19285 0.264234 -1.41933
vertex 0.19285 0.242214 -1.44488
vertex 0.325974 0.347209 -1.54005
endloop
endfacet
facet normal 0.728712 -0.519926 0.445708
outer loop
vertex 0.325974 0.347209 -1.54005
vertex 0.19285 0.242214 -1.44488
vertex 0.325974 0.318274 -1.57381
endloop
endfacet
facet normal 0.735985 -0.481538 0.475865
outer loop
vertex 0.19285 0.242214 -1.44488
vertex 0.19285 0.220195 -1.46716
vertex 0.325974 0.318274 -1.57381
endloop
endfacet
facet normal 0.735942 -0.482792 0.474658
outer loop
vertex 0.325974 0.318274 -1.57381
vertex 0.19285 0.220195 -1.46716
vertex 0.325974 0.28934 -1.60324
endloop
endfacet
facet normal 0.743058 -0.442391 0.50215
outer loop
vertex 0.19285 0.220195 -1.46716
vertex 0.19285 0.198175 -1.48656
vertex 0.325974 0.28934 -1.60324
endloop
endfacet
facet normal 0.743007 -0.443708 0.501063
outer loop
vertex 0.325974 0.28934 -1.60324
vertex 0.19285 0.198175 -1.48656
vertex 0.325974 0.260406 -1.62886
endloop
endfacet
facet normal 0.749832 -0.401418 0.525942
outer loop
vertex 0.19285 0.198175 -1.48656
vertex 0.19285 0.176156 -1.50337
vertex 0.325974 0.260406 -1.62886
endloop
endfacet
facet normal 0.749782 -0.402757 0.52499
outer loop
vertex 0.325974 0.260406 -1.62886
vertex 0.19285 0.176156 -1.50337
vertex 0.325974 0.231472 -1.65105
endloop
endfacet
facet normal 0.756191 -0.358724 0.54726
outer loop
vertex 0.19285 0.176156 -1.50337
vertex 0.19285 0.154136 -1.5178
vertex 0.325974 0.231472 -1.65105
endloop
endfacet
facet normal 0.756148 -0.360041 0.546453
outer loop
vertex 0.325974 0.231472 -1.65105
vertex 0.19285 0.154136 -1.5178
vertex 0.325974 0.202538 -1.67012
endloop
endfacet
facet normal 0.762026 -0.314432 0.566083
outer loop
vertex 0.19285 0.154136 -1.5178
vertex 0.19285 0.132117 -1.53003
vertex 0.325974 0.202538 -1.67012
endloop
endfacet
facet normal 0.761996 -0.315685 0.565425
outer loop
vertex 0.325974 0.202538 -1.67012
vertex 0.19285 0.132117 -1.53003
vertex 0.325974 0.173604 -1.68627
endloop
endfacet
facet normal 0.767237 -0.268692 0.582368
outer loop
vertex 0.19285 0.132117 -1.53003
vertex 0.19285 0.110097 -1.54019
vertex 0.325974 0.173604 -1.68627
endloop
endfacet
facet normal 0.767222 -0.26984 0.581856
outer loop
vertex 0.325974 0.173604 -1.68627
vertex 0.19285 0.110097 -1.54019
vertex 0.325974 0.14467 -1.69969
endloop
endfacet
facet normal 0.771733 -0.221677 0.59606
outer loop
vertex 0.19285 0.110097 -1.54019
vertex 0.19285 0.088078 -1.54838
vertex 0.325974 0.14467 -1.69969
endloop
endfacet
facet normal 0.771733 -0.222679 0.595686
outer loop
vertex 0.325974 0.14467 -1.69969
vertex 0.19285 0.088078 -1.54838
vertex 0.325974 0.115736 -1.71051
endloop
endfacet
facet normal 0.775434 -0.17358 0.607101
outer loop
vertex 0.19285 0.088078 -1.54838
vertex 0.19285 0.0660585 -1.55468
vertex 0.325974 0.115736 -1.71051
endloop
endfacet
facet normal 0.775447 -0.174402 0.606849
outer loop
vertex 0.325974 0.115736 -1.71051
vertex 0.19285 0.0660585 -1.55468
vertex 0.325974 0.0868021 -1.71882
endloop
endfacet
facet normal 0.778275 -0.124618 0.615434
outer loop
vertex 0.19285 0.0660585 -1.55468
vertex 0.19285 0.044039 -1.55913
vertex 0.325974 0.0868021 -1.71882
endloop
endfacet
facet normal 0.778293 -0.12523 0.615286
outer loop
vertex 0.325974 0.0868021 -1.71882
vertex 0.19285 0.044039 -1.55913
vertex 0.325974 0.0578681 -1.72471
endloop
endfacet
facet normal 0.780201 -0.0750264 0.621013
outer loop
vertex 0.19285 0.044039 -1.55913
vertex 0.19285 0.0220195 -1.56179
vertex 0.325974 0.0578681 -1.72471
endloop
endfacet
facet normal 0.780219 -0.0754047 0.620944
outer loop
vertex 0.325974 0.0578681 -1.72471
vertex 0.19285 0.0220195 -1.56179
vertex 0.325974 0.028934 -1.72823
endloop
endfacet
facet normal 0.781179 -0.0250514 0.623804
outer loop
vertex 0.19285 0.0220195 -1.56179
vertex 0.19285 -1.18087e-17 -1.56268
vertex 0.325974 0.028934 -1.72823
endloop
endfacet
facet normal 0.781188 -0.0251798 0.623788
outer loop
vertex 0.325974 0.028934 -1.72823
vertex 0.19285 -1.18087e-17 -1.56268
vertex 0.325974 -1.99602e-17 -1.72939
endloop
endfacet
facet normal 0.78119 0.0250508 0.62379
outer loop
vertex 0.19285 -1.18087e-17 -1.56268
vertex 0.19285 -0.0220195 -1.56179
vertex 0.325974 -1.99602e-17 -1.72939
endloop
endfacet
facet normal 0.781179 0.0251803 0.623799
outer loop
vertex 0.325974 -1.99602e-17 -1.72939
vertex 0.19285 -0.0220195 -1.56179
vertex 0.325974 -0.028934 -1.72823
endloop
endfacet
facet normal 0.780234 0.0750215 0.620972
outer loop
vertex 0.19285 -0.0220195 -1.56179
vertex 0.19285 -0.044039 -1.55913
vertex 0.325974 -0.028934 -1.72823
endloop
endfacet
facet normal 0.780194 0.0754085 0.620975
outer loop
vertex 0.325974 -0.028934 -1.72823
vertex 0.19285 -0.044039 -1.55913
vertex 0.325974 -0.0578681 -1.72471
endloop
endfacet
facet normal 0.77833 0.124605 0.615367
outer loop
vertex 0.19285 -0.044039 -1.55913
vertex 0.19285 -0.0660585 -1.55468
vertex 0.325974 -0.0578681 -1.72471
endloop
endfacet
facet normal 0.778252 0.125241 0.615337
outer loop
vertex 0.325974 -0.0578681 -1.72471
vertex 0.19285 -0.0660585 -1.55468
vertex 0.325974 -0.0868021 -1.71882
endloop
endfacet
facet normal 0.775512 0.173554 0.607009
outer loop
vertex 0.19285 -0.0660585 -1.55468
vertex 0.19285 -0.088078 -1.54838
vertex 0.325974 -0.0868021 -1.71882
endloop
endfacet
facet normal 0.775388 0.174422 0.606919
outer loop
vertex 0.325974 -0.0868021 -1.71882
vertex 0.19285 -0.088078 -1.54838
vertex 0.325974 -0.115736 -1.71051
endloop
endfacet
facet normal 0.771833 0.221634 0.595946
outer loop
vertex 0.19285 -0.088078 -1.54838
vertex 0.19285 -0.110097 -1.54019
vertex 0.325974 -0.115736 -1.71051
endloop
endfacet
facet normal 0.771657 0.222711 0.595773
outer loop
vertex 0.325974 -0.115736 -1.71051
vertex 0.19285 -0.110097 -1.54019
vertex 0.325974 -0.14467 -1.69969
endloop
endfacet
facet normal 0.76736 0.26863 0.582233
outer loop
vertex 0.19285 -0.110097 -1.54019
vertex 0.19285 -0.132117 -1.53003
vertex 0.325974 -0.14467 -1.69969
endloop
endfacet
facet normal 0.767128 0.269887 0.581958
outer loop
vertex 0.325974 -0.14467 -1.69969
vertex 0.19285 -0.132117 -1.53003
vertex 0.325974 -0.173604 -1.68627
endloop
endfacet
facet normal 0.762173 0.314348 0.565931
outer loop
vertex 0.19285 -0.132117 -1.53003
vertex 0.19285 -0.154136 -1.5178
vertex 0.325974 -0.173604 -1.68627
endloop
endfacet
facet normal 0.761884 0.31575 0.56554
outer loop
vertex 0.325974 -0.173604 -1.68627
vertex 0.19285 -0.154136 -1.5178
vertex 0.325974 -0.202538 -1.67012
endloop
endfacet
facet normal 0.756363 0.358615 0.547093
outer loop
vertex 0.19285 -0.154136 -1.5178
vertex 0.19285 -0.176156 -1.50337
vertex 0.325974 -0.202538 -1.67012
endloop
endfacet
facet normal 0.756017 0.360124 0.546579
outer loop
vertex 0.325974 -0.202538 -1.67012
vertex 0.19285 -0.176156 -1.50337
vertex 0.325974 -0.231472 -1.65105
endloop
endfacet
facet normal 0.750029 0.401283 0.525765
outer loop
vertex 0.19285 -0.176156 -1.50337
vertex 0.19285 -0.198175 -1.48656
vertex 0.325974 -0.231472 -1.65105
endloop
endfacet
facet normal 0.749632 0.40286 0.525125
outer loop
vertex 0.325974 -0.231472 -1.65105
vertex 0.19285 -0.198175 -1.48656
vertex 0.325974 -0.260406 -1.62886
endloop
endfacet
facet normal 0.74328 0.442228 0.501965
outer loop
vertex 0.19285 -0.198175 -1.48656
vertex 0.19285 -0.220195 -1.46716
vertex 0.325974 -0.260406 -1.62886
endloop
endfacet
facet normal 0.742838 0.443832 0.501203
outer loop
vertex 0.325974 -0.260406 -1.62886
vertex 0.19285 -0.220195 -1.46716
vertex 0.325974 -0.28934 -1.60324
endloop
endfacet
facet normal 0.736232 0.481347 0.475676
outer loop
vertex 0.19285 -0.220195 -1.46716
vertex 0.19285 -0.242214 -1.44488
vertex 0.325974 -0.28934 -1.60324
endloop
endfacet
facet normal 0.735754 0.482938 0.474801
outer loop
vertex 0.325974 -0.28934 -1.60324
vertex 0.19285 -0.242214 -1.44488
vertex 0.325974 -0.318274 -1.57381
endloop
endfacet
facet normal 0.729007 0.518554 0.446823
outer loop
vertex 0.19285 -0.242214 -1.44488
vertex 0.19285 -0.264234 -1.41933
vertex 0.325974 -0.318274 -1.57381
endloop
endfacet
facet normal 0.728505 0.520093 0.445852
outer loop
vertex 0.325974 -0.318274 -1.57381
vertex 0.19285 -0.264234 -1.41933
vertex 0.325974 -0.347209 -1.54005
endloop
endfacet
facet normal 0.721739 0.553775 0.415242
outer loop
vertex 0.19285 -0.264234 -1.41933
vertex 0.19285 -0.286253 -1.38996
vertex 0.325974 -0.347209 -1.54005
endloop
endfacet
facet normal 0.721224 0.555227 0.414196
outer loop
vertex 0.325974 -0.347209 -1.54005
vertex 0.19285 -0.286253 -1.38996
vertex 0.325974 -0.376143 -1.50127
endloop
endfacet
facet normal 0.714575 0.586943 0.380631
outer loop
vertex 0.19285 -0.286253 -1.38996
vertex 0.19285 -0.308273 -1.356
vertex 0.325974 -0.376143 -1.50127
endloop
endfacet
facet normal 0.714062 0.588274 0.379538
outer loop
vertex 0.325974 -0.376143 -1.50127
vertex 0.19285 -0.308273 -1.356
vertex 0.325974 -0.405077 -1.45642
endloop
endfacet
facet normal 0.707691 0.61798 0.342454
outer loop
vertex 0.19285 -0.308273 -1.356
vertex 0.19285 -0.330292 -1.31627
vertex 0.325974 -0.405077 -1.45642
endloop
endfacet
facet normal 0.707191 0.619161 0.34135
outer loop
vertex 0.325974 -0.405077 -1.45642
vertex 0.19285 -0.330292 -1.31627
vertex 0.325974 -0.434011 -1.40394
endloop
endfacet
facet normal 0.701307 0.646779 0.299742
outer loop
vertex 0.19285 -0.330292 -1.31627
vertex 0.19285 -0.352312 -1.26876
vertex 0.325974 -0.434011 -1.40394
endloop
endfacet
facet normal 0.700836 0.647785 0.298669
outer loop
vertex 0.325974 -0.434011 -1.40394
vertex 0.19285 -0.352312 -1.26876
vertex 0.325974 -0.462945 -1.34118
endloop
endfacet
facet normal 0.695753 0.673159 0.250569
outer loop
vertex 0.19285 -0.352312 -1.26876
vertex 0.19285 -0.374331 -1.2096
vertex 0.325974 -0.462945 -1.34118
endloop
endfacet
facet normal 0.695321 0.673971 0.249585
outer loop
vertex 0.325974 -0.462945 -1.34118
vertex 0.19285 -0.374331 -1.2096
vertex 0.325974 -0.491879 -1.26305
endloop
endfacet
facet normal 0.682563 0.722251 0.111631
outer loop
vertex 0.19285 -0.374331 -1.2096
vertex 0.19285 -0.41837 -0.924669
vertex 0.325974 -0.491879 -1.26305
endloop
endfacet
facet normal 0.681828 0.723015 0.111176
outer loop
vertex 0.325974 -0.491879 -1.26305
vertex 0.19285 -0.41837 -0.924669
vertex 0.325974 -0.549747 -0.886716
endloop
endfacet
facet normal 0.489831 0.858661 -0.150885
outer loop
vertex 0.325974 -0.549747 -0.886716
vertex 0.325974 -0.520813 -0.722058
vertex 0.552672 -0.666435 -0.814819
endloop
endfacet
facet normal 0.491231 0.858499 -0.14721
outer loop
vertex 0.552672 -0.666435 -0.814819
vertex 0.325974 -0.520813 -0.722058
vertex 0.552672 -0.631359 -0.610266
endloop
endfacet
facet normal 0.542615 0.767456 -0.341439
outer loop
vertex 0.325974 -0.520813 -0.722058
vertex 0.325974 -0.491879 -0.657022
vertex 0.552672 -0.631359 -0.610266
endloop
endfacet
facet normal 0.542929 0.770316 -0.334426
outer loop
vertex 0.552672 -0.631359 -0.610266
vertex 0.325974 -0.491879 -0.657022
vertex 0.552672 -0.596284 -0.529473
endloop
endfacet
facet normal 0.565462 0.705133 -0.427832
outer loop
vertex 0.325974 -0.491879 -0.657022
vertex 0.325974 -0.462945 -0.609335
vertex 0.552672 -0.596284 -0.529473
endloop
endfacet
facet normal 0.565464 0.709708 -0.420197
outer loop
vertex 0.552672 -0.596284 -0.529473
vertex 0.325974 -0.462945 -0.609335
vertex 0.552672 -0.561208 -0.470231
endloop
endfacet
facet normal 0.582012 0.648855 -0.490153
outer loop
vertex 0.325974 -0.462945 -0.609335
vertex 0.325974 -0.434011 -0.571032
vertex 0.552672 -0.561208 -0.470231
endloop
endfacet
facet normal 0.581881 0.654635 -0.482564
outer loop
vertex 0.552672 -0.561208 -0.470231
vertex 0.325974 -0.434011 -0.571032
vertex 0.552672 -0.526133 -0.422649
endloop
endfacet
facet normal 0.595 0.596432 -0.538743
outer loop
vertex 0.325974 -0.434011 -0.571032
vertex 0.325974 -0.405077 -0.539
vertex 0.552672 -0.526133 -0.422649
endloop
endfacet
facet normal 0.594827 0.603033 -0.531537
outer loop
vertex 0.552672 -0.526133 -0.422649
vertex 0.325974 -0.405077 -0.539
vertex 0.552672 -0.491057 -0.382855
endloop
endfacet
facet normal 0.605591 0.546879 -0.578085
outer loop
vertex 0.325974 -0.405077 -0.539
vertex 0.325974 -0.376143 -0.511628
vertex 0.552672 -0.491057 -0.382855
endloop
endfacet
facet normal 0.605426 0.553992 -0.571447
outer loop
vertex 0.552672 -0.491057 -0.382855
vertex 0.325974 -0.376143 -0.511628
vertex 0.552672 -0.455982 -0.348851
endloop
endfacet
facet normal 0.614416 0.499606 -0.610644
outer loop
vertex 0.325974 -0.376143 -0.511628
vertex 0.325974 -0.347209 -0.487955
vertex 0.552672 -0.455982 -0.348851
endloop
endfacet
facet normal 0.614287 0.506976 -0.604671
outer loop
vertex 0.552672 -0.455982 -0.348851
vertex 0.325974 -0.347209 -0.487955
vertex 0.552672 -0.420906 -0.319443
endloop
endfacet
facet normal 0.621868 0.454205 -0.637948
outer loop
vertex 0.325974 -0.347209 -0.487955
vertex 0.325974 -0.318274 -0.467355
vertex 0.552672 -0.420906 -0.319443
endloop
endfacet
facet normal 0.621789 0.461616 -0.632684
outer loop
vertex 0.552672 -0.420906 -0.319443
vertex 0.325974 -0.318274 -0.467355
vertex 0.552672 -0.385831 -0.293851
endloop
endfacet
facet normal 0.628207 0.410367 -0.661025
outer loop
vertex 0.325974 -0.318274 -0.467355
vertex 0.325974 -0.28934 -0.449392
vertex 0.552672 -0.385831 -0.293851
endloop
endfacet
facet normal 0.628183 0.41764 -0.656478
outer loop
vertex 0.552672 -0.385831 -0.293851
vertex 0.325974 -0.28934 -0.449392
vertex 0.552672 -0.350755 -0.271537
endloop
endfacet
facet normal 0.633618 0.36785 -0.680598
outer loop
vertex 0.325974 -0.28934 -0.449392
vertex 0.325974 -0.260406 -0.433754
vertex 0.552672 -0.350755 -0.271537
endloop
endfacet
facet normal 0.633648 0.374832 -0.676751
outer loop
vertex 0.552672 -0.350755 -0.271537
vertex 0.325974 -0.260406 -0.433754
vertex 0.552672 -0.31568 -0.252109
endloop
endfacet
facet normal 0.638235 0.326454 -0.697197
outer loop
vertex 0.325974 -0.260406 -0.433754
vertex 0.325974 -0.231472 -0.420206
vertex 0.552672 -0.31568 -0.252109
endloop
endfacet
facet normal 0.638313 0.333015 -0.694015
outer loop
vertex 0.552672 -0.31568 -0.252109
vertex 0.325974 -0.231472 -0.420206
vertex 0.552672 -0.280604 -0.235279
endloop
endfacet
facet normal 0.642159 0.286007 -0.711219
outer loop
vertex 0.325974 -0.231472 -0.420206
vertex 0.325974 -0.202538 -0.408571
vertex 0.552672 -0.280604 -0.235279
endloop
endfacet
facet normal 0.642277 0.292037 -0.708657
outer loop
vertex 0.552672 -0.280604 -0.235279
vertex 0.325974 -0.202538 -0.408571
vertex 0.552672 -0.245529 -0.220824
endloop
endfacet
facet normal 0.645466 0.246361 -0.722966
outer loop
vertex 0.325974 -0.202538 -0.408571
vertex 0.325974 -0.173604 -0.398711
vertex 0.552672 -0.245529 -0.220824
endloop
endfacet
facet normal 0.645614 0.251767 -0.720969
outer loop
vertex 0.552672 -0.245529 -0.220824
vertex 0.325974 -0.173604 -0.398711
vertex 0.552672 -0.210453 -0.208576
endloop
endfacet
facet normal 0.648215 0.207384 -0.732672
outer loop
vertex 0.325974 -0.173604 -0.398711
vertex 0.325974 -0.14467 -0.390521
vertex 0.552672 -0.210453 -0.208576
endloop
endfacet
facet normal 0.648381 0.212088 -0.731178
outer loop
vertex 0.552672 -0.210453 -0.208576
vertex 0.325974 -0.14467 -0.390521
vertex 0.552672 -0.175378 -0.198402
endloop
endfacet
facet normal 0.650453 0.168955 -0.740517
outer loop
vertex 0.325974 -0.14467 -0.390521
vertex 0.325974 -0.115736 -0.38392
vertex 0.552672 -0.175378 -0.198402
endloop
endfacet
facet normal 0.650622 0.172894 -0.739458
outer loop
vertex 0.552672 -0.175378 -0.198402
vertex 0.325974 -0.115736 -0.38392
vertex 0.552672 -0.140302 -0.1902
endloop
endfacet
facet normal 0.652213 0.130965 -0.746637
outer loop
vertex 0.325974 -0.115736 -0.38392
vertex 0.325974 -0.0868021 -0.378844
vertex 0.552672 -0.140302 -0.1902
endloop
endfacet
facet normal 0.652372 0.134085 -0.745943
outer loop
vertex 0.552672 -0.140302 -0.1902
vertex 0.325974 -0.0868021 -0.378844
vertex 0.552672 -0.105227 -0.183896
endloop
endfacet
facet normal 0.653522 0.0933094 -0.751134
outer loop
vertex 0.325974 -0.0868021 -0.378844
vertex 0.325974 -0.0578681 -0.37525
vertex 0.552672 -0.105227 -0.183896
endloop
endfacet
facet normal 0.653656 0.09557 -0.750733
outer loop
vertex 0.552672 -0.105227 -0.183896
vertex 0.325974 -0.0578681 -0.37525
vertex 0.552672 -0.070151 -0.17943
endloop
endfacet
facet normal 0.654398 0.0558907 -0.754082
outer loop
vertex 0.325974 -0.0578681 -0.37525
vertex 0.325974 -0.028934 -0.373106
vertex 0.552672 -0.070151 -0.17943
endloop
endfacet
facet normal 0.654491 0.0572614 -0.753898
outer loop
vertex 0.552672 -0.070151 -0.17943
vertex 0.325974 -0.028934 -0.373106
vertex 0.552672 -0.0350755 -0.176766
endloop
endfacet
facet normal 0.654854 0.018614 -0.755526
outer loop
vertex 0.325974 -0.028934 -0.373106
vertex 0.325974 -1.99602e-17 -0.372393
vertex 0.552672 -0.0350755 -0.176766
endloop
endfacet
facet normal 0.654889 0.0190741 -0.755484
outer loop
vertex 0.552672 -0.0350755 -0.176766
vertex 0.325974 -1.99602e-17 -0.372393
vertex 0.552672 -3.38414e-17 -0.175881
endloop
endfacet
facet normal 0.654895 -0.0186132 -0.755491
outer loop
vertex 0.325974 -1.99602e-17 -0.372393
vertex 0.325974 0.028934 -0.373106
vertex 0.552672 -3.38414e-17 -0.175881
endloop
endfacet
facet normal 0.654855 -0.0190749 -0.755513
outer loop
vertex 0.552672 -3.38414e-17 -0.175881
vertex 0.325974 0.028934 -0.373106
vertex 0.552672 0.0350755 -0.176766
endloop
endfacet
facet normal 0.654521 -0.0558828 -0.753976
outer loop
vertex 0.325974 0.028934 -0.373106
vertex 0.325974 0.0578681 -0.37525
vertex 0.552672 0.0350755 -0.176766
endloop
endfacet
facet normal 0.65439 -0.057268 -0.753985
outer loop
vertex 0.552672 0.0350755 -0.176766
vertex 0.325974 0.0578681 -0.37525
vertex 0.552672 0.070151 -0.17943
endloop
endfacet
facet normal 0.653727 -0.0932876 -0.750958
outer loop
vertex 0.325974 0.0578681 -0.37525
vertex 0.325974 0.0868021 -0.378844
vertex 0.552672 0.070151 -0.17943
endloop
endfacet
facet normal 0.653487 -0.0955885 -0.750878
outer loop
vertex 0.552672 0.070151 -0.17943
vertex 0.325974 0.0868021 -0.378844
vertex 0.552672 0.105227 -0.183896
endloop
endfacet
facet normal 0.652501 -0.130922 -0.746392
outer loop
vertex 0.325974 0.0868021 -0.378844
vertex 0.325974 0.115736 -0.38392
vertex 0.552672 0.105227 -0.183896
endloop
endfacet
facet normal 0.652135 -0.134121 -0.746145
outer loop
vertex 0.552672 0.105227 -0.183896
vertex 0.325974 0.115736 -0.38392
vertex 0.552672 0.140302 -0.1902
endloop
endfacet
facet normal 0.650826 -0.168884 -0.740205
outer loop
vertex 0.325974 0.115736 -0.38392
vertex 0.325974 0.14467 -0.390521
vertex 0.552672 0.140302 -0.1902
endloop
endfacet
facet normal 0.650315 -0.172954 -0.739715
outer loop
vertex 0.552672 0.140302 -0.1902
vertex 0.325974 0.14467 -0.390521
vertex 0.552672 0.175378 -0.198402
endloop
endfacet
facet normal 0.648676 -0.207277 -0.732295
outer loop
vertex 0.325974 0.14467 -0.390521
vertex 0.325974 0.173604 -0.398711
vertex 0.552672 0.175378 -0.198402
endloop
endfacet
facet normal 0.648001 -0.212178 -0.731488
outer loop
vertex 0.552672 0.175378 -0.198402
vertex 0.325974 0.173604 -0.398711
vertex 0.552672 0.210453 -0.208576
endloop
endfacet
facet normal 0.646016 -0.246211 -0.722526
outer loop
vertex 0.325974 0.173604 -0.398711
vertex 0.325974 0.202538 -0.408571
vertex 0.552672 0.210453 -0.208576
endloop
endfacet
facet normal 0.64516 -0.251894 -0.721331
outer loop
vertex 0.552672 0.210453 -0.208576
vertex 0.325974 0.202538 -0.408571
vertex 0.552672 0.245529 -0.220824
endloop
endfacet
facet normal 0.642802 -0.285806 -0.710718
outer loop
vertex 0.325974 0.202538 -0.408571
vertex 0.325974 0.231472 -0.420206
vertex 0.552672 0.245529 -0.220824
endloop
endfacet
facet normal 0.641747 -0.292206 -0.709067
outer loop
vertex 0.552672 0.245529 -0.220824
vertex 0.325974 0.231472 -0.420206
vertex 0.552672 0.280604 -0.235279
endloop
endfacet
facet normal 0.638976 -0.326193 -0.69664
outer loop
vertex 0.325974 0.231472 -0.420206
vertex 0.325974 0.260406 -0.433754
vertex 0.552672 0.280604 -0.235279
endloop
endfacet
facet normal 0.637704 -0.333234 -0.694471
outer loop
vertex 0.552672 0.280604 -0.235279
vertex 0.325974 0.260406 -0.433754
vertex 0.552672 0.31568 -0.252109
endloop
endfacet
facet normal 0.634461 -0.367522 -0.67999
outer loop
vertex 0.325974 0.260406 -0.433754
vertex 0.325974 0.28934 -0.449392
vertex 0.552672 0.31568 -0.252109
endloop
endfacet
facet normal 0.632955 -0.375107 -0.677247
outer loop
vertex 0.552672 0.31568 -0.252109
vertex 0.325974 0.28934 -0.449392
vertex 0.552672 0.350755 -0.271537
endloop
endfacet
facet normal 0.629158 -0.409962 -0.660372
outer loop
vertex 0.325974 0.28934 -0.449392
vertex 0.325974 0.318274 -0.467355
vertex 0.552672 0.350755 -0.271537
endloop
endfacet
facet normal 0.627402 -0.417978 -0.657009
outer loop
vertex 0.552672 0.350755 -0.271537
vertex 0.325974 0.318274 -0.467355
vertex 0.552672 0.385831 -0.293851
endloop
endfacet
facet normal 0.622934 -0.453713 -0.637258
outer loop
vertex 0.325974 0.318274 -0.467355
vertex 0.325974 0.347209 -0.487955
vertex 0.552672 0.385831 -0.293851
endloop
endfacet
facet normal 0.620914 -0.462025 -0.633245
outer loop
vertex 0.552672 0.385831 -0.293851
vertex 0.325974 0.347209 -0.487955
vertex 0.552672 0.420906 -0.319443
endloop
endfacet
facet normal 0.615606 -0.499019 -0.609925
outer loop
vertex 0.325974 0.347209 -0.487955
vertex 0.325974 0.376143 -0.511628
vertex 0.552672 0.420906 -0.319443
endloop
endfacet
facet normal 0.613312 -0.507463 -0.605252
outer loop
vertex 0.552672 0.420906 -0.319443
vertex 0.325974 0.376143 -0.511628
vertex 0.552672 0.455982 -0.348851
endloop
endfacet
facet normal 0.606916 -0.546185 -0.577352
outer loop
vertex 0.325974 0.376143 -0.511628
vertex 0.325974 0.405077 -0.539
vertex 0.552672 0.455982 -0.348851
endloop
endfacet
facet normal 0.604341 -0.554566 -0.572039
outer loop
vertex 0.552672 0.455982 -0.348851
vertex 0.325974 0.405077 -0.539
vertex 0.552672 0.491057 -0.382855
endloop
endfacet
facet normal 0.596474 -0.59562 -0.53801
outer loop
vertex 0.325974 0.405077 -0.539
vertex 0.325974 0.434011 -0.571032
vertex 0.552672 0.491057 -0.382855
endloop
endfacet
facet normal 0.593623 -0.6037 -0.532126
outer loop
vertex 0.552672 0.491057 -0.382855
vertex 0.325974 0.434011 -0.571032
vertex 0.552672 0.526133 -0.422649
endloop
endfacet
facet normal 0.583653 -0.647915 -0.489444
outer loop
vertex 0.325974 0.434011 -0.571032
vertex 0.325974 0.462945 -0.609335
vertex 0.552672 0.526133 -0.422649
endloop
endfacet
facet normal 0.580542 -0.655404 -0.483132
outer loop
vertex 0.552672 0.526133 -0.422649
vertex 0.325974 0.462945 -0.609335
vertex 0.552672 0.561208 -0.470231
endloop
endfacet
facet normal 0.567297 -0.704055 -0.427178
outer loop
vertex 0.325974 0.462945 -0.609335
vertex 0.325974 0.491879 -0.657022
vertex 0.552672 0.561208 -0.470231
endloop
endfacet
facet normal 0.563971 -0.710586 -0.420718
outer loop
vertex 0.552672 0.561208 -0.470231
vertex 0.325974 0.491879 -0.657022
vertex 0.552672 0.596284 -0.529473
endloop
endfacet
facet normal 0.50433 -0.837346 -0.210958
outer loop
vertex 0.325974 0.491879 -0.657022
vertex 0.325974 0.549747 -0.886716
vertex 0.552672 0.596284 -0.529473
endloop
endfacet
facet normal 0.498836 -0.841635 -0.206912
outer loop
vertex 0.552672 0.596284 -0.529473
vertex 0.325974 0.549747 -0.886716
vertex 0.552672 0.666435 -0.814819
endloop
endfacet
facet normal 0.431245 -0.89709 0.0962137
outer loop
vertex 0.325974 0.549747 -0.886716
vertex 0.325974 0.520813 -1.1565
vertex 0.552672 0.666435 -0.814819
endloop
endfacet
facet normal 0.440741 -0.893282 0.0882897
outer loop
vertex 0.552672 0.666435 -0.814819
vertex 0.325974 0.520813 -1.1565
vertex 0.552672 0.631359 -1.1697
endloop
endfacet
facet normal 0.437011 -0.868024 0.235704
outer loop
vertex 0.325974 0.520813 -1.1565
vertex 0.325974 0.491879 -1.26305
vertex 0.552672 0.631359 -1.1697
endloop
endfacet
facet normal 0.444995 -0.868746 0.217394
outer loop
vertex 0.552672 0.631359 -1.1697
vertex 0.325974 0.491879 -1.26305
vertex 0.552672 0.596284 -1.30987
endloop
endfacet
facet normal 0.449787 -0.837551 0.310162
outer loop
vertex 0.325974 0.491879 -1.26305
vertex 0.325974 0.462945 -1.34118
vertex 0.552672 0.596284 -1.30987
endloop
endfacet
facet normal 0.455768 -0.842394 0.287484
outer loop
vertex 0.552672 0.596284 -1.30987
vertex 0.325974 0.462945 -1.34118
vertex 0.552672 0.561208 -1.41265
endloop
endfacet
facet normal 0.465267 -0.803844 0.370622
outer loop
vertex 0.325974 0.462945 -1.34118
vertex 0.325974 0.434011 -1.40394
vertex 0.552672 0.561208 -1.41265
endloop
endfacet
facet normal 0.46928 -0.812729 0.345323
outer loop
vertex 0.552672 0.561208 -1.41265
vertex 0.325974 0.434011 -1.40394
vertex 0.552672 0.526133 -1.4952
endloop
endfacet
facet normal 0.48207 -0.767256 0.422996
outer loop
vertex 0.325974 0.434011 -1.40394
vertex 0.325974 0.405077 -1.45642
vertex 0.552672 0.526133 -1.4952
endloop
endfacet
facet normal 0.484307 -0.780001 0.396289
outer loop
vertex 0.552672 0.526133 -1.4952
vertex 0.325974 0.405077 -1.45642
vertex 0.552672 0.491057 -1.56424
endloop
endfacet
facet normal 0.499472 -0.727971 0.469667
outer loop
vertex 0.325974 0.405077 -1.45642
vertex 0.325974 0.376143 -1.50127
vertex 0.552672 0.491057 -1.56424
endloop
endfacet
facet normal 0.500205 -0.744289 0.442526
outer loop
vertex 0.552672 0.491057 -1.56424
vertex 0.325974 0.376143 -1.50127
vertex 0.552672 0.455982 -1.62323
endloop
endfacet
facet normal 0.516999 -0.686106 0.511831
outer loop
vertex 0.325974 0.376143 -1.50127
vertex 0.325974 0.347209 -1.54005
vertex 0.552672 0.455982 -1.62323
endloop
endfacet
facet normal 0.516542 -0.705604 0.485084
outer loop
vertex 0.552672 0.455982 -1.62323
vertex 0.325974 0.347209 -1.54005
vertex 0.552672 0.420906 -1.67425
endloop
endfacet
facet normal 0.534303 -0.641759 0.55015
outer loop
vertex 0.325974 0.347209 -1.54005
vertex 0.325974 0.318274 -1.57381
vertex 0.552672 0.420906 -1.67425
endloop
endfacet
facet normal 0.532985 -0.663937 0.524514
outer loop
vertex 0.552672 0.420906 -1.67425
vertex 0.325974 0.318274 -1.57381
vertex 0.552672 0.385831 -1.71865
endloop
endfacet
facet normal 0.551099 -0.595029 0.585004
outer loop
vertex 0.325974 0.318274 -1.57381
vertex 0.325974 0.28934 -1.60324
vertex 0.552672 0.385831 -1.71865
endloop
endfacet
facet normal 0.549246 -0.619282 0.561087
outer loop
vertex 0.552672 0.385831 -1.71865
vertex 0.325974 0.28934 -1.60324
vertex 0.552672 0.350755 -1.75736
endloop
endfacet
facet normal 0.567146 -0.546025 0.616605
outer loop
vertex 0.325974 0.28934 -1.60324
vertex 0.325974 0.260406 -1.62886
vertex 0.552672 0.350755 -1.75736
endloop
endfacet
facet normal 0.565061 -0.571656 0.594908
outer loop
vertex 0.552672 0.350755 -1.75736
vertex 0.325974 0.260406 -1.62886
vertex 0.552672 0.31568 -1.79107
endloop
endfacet
facet normal 0.58223 -0.494874 0.645065
outer loop
vertex 0.325974 0.260406 -1.62886
vertex 0.325974 0.231472 -1.65105
vertex 0.552672 0.31568 -1.79107
endloop
endfacet
facet normal 0.580181 -0.521105 0.625971
outer loop
vertex 0.552672 0.31568 -1.79107
vertex 0.325974 0.231472 -1.65105
vertex 0.552672 0.280604 -1.82027
endloop
endfacet
facet normal 0.59616 -0.441724 0.670428
outer loop
vertex 0.325974 0.231472 -1.65105
vertex 0.325974 0.202538 -1.67012
vertex 0.552672 0.280604 -1.82027
endloop
endfacet
facet normal 0.594361 -0.46772 0.654196
outer loop
vertex 0.552672 0.280604 -1.82027
vertex 0.325974 0.202538 -1.67012
vertex 0.552672 0.245529 -1.84535
endloop
endfacet
facet normal 0.608766 -0.386745 0.692699
outer loop
vertex 0.325974 0.202538 -1.67012
vertex 0.325974 0.173604 -1.68627
vertex 0.552672 0.245529 -1.84535
endloop
endfacet
facet normal 0.607369 -0.41164 0.679452
outer loop
vertex 0.552672 0.245529 -1.84535
vertex 0.325974 0.173604 -1.68627
vertex 0.552672 0.210453 -1.8666
endloop
endfacet
facet normal 0.619897 -0.330129 0.711858
outer loop
vertex 0.325974 0.173604 -1.68627
vertex 0.325974 0.14467 -1.69969
vertex 0.552672 0.210453 -1.8666
endloop
endfacet
facet normal 0.618982 -0.353058 0.701578
outer loop
vertex 0.552672 0.210453 -1.8666
vertex 0.325974 0.14467 -1.69969
vertex 0.552672 0.175378 -1.88425
endloop
endfacet
facet normal 0.62942 -0.272092 0.727871
outer loop
vertex 0.325974 0.14467 -1.69969
vertex 0.325974 0.115736 -1.71051
vertex 0.552672 0.175378 -1.88425
endloop
endfacet
facet normal 0.628991 -0.292223 0.7204
outer loop
vertex 0.552672 0.175378 -1.88425
vertex 0.325974 0.115736 -1.71051
vertex 0.552672 0.140302 -1.89847
endloop
endfacet
facet normal 0.637222 -0.212869 0.740699
outer loop
vertex 0.325974 0.115736 -1.71051
vertex 0.325974 0.0868021 -1.71882
vertex 0.552672 0.140302 -1.89847
endloop
endfacet
facet normal 0.637208 -0.229444 0.735745
outer loop
vertex 0.552672 0.140302 -1.89847
vertex 0.325974 0.0868021 -1.71882
vertex 0.552672 0.105227 -1.90941
endloop
endfacet
facet normal 0.643212 -0.152711 0.750305
outer loop
vertex 0.325974 0.0868021 -1.71882
vertex 0.325974 0.0578681 -1.72471
vertex 0.552672 0.105227 -1.90941
endloop
endfacet
facet normal 0.643475 -0.165081 0.747455
outer loop
vertex 0.552672 0.105227 -1.90941
vertex 0.325974 0.0578681 -1.72471
vertex 0.552672 0.070151 -1.91716
endloop
endfacet
facet normal 0.647322 -0.0918852 0.756658
outer loop
vertex 0.325974 0.0578681 -1.72471
vertex 0.325974 0.028934 -1.72823
vertex 0.552672 0.070151 -1.91716
endloop
endfacet
facet normal 0.647663 -0.0995407 0.755397
outer loop
vertex 0.552672 0.070151 -1.91716
vertex 0.325974 0.028934 -1.72823
vertex 0.552672 0.0350755 -1.92178
endloop
endfacet
facet normal 0.649504 -0.0306676 0.759739
outer loop
vertex 0.325974 0.028934 -1.72823
vertex 0.325974 -1.99602e-17 -1.72939
vertex 0.552672 0.0350755 -1.92178
endloop
endfacet
facet normal 0.649683 -0.0332667 0.759477
outer loop
vertex 0.552672 0.0350755 -1.92178
vertex 0.325974 -1.99602e-17 -1.72939
vertex 0.552672 -3.38414e-17 -1.92332
endloop
endfacet
facet normal 0.649738 0.0306596 0.75954
outer loop
vertex 0.325974 -1.99602e-17 -1.72939
vertex 0.325974 -0.028934 -1.72823
vertex 0.552672 -3.38414e-17 -1.92332
endloop
endfacet
facet normal 0.649491 0.0332739 0.759641
outer loop
vertex 0.552672 -3.38414e-17 -1.92332
vertex 0.325974 -0.028934 -1.72823
vertex 0.552672 -0.0350755 -1.92178
endloop
endfacet
facet normal 0.648024 0.0918133 0.756066
outer loop
vertex 0.325974 -0.028934 -1.72823
vertex 0.325974 -0.0578681 -1.72471
vertex 0.552672 -0.0350755 -1.92178
endloop
endfacet
facet normal 0.647084 0.0996049 0.755885
outer loop
vertex 0.552672 -0.0350755 -1.92178
vertex 0.325974 -0.0578681 -1.72471
vertex 0.552672 -0.070151 -1.91716
endloop
endfacet
facet normal 0.644389 0.152514 0.749334
outer loop
vertex 0.325974 -0.0578681 -1.72471
vertex 0.325974 -0.0868021 -1.71882
vertex 0.552672 -0.070151 -1.91716
endloop
endfacet
facet normal 0.642505 0.165257 0.74825
outer loop
vertex 0.552672 -0.070151 -1.91716
vertex 0.325974 -0.0868021 -1.71882
vertex 0.552672 -0.105227 -1.90941
endloop
endfacet
facet normal 0.638883 0.212489 0.739376
outer loop
vertex 0.325974 -0.0868021 -1.71882
vertex 0.325974 -0.115736 -1.71051
vertex 0.552672 -0.105227 -1.90941
endloop
endfacet
facet normal 0.635841 0.22978 0.736823
outer loop
vertex 0.552672 -0.105227 -1.90941
vertex 0.325974 -0.115736 -1.71051
vertex 0.552672 -0.140302 -1.89847
endloop
endfacet
facet normal 0.631577 0.271479 0.72623
outer loop
vertex 0.325974 -0.115736 -1.71051
vertex 0.325974 -0.14467 -1.69969
vertex 0.552672 -0.140302 -1.89847
endloop
endfacet
facet normal 0.627217 0.292761 0.721726
outer loop
vertex 0.552672 -0.140302 -1.89847
vertex 0.325974 -0.14467 -1.69969
vertex 0.552672 -0.175378 -1.88425
endloop
endfacet
facet normal 0.622564 0.32924 0.709941
outer loop
vertex 0.325974 -0.14467 -1.69969
vertex 0.325974 -0.173604 -1.68627
vertex 0.552672 -0.175378 -1.88425
endloop
endfacet
facet normal 0.616794 0.35383 0.703114
outer loop
vertex 0.552672 -0.175378 -1.88425
vertex 0.325974 -0.173604 -1.68627
vertex 0.552672 -0.210453 -1.8666
endloop
endfacet
facet normal 0.611958 0.385546 0.690552
outer loop
vertex 0.325974 -0.173604 -1.68627
vertex 0.325974 -0.202538 -1.67012
vertex 0.552672 -0.210453 -1.8666
endloop
endfacet
facet normal 0.604759 0.412671 0.681153
outer loop
vertex 0.552672 -0.210453 -1.8666
vertex 0.325974 -0.202538 -1.67012
vertex 0.552672 -0.245529 -1.84535
endloop
endfacet
facet normal 0.599891 0.440192 0.668103
outer loop
vertex 0.325974 -0.202538 -1.67012
vertex 0.325974 -0.231472 -1.65105
vertex 0.552672 -0.245529 -1.84535
endloop
endfacet
facet normal 0.59132 0.469022 0.656017
outer loop
vertex 0.552672 -0.245529 -1.84535
vertex 0.325974 -0.231472 -1.65105
vertex 0.552672 -0.280604 -1.82027
endloop
endfacet
facet normal 0.586513 0.492996 0.642617
outer loop
vertex 0.325974 -0.231472 -1.65105
vertex 0.325974 -0.260406 -1.62886
vertex 0.552672 -0.280604 -1.82027
endloop
endfacet
facet normal 0.576704 0.522682 0.627866
outer loop
vertex 0.552672 -0.280604 -1.82027
vertex 0.325974 -0.260406 -1.62886
vertex 0.552672 -0.31568 -1.79107
endloop
endfacet
facet normal 0.571994 0.543798 0.61409
outer loop
vertex 0.325974 -0.260406 -1.62886
vertex 0.325974 -0.28934 -1.60324
vertex 0.552672 -0.31568 -1.79107
endloop
endfacet
facet normal 0.561146 0.573504 0.596832
outer loop
vertex 0.552672 -0.31568 -1.79107
vertex 0.325974 -0.28934 -1.60324
vertex 0.552672 -0.350755 -1.75736
endloop
endfacet
facet normal 0.556521 0.592458 0.582476
outer loop
vertex 0.325974 -0.28934 -1.60324
vertex 0.325974 -0.318274 -1.57381
vertex 0.552672 -0.350755 -1.75736
endloop
endfacet
facet normal 0.544894 0.62139 0.562997
outer loop
vertex 0.552672 -0.350755 -1.75736
vertex 0.325974 -0.318274 -1.57381
vertex 0.552672 -0.385831 -1.71865
endloop
endfacet
facet normal 0.540302 0.638858 0.547663
outer loop
vertex 0.325974 -0.318274 -1.57381
vertex 0.325974 -0.347209 -1.54005
vertex 0.552672 -0.385831 -1.71865
endloop
endfacet
facet normal 0.5282 0.666287 0.52637
outer loop
vertex 0.552672 -0.385831 -1.71865
vertex 0.325974 -0.347209 -1.54005
vertex 0.552672 -0.420906 -1.67425
endloop
endfacet
facet normal 0.523574 0.682895 0.509435
outer loop
vertex 0.325974 -0.347209 -1.54005
vertex 0.325974 -0.376143 -1.50127
vertex 0.552672 -0.420906 -1.67425
endloop
endfacet
facet normal 0.511334 0.708176 0.486852
outer loop
vertex 0.552672 -0.420906 -1.67425
vertex 0.325974 -0.376143 -1.50127
vertex 0.552672 -0.455982 -1.62323
endloop
endfacet
facet normal 0.506616 0.724476 0.467412
outer loop
vertex 0.325974 -0.376143 -1.50127
vertex 0.325974 -0.405077 -1.45642
vertex 0.552672 -0.455982 -1.62323
endloop
endfacet
facet normal 0.494586 0.747058 0.444172
outer loop
vertex 0.552672 -0.455982 -1.62323
vertex 0.325974 -0.405077 -1.45642
vertex 0.552672 -0.491057 -1.56424
endloop
endfacet
facet normal 0.48977 0.763507 0.420929
outer loop
vertex 0.325974 -0.405077 -1.45642
vertex 0.325974 -0.434011 -1.40394
vertex 0.552672 -0.491057 -1.56424
endloop
endfacet
facet normal 0.478296 0.782944 0.397784
outer loop
vertex 0.552672 -0.491057 -1.56424
vertex 0.325974 -0.434011 -1.40394
vertex 0.552672 -0.526133 -1.4952
endloop
endfacet
facet normal 0.473501 0.799869 0.36879
outer loop
vertex 0.325974 -0.434011 -1.40394
vertex 0.325974 -0.462945 -1.34118
vertex 0.552672 -0.526133 -1.4952
endloop
endfacet
facet normal 0.462898 0.815823 0.346638
outer loop
vertex 0.552672 -0.526133 -1.4952
vertex 0.325974 -0.462945 -1.34118
vertex 0.552672 -0.561208 -1.41265
endloop
endfacet
facet normal 0.458521 0.833376 0.308616
outer loop
vertex 0.325974 -0.462945 -1.34118
vertex 0.325974 -0.491879 -1.26305
vertex 0.552672 -0.561208 -1.41265
endloop
endfacet
facet normal 0.449047 0.845621 0.288585
outer loop
vertex 0.552672 -0.561208 -1.41265
vertex 0.325974 -0.491879 -1.26305
vertex 0.552672 -0.596284 -1.30987
endloop
endfacet
facet normal 0.437537 0.888755 0.136662
outer loop
vertex 0.325974 -0.491879 -1.26305
vertex 0.325974 -0.549747 -0.886716
vertex 0.552672 -0.596284 -1.30987
endloop
endfacet
facet normal 0.421749 0.897744 0.127215
outer loop
vertex 0.552672 -0.596284 -1.30987
vertex 0.325974 -0.549747 -0.886716
vertex 0.552672 -0.666435 -0.814819
endloop
endfacet
facet normal 0.531486 0.834882 -0.14316
outer loop
vertex 0.552672 -0.666435 -0.814819
vertex 0.552672 -0.631359 -0.610266
vertex 0.779069 -0.798924 -0.746964
endloop
endfacet
facet normal 0.530562 0.835149 -0.145017
outer loop
vertex 0.779069 -0.798924 -0.746964
vertex 0.552672 -0.631359 -0.610266
vertex 0.779069 -0.756875 -0.504807
endloop
endfacet
facet normal 0.570177 0.75357 -0.327156
outer loop
vertex 0.552672 -0.631359 -0.610266
vertex 0.552672 -0.596284 -0.529473
vertex 0.779069 -0.756875 -0.504807
endloop
endfacet
facet normal 0.569706 0.752352 -0.330758
outer loop
vertex 0.779069 -0.756875 -0.504807
vertex 0.552672 -0.596284 -0.529473
vertex 0.779069 -0.714827 -0.409162
endloop
endfacet
facet normal 0.584997 0.697886 -0.413198
outer loop
vertex 0.552672 -0.596284 -0.529473
vertex 0.552672 -0.561208 -0.470231
vertex 0.779069 -0.714827 -0.409162
endloop
endfacet
facet normal 0.584657 0.695803 -0.417175
outer loop
vertex 0.779069 -0.714827 -0.409162
vertex 0.552672 -0.561208 -0.470231
vertex 0.779069 -0.672778 -0.33903
endloop
endfacet
facet normal 0.595124 0.646875 -0.476844
outer loop
vertex 0.552672 -0.561208 -0.470231
vertex 0.552672 -0.526133 -0.422649
vertex 0.779069 -0.672778 -0.33903
endloop
endfacet
facet normal 0.594845 0.644161 -0.480849
outer loop
vertex 0.779069 -0.672778 -0.33903
vertex 0.552672 -0.526133 -0.422649
vertex 0.779069 -0.630729 -0.2827
endloop
endfacet
facet normal 0.60272 0.598606 -0.527635
outer loop
vertex 0.552672 -0.526133 -0.422649
vertex 0.552672 -0.491057 -0.382855
vertex 0.779069 -0.630729 -0.2827
endloop
endfacet
facet normal 0.602472 0.595443 -0.531484
outer loop
vertex 0.779069 -0.630729 -0.2827
vertex 0.552672 -0.491057 -0.382855
vertex 0.779069 -0.588681 -0.235591
endloop
endfacet
facet normal 0.608684 0.55226 -0.569661
outer loop
vertex 0.552672 -0.491057 -0.382855
vertex 0.552672 -0.455982 -0.348851
vertex 0.779069 -0.588681 -0.235591
endloop
endfacet
facet normal 0.608448 0.548797 -0.573247
outer loop
vertex 0.779069 -0.588681 -0.235591
vertex 0.552672 -0.455982 -0.348851
vertex 0.779069 -0.546632 -0.195336
endloop
endfacet
facet normal 0.613491 0.507373 -0.605145
outer loop
vertex 0.552672 -0.455982 -0.348851
vertex 0.552672 -0.420906 -0.319443
vertex 0.779069 -0.546632 -0.195336
endloop
endfacet
facet normal 0.613261 0.503738 -0.608407
outer loop
vertex 0.779069 -0.546632 -0.195336
vertex 0.552672 -0.420906 -0.319443
vertex 0.779069 -0.504583 -0.160521
endloop
endfacet
facet normal 0.617433 0.463643 -0.635462
outer loop
vertex 0.552672 -0.420906 -0.319443
vertex 0.552672 -0.385831 -0.293851
vertex 0.779069 -0.504583 -0.160521
endloop
endfacet
facet normal 0.617203 0.459945 -0.638366
outer loop
vertex 0.779069 -0.504583 -0.160521
vertex 0.552672 -0.385831 -0.293851
vertex 0.779069 -0.462535 -0.130225
endloop
endfacet
facet normal 0.620698 0.420852 -0.661527
outer loop
vertex 0.552672 -0.385831 -0.293851
vertex 0.552672 -0.350755 -0.271537
vertex 0.779069 -0.462535 -0.130225
endloop
endfacet
facet normal 0.620468 0.417187 -0.664058
outer loop
vertex 0.779069 -0.462535 -0.130225
vertex 0.552672 -0.350755 -0.271537
vertex 0.779069 -0.420486 -0.103808
endloop
endfacet
facet normal 0.623418 0.378838 -0.683983
outer loop
vertex 0.552672 -0.350755 -0.271537
vertex 0.552672 -0.31568 -0.252109
vertex 0.779069 -0.420486 -0.103808
endloop
endfacet
facet normal 0.62319 0.375289 -0.686143
outer loop
vertex 0.779069 -0.420486 -0.103808
vertex 0.552672 -0.31568 -0.252109
vertex 0.779069 -0.378438 -0.0808097
endloop
endfacet
facet normal 0.625687 0.33747 -0.703299
outer loop
vertex 0.552672 -0.31568 -0.252109
vertex 0.552672 -0.280604 -0.235279
vertex 0.779069 -0.378438 -0.0808097
endloop
endfacet
facet normal 0.625464 0.334109 -0.7051
outer loop
vertex 0.779069 -0.378438 -0.0808097
vertex 0.552672 -0.280604 -0.235279
vertex 0.779069 -0.336389 -0.0608852
endloop
endfacet
facet normal 0.627576 0.296641 -0.719828
outer loop
vertex 0.552672 -0.280604 -0.235279
vertex 0.552672 -0.245529 -0.220824
vertex 0.779069 -0.336389 -0.0608852
endloop
endfacet
facet normal 0.627361 0.293531 -0.721289
outer loop
vertex 0.779069 -0.336389 -0.0608852
vertex 0.552672 -0.245529 -0.220824
vertex 0.779069 -0.29434 -0.0437733
endloop
endfacet
facet normal 0.629138 0.256261 -0.733837
outer loop
vertex 0.552672 -0.245529 -0.220824
vertex 0.552672 -0.210453 -0.208576
vertex 0.779069 -0.29434 -0.0437733
endloop
endfacet
facet normal 0.628934 0.253457 -0.734984
outer loop
vertex 0.779069 -0.29434 -0.0437733
vertex 0.552672 -0.210453 -0.208576
vertex 0.779069 -0.252292 -0.029273
endloop
endfacet
facet normal 0.630411 0.216252 -0.745531
outer loop
vertex 0.552672 -0.210453 -0.208576
vertex 0.552672 -0.175378 -0.198402
vertex 0.779069 -0.252292 -0.029273
endloop
endfacet
facet normal 0.630224 0.213799 -0.746396
outer loop
vertex 0.779069 -0.252292 -0.029273
vertex 0.552672 -0.175378 -0.198402
vertex 0.779069 -0.210243 -0.0172285
endloop
endfacet
facet normal 0.631428 0.176544 -0.75507
outer loop
vertex 0.552672 -0.175378 -0.198402
vertex 0.552672 -0.140302 -0.1902
vertex 0.779069 -0.210243 -0.0172285
endloop
endfacet
facet normal 0.631263 0.174482 -0.755687
outer loop
vertex 0.779069 -0.210243 -0.0172285
vertex 0.552672 -0.140302 -0.1902
vertex 0.779069 -0.168194 -0.00751988
endloop
endfacet
facet normal 0.632211 0.137074 -0.762574
outer loop
vertex 0.552672 -0.140302 -0.1902
vertex 0.552672 -0.105227 -0.183896
vertex 0.779069 -0.168194 -0.00751988
endloop
endfacet
facet normal 0.632073 0.135435 -0.762982
outer loop
vertex 0.779069 -0.168194 -0.00751988
vertex 0.552672 -0.105227 -0.183896
vertex 0.779069 -0.126146 -5.59421e-05
endloop
endfacet
facet normal 0.632778 0.0977853 -0.768134
outer loop
vertex 0.552672 -0.105227 -0.183896
vertex 0.552672 -0.070151 -0.17943
vertex 0.779069 -0.126146 -5.59421e-05
endloop
endfacet
facet normal 0.632672 0.0965941 -0.768372
outer loop
vertex 0.779069 -0.126146 -5.59421e-05
vertex 0.552672 -0.070151 -0.17943
vertex 0.779069 -0.0840972 0.0052301
endloop
endfacet
facet normal 0.63314 0.0586222 -0.771814
outer loop
vertex 0.552672 -0.070151 -0.17943
vertex 0.552672 -0.0350755 -0.176766
vertex 0.779069 -0.0840972 0.0052301
endloop
endfacet
facet normal 0.633072 0.0578984 -0.771925
outer loop
vertex 0.779069 -0.0840972 0.0052301
vertex 0.552672 -0.0350755 -0.176766
vertex 0.779069 -0.0420486 0.00838397
endloop
endfacet
facet normal 0.633306 0.0195329 -0.773655
outer loop
vertex 0.552672 -0.0350755 -0.176766
vertex 0.552672 -3.38414e-17 -0.175881
vertex 0.779069 -0.0420486 0.00838397
endloop
endfacet
facet normal 0.633281 0.0192896 -0.773681
outer loop
vertex 0.779069 -0.0420486 0.00838397
vertex 0.552672 -3.38414e-17 -0.175881
vertex 0.779069 -4.77042e-17 0.00943233
endloop
endfacet
facet normal 0.633278 -0.0195335 -0.773677
outer loop
vertex 0.552672 -3.38414e-17 -0.175881
vertex 0.552672 0.0350755 -0.176766
vertex 0.779069 -4.77042e-17 0.00943233
endloop
endfacet
facet normal 0.633304 -0.0192892 -0.773663
outer loop
vertex 0.779069 -4.77042e-17 0.00943233
vertex 0.552672 0.0350755 -0.176766
vertex 0.779069 0.0420486 0.00838397
endloop
endfacet
facet normal 0.633058 -0.0586272 -0.771881
outer loop
vertex 0.552672 0.0350755 -0.176766
vertex 0.552672 0.070151 -0.17943
vertex 0.779069 0.0420486 0.00838397
endloop
endfacet
facet normal 0.63314 -0.0578943 -0.771869
outer loop
vertex 0.779069 0.0420486 0.00838397
vertex 0.552672 0.070151 -0.17943
vertex 0.779069 0.0840972 0.0052301
endloop
endfacet
facet normal 0.632642 -0.0977993 -0.768245
outer loop
vertex 0.552672 0.070151 -0.17943
vertex 0.552672 0.105227 -0.183896
vertex 0.779069 0.0840972 0.0052301
endloop
endfacet
facet normal 0.632785 -0.0965825 -0.76828
outer loop
vertex 0.779069 0.0840972 0.0052301
vertex 0.552672 0.105227 -0.183896
vertex 0.779069 0.126146 -5.59421e-05
endloop
endfacet
facet normal 0.63202 -0.137102 -0.762728
outer loop
vertex 0.552672 0.105227 -0.183896
vertex 0.552672 0.140302 -0.1902
vertex 0.779069 0.126146 -5.59421e-05
endloop
endfacet
facet normal 0.632232 -0.135412 -0.762854
outer loop
vertex 0.779069 0.126146 -5.59421e-05
vertex 0.552672 0.140302 -0.1902
vertex 0.779069 0.168194 -0.00751988
endloop
endfacet
facet normal 0.631182 -0.176589 -0.755265
outer loop
vertex 0.552672 0.140302 -0.1902
vertex 0.552672 0.175378 -0.198402
vertex 0.779069 0.168194 -0.00751988
endloop
endfacet
facet normal 0.631468 -0.174444 -0.755524
outer loop
vertex 0.779069 0.168194 -0.00751988
vertex 0.552672 0.175378 -0.198402
vertex 0.779069 0.210243 -0.0172285
endloop
endfacet
facet normal 0.630109 -0.21632 -0.745767
outer loop
vertex 0.552672 0.175378 -0.198402
vertex 0.552672 0.210453 -0.208576
vertex 0.779069 0.210243 -0.0172285
endloop
endfacet
facet normal 0.630477 -0.213743 -0.746199
outer loop
vertex 0.779069 0.210243 -0.0172285
vertex 0.552672 0.210453 -0.208576
vertex 0.779069 0.252292 -0.029273
endloop
endfacet
facet normal 0.628778 -0.256357 -0.734111
outer loop
vertex 0.552672 0.210453 -0.208576
vertex 0.552672 0.245529 -0.220824
vertex 0.779069 0.252292 -0.029273
endloop
endfacet
facet normal 0.629234 -0.253377 -0.734755
outer loop
vertex 0.779069 0.252292 -0.029273
vertex 0.552672 0.245529 -0.220824
vertex 0.779069 0.29434 -0.0437733
endloop
endfacet
facet normal 0.627159 -0.296769 -0.720139
outer loop
vertex 0.552672 0.245529 -0.220824
vertex 0.552672 0.280604 -0.235279
vertex 0.779069 0.29434 -0.0437733
endloop
endfacet
facet normal 0.627709 -0.293425 -0.721029
outer loop
vertex 0.779069 0.29434 -0.0437733
vertex 0.552672 0.280604 -0.235279
vertex 0.779069 0.336389 -0.0608852
endloop
endfacet
facet normal 0.625211 -0.337635 -0.703644
outer loop
vertex 0.552672 0.280604 -0.235279
vertex 0.552672 0.31568 -0.252109
vertex 0.779069 0.336389 -0.0608852
endloop
endfacet
facet normal 0.625862 -0.333972 -0.704812
outer loop
vertex 0.779069 0.336389 -0.0608852
vertex 0.552672 0.31568 -0.252109
vertex 0.779069 0.378438 -0.0808097
endloop
endfacet
facet normal 0.62288 -0.379046 -0.684357
outer loop
vertex 0.552672 0.31568 -0.252109
vertex 0.552672 0.350755 -0.271537
vertex 0.779069 0.378438 -0.0808097
endloop
endfacet
facet normal 0.623639 -0.375117 -0.685829
outer loop
vertex 0.779069 0.378438 -0.0808097
vertex 0.552672 0.350755 -0.271537
vertex 0.779069 0.420486 -0.103808
endloop
endfacet
facet normal 0.620097 -0.421107 -0.661928
outer loop
vertex 0.552672 0.350755 -0.271537
vertex 0.552672 0.385831 -0.293851
vertex 0.779069 0.420486 -0.103808
endloop
endfacet
facet normal 0.620971 -0.416976 -0.663722
outer loop
vertex 0.779069 0.420486 -0.103808
vertex 0.552672 0.385831 -0.293851
vertex 0.779069 0.462535 -0.130225
endloop
endfacet
facet normal 0.616767 -0.463951 -0.635884
outer loop
vertex 0.552672 0.385831 -0.293851
vertex 0.552672 0.420906 -0.319443
vertex 0.779069 0.462535 -0.130225
endloop
endfacet
facet normal 0.61776 -0.459689 -0.638011
outer loop
vertex 0.779069 0.462535 -0.130225
vertex 0.552672 0.420906 -0.319443
vertex 0.779069 0.504583 -0.160521
endloop
endfacet
facet normal 0.612757 -0.50774 -0.605582
outer loop
vertex 0.552672 0.420906 -0.319443
vertex 0.552672 0.455982 -0.348851
vertex 0.779069 0.504583 -0.160521
endloop
endfacet
facet normal 0.613876 -0.503433 -0.608039
outer loop
vertex 0.779069 0.504583 -0.160521
vertex 0.552672 0.455982 -0.348851
vertex 0.779069 0.546632 -0.195336
endloop
endfacet
facet normal 0.607876 -0.552691 -0.570105
outer loop
vertex 0.552672 0.455982 -0.348851
vertex 0.552672 0.491057 -0.382855
vertex 0.779069 0.546632 -0.195336
endloop
endfacet
facet normal 0.609125 -0.548438 -0.572872
outer loop
vertex 0.779069 0.546632 -0.195336
vertex 0.552672 0.491057 -0.382855
vertex 0.779069 0.588681 -0.235591
endloop
endfacet
facet normal 0.601835 -0.599107 -0.528077
outer loop
vertex 0.552672 0.491057 -0.382855
vertex 0.552672 0.526133 -0.422649
vertex 0.779069 0.588681 -0.235591
endloop
endfacet
facet normal 0.603214 -0.595024 -0.531111
outer loop
vertex 0.779069 0.588681 -0.235591
vertex 0.552672 0.526133 -0.422649
vertex 0.779069 0.630729 -0.2827
endloop
endfacet
facet normal 0.594154 -0.647452 -0.47727
outer loop
vertex 0.552672 0.526133 -0.422649
vertex 0.552672 0.561208 -0.470231
vertex 0.779069 0.630729 -0.2827
endloop
endfacet
facet normal 0.59566 -0.643678 -0.480488
outer loop
vertex 0.779069 0.630729 -0.2827
vertex 0.552672 0.561208 -0.470231
vertex 0.779069 0.672778 -0.33903
endloop
endfacet
facet normal 0.583931 -0.698547 -0.41359
outer loop
vertex 0.552672 0.561208 -0.470231
vertex 0.552672 0.596284 -0.529473
vertex 0.779069 0.672778 -0.33903
endloop
endfacet
facet normal 0.585553 -0.695249 -0.416842
outer loop
vertex 0.779069 0.672778 -0.33903
vertex 0.552672 0.596284 -0.529473
vertex 0.779069 0.714827 -0.409162
endloop
endfacet
facet normal 0.536257 -0.819649 -0.201507
outer loop
vertex 0.552672 0.596284 -0.529473
vertex 0.552672 0.666435 -0.814819
vertex 0.779069 0.714827 -0.409162
endloop
endfacet
facet normal 0.53922 -0.81722 -0.203451
outer loop
vertex 0.779069 0.714827 -0.409162
vertex 0.552672 0.666435 -0.814819
vertex 0.779069 0.798924 -0.746964
endloop
endfacet
facet normal 0.483859 -0.870903 0.0860778
outer loop
vertex 0.552672 0.666435 -0.814819
vertex 0.552672 0.631359 -1.1697
vertex 0.779069 0.798924 -0.746964
endloop
endfacet
facet normal 0.48429 -0.870694 0.0857637
outer loop
vertex 0.779069 0.798924 -0.746964
vertex 0.552672 0.631359 -1.1697
vertex 0.779069 0.756875 -1.17385
endloop
endfacet
facet normal 0.476696 -0.852773 0.213397
outer loop
vertex 0.552672 0.631359 -1.1697
vertex 0.552672 0.596284 -1.30987
vertex 0.779069 0.756875 -1.17385
endloop
endfacet
facet normal 0.477108 -0.852728 0.212658
outer loop
vertex 0.779069 0.756875 -1.17385
vertex 0.552672 0.596284 -1.30987
vertex 0.779069 0.714827 -1.34246
endloop
endfacet
facet normal 0.476537 -0.832037 0.283949
outer loop
vertex 0.552672 0.596284 -1.30987
vertex 0.552672 0.561208 -1.41265
vertex 0.779069 0.714827 -1.34246
endloop
endfacet
facet normal 0.4769 -0.832146 0.283018
outer loop
vertex 0.779069 0.714827 -1.34246
vertex 0.552672 0.561208 -1.41265
vertex 0.779069 0.672778 -1.46609
endloop
endfacet
facet normal 0.47914 -0.807841 0.343246
outer loop
vertex 0.552672 0.561208 -1.41265
vertex 0.552672 0.526133 -1.4952
vertex 0.779069 0.672778 -1.46609
endloop
endfacet
facet normal 0.479448 -0.808107 0.342189
outer loop
vertex 0.779069 0.672778 -1.46609
vertex 0.552672 0.526133 -1.4952
vertex 0.779069 0.630729 -1.5654
endloop
endfacet
facet normal 0.483488 -0.780405 0.396494
outer loop
vertex 0.552672 0.526133 -1.4952
vertex 0.552672 0.491057 -1.56424
vertex 0.779069 0.630729 -1.5654
endloop
endfacet
facet normal 0.483742 -0.780825 0.395355
outer loop
vertex 0.779069 0.630729 -1.5654
vertex 0.552672 0.491057 -1.56424
vertex 0.779069 0.588681 -1.64844
endloop
endfacet
facet normal 0.489081 -0.749731 0.445761
outer loop
vertex 0.552672 0.491057 -1.56424
vertex 0.552672 0.455982 -1.62323
vertex 0.779069 0.588681 -1.64844
endloop
endfacet
facet normal 0.489284 -0.750301 0.444579
outer loop
vertex 0.779069 0.588681 -1.64844
vertex 0.552672 0.455982 -1.62323
vertex 0.779069 0.546632 -1.71941
endloop
endfacet
facet normal 0.495605 -0.715729 0.492045
outer loop
vertex 0.552672 0.455982 -1.62323
vertex 0.552672 0.420906 -1.67425
vertex 0.779069 0.546632 -1.71941
endloop
endfacet
facet normal 0.495761 -0.716439 0.490853
outer loop
vertex 0.779069 0.546632 -1.71941
vertex 0.552672 0.420906 -1.67425
vertex 0.779069 0.504583 -1.78078
endloop
endfacet
facet normal 0.502821 -0.67827 0.535837
outer loop
vertex 0.552672 0.420906 -1.67425
vertex 0.552672 0.385831 -1.71865
vertex 0.779069 0.504583 -1.78078
endloop
endfacet
facet normal 0.502938 -0.679105 0.534667
outer loop
vertex 0.779069 0.504583 -1.78078
vertex 0.552672 0.385831 -1.71865
vertex 0.779069 0.462535 -1.83419
endloop
endfacet
facet normal 0.510522 -0.637219 0.577338
outer loop
vertex 0.552672 0.385831 -1.71865
vertex 0.552672 0.350755 -1.75736
vertex 0.779069 0.462535 -1.83419
endloop
endfacet
facet normal 0.510608 -0.638161 0.57622
outer loop
vertex 0.779069 0.462535 -1.83419
vertex 0.552672 0.350755 -1.75736
vertex 0.779069 0.420486 -1.88076
endloop
endfacet
facet normal 0.518514 -0.592456 0.616554
outer loop
vertex 0.552672 0.350755 -1.75736
vertex 0.552672 0.31568 -1.79107
vertex 0.779069 0.420486 -1.88076
endloop
endfacet
facet normal 0.518577 -0.593481 0.615515
outer loop
vertex 0.779069 0.420486 -1.88076
vertex 0.552672 0.31568 -1.79107
vertex 0.779069 0.378438 -1.9213
endloop
endfacet
facet normal 0.526598 -0.543899 0.653352
outer loop
vertex 0.552672 0.31568 -1.79107
vertex 0.552672 0.280604 -1.82027
vertex 0.779069 0.378438 -1.9213
endloop
endfacet
facet normal 0.526645 -0.544977 0.652415
outer loop
vertex 0.779069 0.378438 -1.9213
vertex 0.552672 0.280604 -1.82027
vertex 0.779069 0.336389 -1.95642
endloop
endfacet
facet normal 0.534568 -0.491523 0.68749
outer loop
vertex 0.552672 0.280604 -1.82027
vertex 0.552672 0.245529 -1.84535
vertex 0.779069 0.336389 -1.95642
endloop
endfacet
facet normal 0.534608 -0.49262 0.686673
outer loop
vertex 0.779069 0.336389 -1.95642
vertex 0.552672 0.245529 -1.84535
vertex 0.779069 0.29434 -1.98659
endloop
endfacet
facet normal 0.542212 -0.435383 0.718643
outer loop
vertex 0.552672 0.245529 -1.84535
vertex 0.552672 0.210453 -1.8666
vertex 0.779069 0.29434 -1.98659
endloop
endfacet
facet normal 0.54225 -0.436459 0.717962
outer loop
vertex 0.779069 0.29434 -1.98659
vertex 0.552672 0.210453 -1.8666
vertex 0.779069 0.252292 -2.01215
endloop
endfacet
facet normal 0.549312 -0.375629 0.746431
outer loop
vertex 0.552672 0.210453 -1.8666
vertex 0.552672 0.175378 -1.88425
vertex 0.779069 0.252292 -2.01215
endloop
endfacet
facet normal 0.549351 -0.376642 0.745892
outer loop
vertex 0.779069 0.252292 -2.01215
vertex 0.552672 0.175378 -1.88425
vertex 0.779069 0.210243 -2.03338
endloop
endfacet
facet normal 0.55565 -0.312523 0.770443
outer loop
vertex 0.552672 0.175378 -1.88425
vertex 0.552672 0.140302 -1.89847
vertex 0.779069 0.210243 -2.03338
endloop
endfacet
facet normal 0.555692 -0.31343 0.770044
outer loop
vertex 0.779069 0.210243 -2.03338
vertex 0.552672 0.140302 -1.89847
vertex 0.779069 0.168194 -2.0505
endloop
endfacet
facet normal 0.561019 -0.246447 0.790267
outer loop
vertex 0.552672 0.140302 -1.89847
vertex 0.552672 0.105227 -1.90941
vertex 0.779069 0.168194 -2.0505
endloop
endfacet
facet normal 0.561063 -0.247206 0.789998
outer loop
vertex 0.779069 0.168194 -2.0505
vertex 0.552672 0.105227 -1.90941
vertex 0.779069 0.126146 -2.06366
endloop
endfacet
facet normal 0.565233 -0.177905 0.805519
outer loop
vertex 0.552672 0.105227 -1.90941
vertex 0.552672 0.070151 -1.91716
vertex 0.779069 0.126146 -2.06366
endloop
endfacet
facet normal 0.565275 -0.178479 0.805363
outer loop
vertex 0.779069 0.126146 -2.06366
vertex 0.552672 0.070151 -1.91716
vertex 0.779069 0.0840972 -2.07297
endloop
endfacet
facet normal 0.56814 -0.107511 0.815879
outer loop
vertex 0.552672 0.070151 -1.91716
vertex 0.552672 0.0350755 -1.92178
vertex 0.779069 0.0840972 -2.07297
endloop
endfacet
facet normal 0.568172 -0.107869 0.81581
outer loop
vertex 0.779069 0.0840972 -2.07297
vertex 0.552672 0.0350755 -1.92178
vertex 0.779069 0.0420486 -2.07853
endloop
endfacet
facet normal 0.56963 -0.0359665 0.821114
outer loop
vertex 0.552672 0.0350755 -1.92178
vertex 0.552672 -3.38414e-17 -1.92332
vertex 0.779069 0.0420486 -2.07853
endloop
endfacet
facet normal 0.569643 -0.036089 0.8211
outer loop
vertex 0.779069 0.0420486 -2.07853
vertex 0.552672 -3.38414e-17 -1.92332
vertex 0.779069 -4.77042e-17 -2.08038
endloop
endfacet
facet normal 0.569645 0.0359661 0.821103
outer loop
vertex 0.552672 -3.38414e-17 -1.92332
vertex 0.552672 -0.0350755 -1.92178
vertex 0.779069 -4.77042e-17 -2.08038
endloop
endfacet
facet normal 0.56963 0.0360894 0.821109
outer loop
vertex 0.779069 -4.77042e-17 -2.08038
vertex 0.552672 -0.0350755 -1.92178
vertex 0.779069 -0.0420486 -2.07853
endloop
endfacet
facet normal 0.568186 0.107506 0.815847
outer loop
vertex 0.552672 -0.0350755 -1.92178
vertex 0.552672 -0.070151 -1.91716
vertex 0.779069 -0.0420486 -2.07853
endloop
endfacet
facet normal 0.568133 0.107873 0.815836
outer loop
vertex 0.779069 -0.0420486 -2.07853
vertex 0.552672 -0.070151 -1.91716
vertex 0.779069 -0.0840972 -2.07297
endloop
endfacet
facet normal 0.56531 0.177894 0.805468
outer loop
vertex 0.552672 -0.070151 -1.91716
vertex 0.552672 -0.105227 -1.90941
vertex 0.779069 -0.0840972 -2.07297
endloop
endfacet
facet normal 0.56521 0.178489 0.805406
outer loop
vertex 0.779069 -0.0840972 -2.07297
vertex 0.552672 -0.105227 -1.90941
vertex 0.779069 -0.126146 -2.06366
endloop
endfacet
facet normal 0.561126 0.246425 0.790197
outer loop
vertex 0.552672 -0.105227 -1.90941
vertex 0.552672 -0.140302 -1.89847
vertex 0.779069 -0.126146 -2.06366
endloop
endfacet
facet normal 0.560973 0.247224 0.790056
outer loop
vertex 0.779069 -0.126146 -2.06366
vertex 0.552672 -0.140302 -1.89847
vertex 0.779069 -0.168194 -2.0505
endloop
endfacet
facet normal 0.555787 0.312488 0.770358
outer loop
vertex 0.552672 -0.140302 -1.89847
vertex 0.552672 -0.175378 -1.88425
vertex 0.779069 -0.168194 -2.0505
endloop
endfacet
facet normal 0.555578 0.313459 0.770115
outer loop
vertex 0.779069 -0.168194 -2.0505
vertex 0.552672 -0.175378 -1.88425
vertex 0.779069 -0.210243 -2.03338
endloop
endfacet
facet normal 0.549478 0.37558 0.746333
outer loop
vertex 0.552672 -0.175378 -1.88425
vertex 0.552672 -0.210453 -1.8666
vertex 0.779069 -0.210243 -2.03338
endloop
endfacet
facet normal 0.549212 0.376683 0.745973
outer loop
vertex 0.779069 -0.210243 -2.03338
vertex 0.552672 -0.210453 -1.8666
vertex 0.779069 -0.252292 -2.01215
endloop
endfacet
facet normal 0.542407 0.435318 0.718535
outer loop
vertex 0.552672 -0.210453 -1.8666
vertex 0.552672 -0.245529 -1.84535
vertex 0.779069 -0.252292 -2.01215
endloop
endfacet
facet normal 0.542087 0.436514 0.718051
outer loop
vertex 0.779069 -0.252292 -2.01215
vertex 0.552672 -0.245529 -1.84535
vertex 0.779069 -0.29434 -1.98659
endloop
endfacet
facet normal 0.534791 0.491441 0.687375
outer loop
vertex 0.552672 -0.245529 -1.84535
vertex 0.552672 -0.280604 -1.82027
vertex 0.779069 -0.29434 -1.98659
endloop
endfacet
facet normal 0.534422 0.492688 0.686769
outer loop
vertex 0.779069 -0.29434 -1.98659
vertex 0.552672 -0.280604 -1.82027
vertex 0.779069 -0.336389 -1.95642
endloop
endfacet
facet normal 0.526847 0.5438 0.653233
outer loop
vertex 0.552672 -0.280604 -1.82027
vertex 0.552672 -0.31568 -1.79107
vertex 0.779069 -0.336389 -1.95642
endloop
endfacet
facet normal 0.526437 0.54506 0.652514
outer loop
vertex 0.779069 -0.336389 -1.95642
vertex 0.552672 -0.31568 -1.79107
vertex 0.779069 -0.378438 -1.9213
endloop
endfacet
facet normal 0.518789 0.59234 0.616434
outer loop
vertex 0.552672 -0.31568 -1.79107
vertex 0.552672 -0.350755 -1.75736
vertex 0.779069 -0.378438 -1.9213
endloop
endfacet
facet normal 0.518347 0.593577 0.615615
outer loop
vertex 0.779069 -0.378438 -1.9213
vertex 0.552672 -0.350755 -1.75736
vertex 0.779069 -0.420486 -1.88076
endloop
endfacet
facet normal 0.510822 0.637087 0.577219
outer loop
vertex 0.552672 -0.350755 -1.75736
vertex 0.552672 -0.385831 -1.71865
vertex 0.779069 -0.420486 -1.88076
endloop
endfacet
facet normal 0.510359 0.638271 0.576319
outer loop
vertex 0.779069 -0.420486 -1.88076
vertex 0.552672 -0.385831 -1.71865
vertex 0.779069 -0.462535 -1.83419
endloop
endfacet
facet normal 0.503143 0.678123 0.535721
outer loop
vertex 0.552672 -0.385831 -1.71865
vertex 0.552672 -0.420906 -1.67425
vertex 0.779069 -0.462535 -1.83419
endloop
endfacet
facet normal 0.50267 0.679228 0.534764
outer loop
vertex 0.779069 -0.462535 -1.83419
vertex 0.552672 -0.420906 -1.67425
vertex 0.779069 -0.504583 -1.78078
endloop
endfacet
facet normal 0.495948 0.715568 0.491934
outer loop
vertex 0.552672 -0.420906 -1.67425
vertex 0.552672 -0.455982 -1.62323
vertex 0.779069 -0.504583 -1.78078
endloop
endfacet
facet normal 0.495476 0.716573 0.490945
outer loop
vertex 0.779069 -0.504583 -1.78078
vertex 0.552672 -0.455982 -1.62323
vertex 0.779069 -0.546632 -1.71941
endloop
endfacet
facet normal 0.489444 0.749556 0.445657
outer loop
vertex 0.552672 -0.455982 -1.62323
vertex 0.552672 -0.491057 -1.56424
vertex 0.779069 -0.546632 -1.71941
endloop
endfacet
facet normal 0.488982 0.750446 0.444665
outer loop
vertex 0.779069 -0.546632 -1.71941
vertex 0.552672 -0.491057 -1.56424
vertex 0.779069 -0.588681 -1.64844
endloop
endfacet
facet normal 0.483868 0.780218 0.396399
outer loop
vertex 0.552672 -0.491057 -1.56424
vertex 0.552672 -0.526133 -1.4952
vertex 0.779069 -0.588681 -1.64844
endloop
endfacet
facet normal 0.483426 0.780981 0.395434
outer loop
vertex 0.779069 -0.588681 -1.64844
vertex 0.552672 -0.526133 -1.4952
vertex 0.779069 -0.630729 -1.5654
endloop
endfacet
facet normal 0.479536 0.807642 0.343162
outer loop
vertex 0.552672 -0.526133 -1.4952
vertex 0.552672 -0.561208 -1.41265
vertex 0.779069 -0.630729 -1.5654
endloop
endfacet
facet normal 0.47912 0.808272 0.342259
outer loop
vertex 0.779069 -0.630729 -1.5654
vertex 0.552672 -0.561208 -1.41265
vertex 0.779069 -0.672778 -1.46609
endloop
endfacet
facet normal 0.476945 0.831827 0.283878
outer loop
vertex 0.552672 -0.561208 -1.41265
vertex 0.552672 -0.596284 -1.30987
vertex 0.779069 -0.672778 -1.46609
endloop
endfacet
facet normal 0.47656 0.832321 0.283077
outer loop
vertex 0.779069 -0.672778 -1.46609
vertex 0.552672 -0.596284 -1.30987
vertex 0.779069 -0.714827 -1.34246
endloop
endfacet
facet normal 0.474211 0.871703 0.123525
outer loop
vertex 0.552672 -0.596284 -1.30987
vertex 0.552672 -0.666435 -0.814819
vertex 0.779069 -0.714827 -1.34246
endloop
endfacet
facet normal 0.473474 0.872154 0.123167
outer loop
vertex 0.779069 -0.714827 -1.34246
vertex 0.552672 -0.666435 -0.814819
vertex 0.779069 -0.798924 -0.746964
endloop
endfacet
facet normal 0.492052 0.857731 -0.148938
outer loop
vertex 0.779069 -0.798924 -0.746964
vertex 0.779069 -0.756875 -0.504807
vertex 1.12366 -0.975353 -0.624593
endloop
endfacet
facet normal 0.49321 0.85766 -0.145478
outer loop
vertex 1.12366 -0.975353 -0.624593
vertex 0.779069 -0.756875 -0.504807
vertex 1.12366 -0.924019 -0.321953
endloop
endfacet
facet normal 0.549445 0.764877 -0.336264
outer loop
vertex 0.779069 -0.756875 -0.504807
vertex 0.779069 -0.714827 -0.409162
vertex 1.12366 -0.924019 -0.321953
endloop
endfacet
facet normal 0.549494 0.767698 -0.329691
outer loop
vertex 1.12366 -0.924019 -0.321953
vertex 0.779069 -0.714827 -0.409162
vertex 1.12366 -0.872685 -0.202419
endloop
endfacet
facet normal 0.574241 0.702154 -0.420983
outer loop
vertex 0.779069 -0.714827 -0.409162
vertex 0.779069 -0.672778 -0.33903
vertex 1.12366 -0.872685 -0.202419
endloop
endfacet
facet normal 0.573986 0.706596 -0.413838
outer loop
vertex 1.12366 -0.872685 -0.202419
vertex 0.779069 -0.672778 -0.33903
vertex 1.12366 -0.82135 -0.11477
endloop
endfacet
facet normal 0.592142 0.645759 -0.482041
outer loop
vertex 0.779069 -0.672778 -0.33903
vertex 0.779069 -0.630729 -0.2827
vertex 1.12366 -0.82135 -0.11477
endloop
endfacet
facet normal 0.591769 0.651334 -0.474947
outer loop
vertex 1.12366 -0.82135 -0.11477
vertex 0.779069 -0.630729 -0.2827
vertex 1.12366 -0.770016 -0.0443706
endloop
endfacet
facet normal 0.606153 0.59336 -0.529625
outer loop
vertex 0.779069 -0.630729 -0.2827
vertex 0.779069 -0.588681 -0.235591
vertex 1.12366 -0.770016 -0.0443706
endloop
endfacet
facet normal 0.605755 0.599702 -0.522894
outer loop
vertex 1.12366 -0.770016 -0.0443706
vertex 0.779069 -0.588681 -0.235591
vertex 1.12366 -0.718681 0.0145043
endloop
endfacet
facet normal 0.617551 0.543913 -0.568146
outer loop
vertex 0.779069 -0.588681 -0.235591
vertex 0.779069 -0.546632 -0.195336
vertex 1.12366 -0.718681 0.0145043
endloop
endfacet
facet normal 0.61718 0.55073 -0.561948
outer loop
vertex 1.12366 -0.718681 0.0145043
vertex 0.779069 -0.546632 -0.195336
vertex 1.12366 -0.667347 0.0648139
endloop
endfacet
facet normal 0.62703 0.496796 -0.600022
outer loop
vertex 0.779069 -0.546632 -0.195336
vertex 0.779069 -0.504583 -0.160521
vertex 1.12366 -0.667347 0.0648139
endloop
endfacet
facet normal 0.626715 0.503845 -0.594448
outer loop
vertex 1.12366 -0.667347 0.0648139
vertex 0.779069 -0.504583 -0.160521
vertex 1.12366 -0.616013 0.108324
endloop
endfacet
facet normal 0.635021 0.451581 -0.626756
outer loop
vertex 0.779069 -0.504583 -0.160521
vertex 0.779069 -0.462535 -0.130225
vertex 1.12366 -0.616013 0.108324
endloop
endfacet
facet normal 0.634775 0.458661 -0.621845
outer loop
vertex 1.12366 -0.616013 0.108324
vertex 0.779069 -0.462535 -0.130225
vertex 1.12366 -0.564678 0.146187
endloop
endfacet
facet normal 0.641808 0.407949 -0.649353
outer loop
vertex 0.779069 -0.462535 -0.130225
vertex 0.779069 -0.420486 -0.103808
vertex 1.12366 -0.564678 0.146187
endloop
endfacet
facet normal 0.641636 0.41489 -0.645112
outer loop
vertex 1.12366 -0.564678 0.146187
vertex 0.779069 -0.420486 -0.103808
vertex 1.12366 -0.513344 0.179202
endloop
endfacet
facet normal 0.647594 0.365651 -0.668522
outer loop
vertex 0.779069 -0.420486 -0.103808
vertex 0.779069 -0.378438 -0.0808097
vertex 1.12366 -0.513344 0.179202
endloop
endfacet
facet normal 0.647493 0.372308 -0.664935
outer loop
vertex 1.12366 -0.513344 0.179202
vertex 0.779069 -0.378438 -0.0808097
vertex 1.12366 -0.462009 0.207945
endloop
endfacet
facet normal 0.652524 0.324481 -0.684781
outer loop
vertex 0.779069 -0.378438 -0.0808097
vertex 0.779069 -0.336389 -0.0608852
vertex 1.12366 -0.462009 0.207945
endloop
endfacet
facet normal 0.65249 0.330733 -0.681816
outer loop
vertex 1.12366 -0.462009 0.207945
vertex 0.779069 -0.336389 -0.0608852
vertex 1.12366 -0.410675 0.232846
endloop
endfacet
facet normal 0.656709 0.284264 -0.698518
outer loop
vertex 0.779069 -0.336389 -0.0608852
vertex 0.779069 -0.29434 -0.0437733
vertex 1.12366 -0.410675 0.232846
endloop
endfacet
facet normal 0.656732 0.290007 -0.696131
outer loop
vertex 1.12366 -0.410675 0.232846
vertex 0.779069 -0.29434 -0.0437733
vertex 1.12366 -0.359341 0.254232
endloop
endfacet
facet normal 0.660233 0.244851 -0.710029
outer loop
vertex 0.779069 -0.29434 -0.0437733
vertex 0.779069 -0.252292 -0.029273
vertex 1.12366 -0.359341 0.254232
endloop
endfacet
facet normal 0.660302 0.249997 -0.708169
outer loop
vertex 1.12366 -0.359341 0.254232
vertex 0.779069 -0.252292 -0.029273
vertex 1.12366 -0.308006 0.272354
endloop
endfacet
facet normal 0.66316 0.206107 -0.719541
outer loop
vertex 0.779069 -0.252292 -0.029273
vertex 0.779069 -0.210243 -0.0172285
vertex 1.12366 -0.308006 0.272354
endloop
endfacet
facet normal 0.663261 0.210583 -0.71815
outer loop
vertex 1.12366 -0.308006 0.272354
vertex 0.779069 -0.210243 -0.0172285
vertex 1.12366 -0.256672 0.287407
endloop
endfacet
facet normal 0.665539 0.167911 -0.72723
outer loop
vertex 0.779069 -0.210243 -0.0172285
vertex 0.779069 -0.168194 -0.00751988
vertex 1.12366 -0.256672 0.287407
endloop
endfacet
facet normal 0.665658 0.171658 -0.726246
outer loop
vertex 1.12366 -0.256672 0.287407
vertex 0.779069 -0.168194 -0.00751988
vertex 1.12366 -0.205338 0.29954
endloop
endfacet
facet normal 0.667408 0.130154 -0.73323
outer loop
vertex 0.779069 -0.168194 -0.00751988
vertex 0.779069 -0.126146 -5.59421e-05
vertex 1.12366 -0.205338 0.29954
endloop
endfacet
facet normal 0.66753 0.133121 -0.732586
outer loop
vertex 1.12366 -0.205338 0.29954
vertex 0.779069 -0.126146 -5.59421e-05
vertex 1.12366 -0.154003 0.308868
endloop
endfacet
facet normal 0.668796 0.0927306 -0.73764
outer loop
vertex 0.779069 -0.126146 -5.59421e-05
vertex 0.779069 -0.0840972 0.0052301
vertex 1.12366 -0.154003 0.308868
endloop
endfacet
facet normal 0.668904 0.0948805 -0.737268
outer loop
vertex 1.12366 -0.154003 0.308868
vertex 0.779069 -0.0840972 0.0052301
vertex 1.12366 -0.102669 0.315475
endloop
endfacet
facet normal 0.669722 0.0555438 -0.740531
outer loop
vertex 0.779069 -0.0840972 0.0052301
vertex 0.779069 -0.0420486 0.00838397
vertex 1.12366 -0.102669 0.315475
endloop
endfacet
facet normal 0.6698 0.0568471 -0.740362
outer loop
vertex 1.12366 -0.102669 0.315475
vertex 0.779069 -0.0420486 0.00838397
vertex 1.12366 -0.0513344 0.319416
endloop
endfacet
facet normal 0.6702 0.0184985 -0.74195
outer loop
vertex 0.779069 -0.0420486 0.00838397
vertex 0.779069 -4.77042e-17 0.00943233
vertex 1.12366 -0.0513344 0.319416
endloop
endfacet
facet normal 0.670231 0.0189359 -0.741911
outer loop
vertex 1.12366 -0.0513344 0.319416
vertex 0.779069 -4.77042e-17 0.00943233
vertex 1.12366 -6.88041e-17 0.320727
endloop
endfacet
facet normal 0.670236 -0.0184977 -0.741917
outer loop
vertex 0.779069 -4.77042e-17 0.00943233
vertex 0.779069 0.0420486 0.00838397
vertex 1.12366 -6.88041e-17 0.320727
endloop
endfacet
facet normal 0.670201 -0.0189366 -0.741938
outer loop
vertex 1.12366 -6.88041e-17 0.320727
vertex 0.779069 0.0420486 0.00838397
vertex 1.12366 0.0513344 0.319416
endloop
endfacet
facet normal 0.66983 -0.0555365 -0.740434
outer loop
vertex 0.779069 0.0420486 0.00838397
vertex 0.779069 0.0840972 0.0052301
vertex 1.12366 0.0513344 0.319416
endloop
endfacet
facet normal 0.669712 -0.0568532 -0.740442
outer loop
vertex 1.12366 0.0513344 0.319416
vertex 0.779069 0.0840972 0.0052301
vertex 1.12366 0.102669 0.315475
endloop
endfacet
facet normal 0.668977 -0.0927103 -0.737479
outer loop
vertex 0.779069 0.0840972 0.0052301
vertex 0.779069 0.126146 -5.59421e-05
vertex 1.12366 0.102669 0.315475
endloop
endfacet
facet normal 0.668756 -0.0948975 -0.737401
outer loop
vertex 1.12366 0.102669 0.315475
vertex 0.779069 0.126146 -5.59421e-05
vertex 1.12366 0.154003 0.308868
endloop
endfacet
facet normal 0.667663 -0.130114 -0.733005
outer loop
vertex 0.779069 0.126146 -5.59421e-05
vertex 0.779069 0.168194 -0.00751988
vertex 1.12366 0.154003 0.308868
endloop
endfacet
facet normal 0.667322 -0.133155 -0.73277
outer loop
vertex 1.12366 0.154003 0.308868
vertex 0.779069 0.168194 -0.00751988
vertex 1.12366 0.205338 0.29954
endloop
endfacet
facet normal 0.665869 -0.167845 -0.726943
outer loop
vertex 0.779069 0.168194 -0.00751988
vertex 0.779069 0.210243 -0.0172285
vertex 1.12366 0.205338 0.29954
endloop
endfacet
facet normal 0.665388 -0.171713 -0.72648
outer loop
vertex 1.12366 0.205338 0.29954
vertex 0.779069 0.210243 -0.0172285
vertex 1.12366 0.256672 0.287407
endloop
endfacet
facet normal 0.663567 -0.206007 -0.719194
outer loop
vertex 0.779069 0.210243 -0.0172285
vertex 0.779069 0.252292 -0.029273
vertex 1.12366 0.256672 0.287407
endloop
endfacet
facet normal 0.662928 -0.210666 -0.718434
outer loop
vertex 1.12366 0.256672 0.287407
vertex 0.779069 0.252292 -0.029273
vertex 1.12366 0.308006 0.272354
endloop
endfacet
facet normal 0.66072 -0.244711 -0.709623
outer loop
vertex 0.779069 0.252292 -0.029273
vertex 0.779069 0.29434 -0.0437733
vertex 1.12366 0.308006 0.272354
endloop
endfacet
facet normal 0.659903 -0.250114 -0.708499
outer loop
vertex 1.12366 0.308006 0.272354
vertex 0.779069 0.29434 -0.0437733
vertex 1.12366 0.359341 0.254232
endloop
endfacet
facet normal 0.657279 -0.284077 -0.698057
outer loop
vertex 0.779069 0.29434 -0.0437733
vertex 0.779069 0.336389 -0.0608852
vertex 1.12366 0.359341 0.254232
endloop
endfacet
facet normal 0.656266 -0.290163 -0.696506
outer loop
vertex 1.12366 0.359341 0.254232
vertex 0.779069 0.336389 -0.0608852
vertex 1.12366 0.410675 0.232846
endloop
endfacet
facet normal 0.653181 -0.324238 -0.684269
outer loop
vertex 0.779069 0.336389 -0.0608852
vertex 0.779069 0.378438 -0.0808097
vertex 1.12366 0.410675 0.232846
endloop
endfacet
facet normal 0.651953 -0.330934 -0.682232
outer loop
vertex 1.12366 0.410675 0.232846
vertex 0.779069 0.378438 -0.0808097
vertex 1.12366 0.462009 0.207945
endloop
endfacet
facet normal 0.648342 -0.365345 -0.667963
outer loop
vertex 0.779069 0.378438 -0.0808097
vertex 0.779069 0.420486 -0.103808
vertex 1.12366 0.462009 0.207945
endloop
endfacet
facet normal 0.646882 -0.372562 -0.665388
outer loop
vertex 1.12366 0.462009 0.207945
vertex 0.779069 0.420486 -0.103808
vertex 1.12366 0.513344 0.179202
endloop
endfacet
facet normal 0.642654 -0.407572 -0.648753
outer loop
vertex 0.779069 0.420486 -0.103808
vertex 0.779069 0.462535 -0.130225
vertex 1.12366 0.513344 0.179202
endloop
endfacet
facet normal 0.640945 -0.415202 -0.645598
outer loop
vertex 1.12366 0.513344 0.179202
vertex 0.779069 0.462535 -0.130225
vertex 1.12366 0.564678 0.146187
endloop
endfacet
facet normal 0.635971 -0.451123 -0.626122
outer loop
vertex 0.779069 0.462535 -0.130225
vertex 0.779069 0.504583 -0.160521
vertex 1.12366 0.564678 0.146187
endloop
endfacet
facet normal 0.634 -0.459038 -0.622357
outer loop
vertex 1.12366 0.564678 0.146187
vertex 0.779069 0.504583 -0.160521
vertex 1.12366 0.616013 0.108324
endloop
endfacet
facet normal 0.628093 -0.49625 -0.599363
outer loop
vertex 0.779069 0.504583 -0.160521
vertex 0.779069 0.546632 -0.195336
vertex 1.12366 0.616013 0.108324
endloop
endfacet
facet normal 0.625849 -0.504295 -0.594978
outer loop
vertex 1.12366 0.616013 0.108324
vertex 0.779069 0.546632 -0.195336
vertex 1.12366 0.667347 0.0648139
endloop
endfacet
facet normal 0.618736 -0.543268 -0.567472
outer loop
vertex 0.779069 0.546632 -0.195336
vertex 0.779069 0.588681 -0.235591
vertex 1.12366 0.667347 0.0648139
endloop
endfacet
facet normal 0.616215 -0.551259 -0.562488
outer loop
vertex 1.12366 0.667347 0.0648139
vertex 0.779069 0.588681 -0.235591
vertex 1.12366 0.718681 0.0145043
endloop
endfacet
facet normal 0.607475 -0.592607 -0.528953
outer loop
vertex 0.779069 0.588681 -0.235591
vertex 0.779069 0.630729 -0.2827
vertex 1.12366 0.718681 0.0145043
endloop
endfacet
facet normal 0.604681 -0.600318 -0.523431
outer loop
vertex 1.12366 0.718681 0.0145043
vertex 0.779069 0.630729 -0.2827
vertex 1.12366 0.770016 -0.0443706
endloop
endfacet
facet normal 0.593619 -0.644887 -0.48139
outer loop
vertex 0.779069 0.630729 -0.2827
vertex 0.779069 0.672778 -0.33903
vertex 1.12366 0.770016 -0.0443706
endloop
endfacet
facet normal 0.590571 -0.652043 -0.475464
outer loop
vertex 1.12366 0.770016 -0.0443706
vertex 0.779069 0.672778 -0.33903
vertex 1.12366 0.82135 -0.11477
endloop
endfacet
facet normal 0.575899 -0.701155 -0.420383
outer loop
vertex 0.779069 0.672778 -0.33903
vertex 0.779069 0.714827 -0.409162
vertex 1.12366 0.82135 -0.11477
endloop
endfacet
facet normal 0.572645 -0.707406 -0.414312
outer loop
vertex 1.12366 0.82135 -0.11477
vertex 0.779069 0.714827 -0.409162
vertex 1.12366 0.872685 -0.202419
endloop
endfacet
facet normal 0.507817 -0.835949 -0.208113
outer loop
vertex 0.779069 0.714827 -0.409162
vertex 0.779069 0.798924 -0.746964
vertex 1.12366 0.872685 -0.202419
endloop
endfacet
facet normal 0.502636 -0.840015 -0.204284
outer loop
vertex 1.12366 0.872685 -0.202419
vertex 0.779069 0.798924 -0.746964
vertex 1.12366 0.975353 -0.624593
endloop
endfacet
facet normal 0.428855 -0.899023 0.0885541
outer loop
vertex 0.779069 0.798924 -0.746964
vertex 0.779069 0.756875 -1.17385
vertex 1.12366 0.975353 -0.624593
endloop
endfacet
facet normal 0.430764 -0.898256 0.0870515
outer loop
vertex 1.12366 0.975353 -0.624593
vertex 0.779069 0.756875 -1.17385
vertex 1.12366 0.924019 -1.1543
endloop
endfacet
facet normal 0.415583 -0.882525 0.220089
outer loop
vertex 0.779069 0.756875 -1.17385
vertex 0.779069 0.714827 -1.34246
vertex 1.12366 0.924019 -1.1543
endloop
endfacet
facet normal 0.417508 -0.882497 0.216532
outer loop
vertex 1.12366 0.924019 -1.1543
vertex 0.779069 0.714827 -1.34246
vertex 1.12366 0.872685 -1.36351
endloop
endfacet
facet normal 0.412925 -0.862259 0.29326
outer loop
vertex 0.779069 0.714827 -1.34246
vertex 0.779069 0.672778 -1.46609
vertex 1.12366 0.872685 -1.36351
endloop
endfacet
facet normal 0.414663 -0.862945 0.288759
outer loop
vertex 1.12366 0.872685 -1.36351
vertex 0.779069 0.672778 -1.46609
vertex 1.12366 0.82135 -1.51692
endloop
endfacet
facet normal 0.413807 -0.838305 0.354976
outer loop
vertex 0.779069 0.672778 -1.46609
vertex 0.779069 0.630729 -1.5654
vertex 1.12366 0.82135 -1.51692
endloop
endfacet
facet normal 0.415312 -0.839719 0.34984
outer loop
vertex 1.12366 0.82135 -1.51692
vertex 0.779069 0.630729 -1.5654
vertex 1.12366 0.770016 -1.64014
endloop
endfacet
facet normal 0.416861 -0.810944 0.410605
outer loop
vertex 0.779069 0.630729 -1.5654
vertex 0.779069 0.588681 -1.64844
vertex 1.12366 0.770016 -1.64014
endloop
endfacet
facet normal 0.418122 -0.813086 0.405049
outer loop
vertex 1.12366 0.770016 -1.64014
vertex 0.779069 0.588681 -1.64844
vertex 1.12366 0.718681 -1.74319
endloop
endfacet
facet normal 0.421445 -0.780179 0.462282
outer loop
vertex 0.779069 0.588681 -1.64844
vertex 0.779069 0.546632 -1.71941
vertex 1.12366 0.718681 -1.74319
endloop
endfacet
facet normal 0.422469 -0.783031 0.456489
outer loop
vertex 1.12366 0.718681 -1.74319
vertex 0.779069 0.546632 -1.71941
vertex 1.12366 0.667347 -1.83125
endloop
endfacet
facet normal 0.427166 -0.745901 0.511039
outer loop
vertex 0.779069 0.546632 -1.71941
vertex 0.779069 0.504583 -1.78078
vertex 1.12366 0.667347 -1.83125
endloop
endfacet
facet normal 0.427973 -0.749427 0.505172
outer loop
vertex 1.12366 0.667347 -1.83125
vertex 0.779069 0.504583 -1.78078
vertex 1.12366 0.616013 -1.9074
endloop
endfacet
facet normal 0.433744 -0.707951 0.557378
outer loop
vertex 0.779069 0.504583 -1.78078
vertex 0.779069 0.462535 -1.83419
vertex 1.12366 0.616013 -1.9074
endloop
endfacet
facet normal 0.43436 -0.712092 0.551595
outer loop
vertex 1.12366 0.616013 -1.9074
vertex 0.779069 0.462535 -1.83419
vertex 1.12366 0.564678 -1.97367
endloop
endfacet
facet normal 0.440945 -0.666158 0.601499
outer loop
vertex 0.779069 0.462535 -1.83419
vertex 0.779069 0.420486 -1.88076
vertex 1.12366 0.564678 -1.97367
endloop
endfacet
facet normal 0.441402 -0.670829 0.595947
outer loop
vertex 1.12366 0.564678 -1.97367
vertex 0.779069 0.420486 -1.88076
vertex 1.12366 0.513344 -2.03146
endloop
endfacet
facet normal 0.448552 -0.620361 0.643393
outer loop
vertex 0.779069 0.420486 -1.88076
vertex 0.779069 0.378438 -1.9213
vertex 1.12366 0.513344 -2.03146
endloop
endfacet
facet normal 0.448888 -0.625451 0.638209
outer loop
vertex 1.12366 0.513344 -2.03146
vertex 0.779069 0.378438 -1.9213
vertex 1.12366 0.462009 -2.08176
endloop
endfacet
facet normal 0.456354 -0.570436 0.682894
outer loop
vertex 0.779069 0.378438 -1.9213
vertex 0.779069 0.336389 -1.95642
vertex 1.12366 0.462009 -2.08176
endloop
endfacet
facet normal 0.456605 -0.575806 0.678203
outer loop
vertex 1.12366 0.462009 -2.08176
vertex 0.779069 0.336389 -1.95642
vertex 1.12366 0.410675 -2.12535
endloop
endfacet
facet normal 0.464132 -0.516324 0.719716
outer loop
vertex 0.779069 0.336389 -1.95642
vertex 0.779069 0.29434 -1.98659
vertex 1.12366 0.410675 -2.12535
endloop
endfacet
facet normal 0.464334 -0.521804 0.715622
outer loop
vertex 1.12366 0.410675 -2.12535
vertex 0.779069 0.29434 -1.98659
vertex 1.12366 0.359341 -2.16278
endloop
endfacet
facet normal 0.471663 -0.458049 0.753476
outer loop
vertex 0.779069 0.29434 -1.98659
vertex 0.779069 0.252292 -2.01215
vertex 1.12366 0.359341 -2.16278
endloop
endfacet
facet normal 0.471844 -0.463445 0.750055
outer loop
vertex 1.12366 0.359341 -2.16278
vertex 0.779069 0.252292 -2.01215
vertex 1.12366 0.308006 -2.1945
endloop
endfacet
facet normal 0.478713 -0.395745 0.783722
outer loop
vertex 0.779069 0.252292 -2.01215
vertex 0.779069 0.210243 -2.03338
vertex 1.12366 0.308006 -2.1945
endloop
endfacet
facet normal 0.478894 -0.400843 0.781015
outer loop
vertex 1.12366 0.308006 -2.1945
vertex 0.779069 0.210243 -2.03338
vertex 1.12366 0.256672 -2.22084
endloop
endfacet
facet normal 0.485052 -0.329677 0.809961
outer loop
vertex 0.779069 0.210243 -2.03338
vertex 0.779069 0.168194 -2.0505
vertex 1.12366 0.256672 -2.22084
endloop
endfacet
facet normal 0.485243 -0.334257 0.807968
outer loop
vertex 1.12366 0.256672 -2.22084
vertex 0.779069 0.168194 -2.0505
vertex 1.12366 0.205338 -2.24208
endloop
endfacet
facet normal 0.490459 -0.260254 0.831696
outer loop
vertex 0.779069 0.168194 -2.0505
vertex 0.779069 0.126146 -2.06366
vertex 1.12366 0.205338 -2.24208
endloop
endfacet
facet normal 0.490654 -0.264098 0.830368
outer loop
vertex 1.12366 0.205338 -2.24208
vertex 0.779069 0.126146 -2.06366
vertex 1.12366 0.154003 -2.25841
endloop
endfacet
facet normal 0.494731 -0.18803 0.848461
outer loop
vertex 0.779069 0.126146 -2.06366
vertex 0.779069 0.0840972 -2.07297
vertex 1.12366 0.154003 -2.25841
endloop
endfacet
facet normal 0.494914 -0.190942 0.847704
outer loop
vertex 1.12366 0.154003 -2.25841
vertex 0.779069 0.0840972 -2.07297
vertex 1.12366 0.102669 -2.26997
endloop
endfacet
facet normal 0.497702 -0.113694 0.859864
outer loop
vertex 0.779069 0.0840972 -2.07297
vertex 0.779069 0.0420486 -2.07853
vertex 1.12366 0.102669 -2.26997
endloop
endfacet
facet normal 0.497843 -0.115515 0.85954
outer loop
vertex 1.12366 0.102669 -2.26997
vertex 0.779069 0.0420486 -2.07853
vertex 1.12366 0.0513344 -2.27687
endloop
endfacet
facet normal 0.499254 -0.0380457 0.86562
outer loop
vertex 0.779069 0.0420486 -2.07853
vertex 0.779069 -4.77042e-17 -2.08038
vertex 1.12366 0.0513344 -2.27687
endloop
endfacet
facet normal 0.499312 -0.0386667 0.865559
outer loop
vertex 1.12366 0.0513344 -2.27687
vertex 0.779069 -4.77042e-17 -2.08038
vertex 1.12366 -6.88041e-17 -2.27916
endloop
endfacet
facet normal 0.499324 0.0380439 0.86558
outer loop
vertex 0.779069 -4.77042e-17 -2.08038
vertex 0.779069 -0.0420486 -2.07853
vertex 1.12366 -6.88041e-17 -2.27916
endloop
endfacet
facet normal 0.499255 0.0386682 0.865592
outer loop
vertex 1.12366 -6.88041e-17 -2.27916
vertex 0.779069 -0.0420486 -2.07853
vertex 1.12366 -0.0513344 -2.27687
endloop
endfacet
facet normal 0.497911 0.113679 0.859745
outer loop
vertex 0.779069 -0.0420486 -2.07853
vertex 0.779069 -0.0840972 -2.07297
vertex 1.12366 -0.0513344 -2.27687
endloop
endfacet
facet normal 0.497672 0.115528 0.859637
outer loop
vertex 1.12366 -0.0513344 -2.27687
vertex 0.779069 -0.0840972 -2.07297
vertex 1.12366 -0.102669 -2.26997
endloop
endfacet
facet normal 0.495077 0.187987 0.848268
outer loop
vertex 0.779069 -0.0840972 -2.07297
vertex 0.779069 -0.126146 -2.06366
vertex 1.12366 -0.102669 -2.26997
endloop
endfacet
facet normal 0.49463 0.190978 0.847861
outer loop
vertex 1.12366 -0.102669 -2.26997
vertex 0.779069 -0.126146 -2.06366
vertex 1.12366 -0.154003 -2.25841
endloop
endfacet
facet normal 0.490941 0.260173 0.831437
outer loop
vertex 0.779069 -0.126146 -2.06366
vertex 0.779069 -0.168194 -2.0505
vertex 1.12366 -0.154003 -2.25841
endloop
endfacet
facet normal 0.490259 0.264166 0.830579
outer loop
vertex 1.12366 -0.154003 -2.25841
vertex 0.779069 -0.168194 -2.0505
vertex 1.12366 -0.205338 -2.24208
endloop
endfacet
facet normal 0.485668 0.329548 0.809645
outer loop
vertex 0.779069 -0.168194 -2.0505
vertex 0.779069 -0.210243 -2.03338
vertex 1.12366 -0.205338 -2.24208
endloop
endfacet
facet normal 0.48474 0.334364 0.808225
outer loop
vertex 1.12366 -0.205338 -2.24208
vertex 0.779069 -0.210243 -2.03338
vertex 1.12366 -0.256672 -2.22084
endloop
endfacet
facet normal 0.479458 0.395561 0.783359
outer loop
vertex 0.779069 -0.210243 -2.03338
vertex 0.779069 -0.252292 -2.01215
vertex 1.12366 -0.256672 -2.22084
endloop
endfacet
facet normal 0.478286 0.400995 0.78131
outer loop
vertex 1.12366 -0.256672 -2.22084
vertex 0.779069 -0.252292 -2.01215
vertex 1.12366 -0.308006 -2.1945
endloop
endfacet
facet normal 0.472532 0.457807 0.753078
outer loop
vertex 0.779069 -0.252292 -2.01215
vertex 0.779069 -0.29434 -1.98659
vertex 1.12366 -0.308006 -2.1945
endloop
endfacet
facet normal 0.471134 0.463644 0.750378
outer loop
vertex 1.12366 -0.308006 -2.1945
vertex 0.779069 -0.29434 -1.98659
vertex 1.12366 -0.359341 -2.16278
endloop
endfacet
facet normal 0.465121 0.516022 0.719294
outer loop
vertex 0.779069 -0.29434 -1.98659
vertex 0.779069 -0.336389 -1.95642
vertex 1.12366 -0.359341 -2.16278
endloop
endfacet
facet normal 0.463528 0.522053 0.715963
outer loop
vertex 1.12366 -0.359341 -2.16278
vertex 0.779069 -0.336389 -1.95642
vertex 1.12366 -0.410675 -2.12535
endloop
endfacet
facet normal 0.457456 0.570074 0.682459
outer loop
vertex 0.779069 -0.336389 -1.95642
vertex 0.779069 -0.378438 -1.9213
vertex 1.12366 -0.410675 -2.12535
endloop
endfacet
facet normal 0.455707 0.576104 0.678554
outer loop
vertex 1.12366 -0.410675 -2.12535
vertex 0.779069 -0.378438 -1.9213
vertex 1.12366 -0.462009 -2.08176
endloop
endfacet
facet normal 0.449761 0.619939 0.642955
outer loop
vertex 0.779069 -0.378438 -1.9213
vertex 0.779069 -0.420486 -1.88076
vertex 1.12366 -0.462009 -2.08176
endloop
endfacet
facet normal 0.447904 0.625796 0.638562
outer loop
vertex 1.12366 -0.462009 -2.08176
vertex 0.779069 -0.420486 -1.88076
vertex 1.12366 -0.513344 -2.03146
endloop
endfacet
facet normal 0.442254 0.66568 0.601068
outer loop
vertex 0.779069 -0.420486 -1.88076
vertex 0.779069 -0.462535 -1.83419
vertex 1.12366 -0.513344 -2.03146
endloop
endfacet
facet normal 0.440338 0.67122 0.596294
outer loop
vertex 1.12366 -0.513344 -2.03146
vertex 0.779069 -0.462535 -1.83419
vertex 1.12366 -0.564678 -1.97367
endloop
endfacet
facet normal 0.435147 0.70742 0.55696
outer loop
vertex 0.779069 -0.462535 -1.83419
vertex 0.779069 -0.504583 -1.78078
vertex 1.12366 -0.564678 -1.97367
endloop
endfacet
facet normal 0.433221 0.712525 0.551931
outer loop
vertex 1.12366 -0.564678 -1.97367
vertex 0.779069 -0.504583 -1.78078
vertex 1.12366 -0.616013 -1.9074
endloop
endfacet
facet normal 0.428654 0.74532 0.51064
outer loop
vertex 0.779069 -0.504583 -1.78078
vertex 0.779069 -0.546632 -1.71941
vertex 1.12366 -0.616013 -1.9074
endloop
endfacet
facet normal 0.426767 0.749899 0.505491
outer loop
vertex 1.12366 -0.616013 -1.9074
vertex 0.779069 -0.546632 -1.71941
vertex 1.12366 -0.667347 -1.83125
endloop
endfacet
facet normal 0.42301 0.779552 0.461911
outer loop
vertex 0.779069 -0.546632 -1.71941
vertex 0.779069 -0.588681 -1.64844
vertex 1.12366 -0.667347 -1.83125
endloop
endfacet
facet normal 0.421202 0.783541 0.456786
outer loop
vertex 1.12366 -0.667347 -1.83125
vertex 0.779069 -0.588681 -1.64844
vertex 1.12366 -0.718681 -1.74319
endloop
endfacet
facet normal 0.418496 0.810274 0.410266
outer loop
vertex 0.779069 -0.588681 -1.64844
vertex 0.779069 -0.630729 -1.5654
vertex 1.12366 -0.718681 -1.74319
endloop
endfacet
facet normal 0.416801 0.81363 0.40532
outer loop
vertex 1.12366 -0.718681 -1.74319
vertex 0.779069 -0.630729 -1.5654
vertex 1.12366 -0.770016 -1.64014
endloop
endfacet
facet normal 0.415502 0.837594 0.354675
outer loop
vertex 0.779069 -0.630729 -1.5654
vertex 0.779069 -0.672778 -1.46609
vertex 1.12366 -0.770016 -1.64014
endloop
endfacet
facet normal 0.413943 0.840295 0.350079
outer loop
vertex 1.12366 -0.770016 -1.64014
vertex 0.779069 -0.672778 -1.46609
vertex 1.12366 -0.82135 -1.51692
endloop
endfacet
facet normal 0.41467 0.861509 0.293004
outer loop
vertex 0.779069 -0.672778 -1.46609
vertex 0.779069 -0.714827 -1.34246
vertex 1.12366 -0.82135 -1.51692
endloop
endfacet
facet normal 0.413255 0.863552 0.288962
outer loop
vertex 1.12366 -0.82135 -1.51692
vertex 0.779069 -0.714827 -1.34246
vertex 1.12366 -0.872685 -1.36351
endloop
endfacet
facet normal 0.419516 0.898829 0.126935
outer loop
vertex 0.779069 -0.714827 -1.34246
vertex 0.779069 -0.798924 -0.746964
vertex 1.12366 -0.872685 -1.36351
endloop
endfacet
facet normal 0.416598 0.90044 0.125111
outer loop
vertex 1.12366 -0.872685 -1.36351
vertex 0.779069 -0.798924 -0.746964
vertex 1.12366 -0.975353 -0.624593
endloop
endfacet
facet normal 0.465097 0.872793 -0.148045
outer loop
vertex 1.12366 -0.975353 -0.624593
vertex 1.12366 -0.924019 -0.321953
vertex 1.43828 -1.12182 -0.499674
endloop
endfacet
facet normal 0.465775 0.872659 -0.146696
outer loop
vertex 1.43828 -1.12182 -0.499674
vertex 1.12366 -0.924019 -0.321953
vertex 1.43828 -1.06278 -0.14844
endloop
endfacet
facet normal 0.528696 0.779931 -0.334945
outer loop
vertex 1.12366 -0.924019 -0.321953
vertex 1.12366 -0.872685 -0.202419
vertex 1.43828 -1.06278 -0.14844
endloop
endfacet
facet normal 0.528855 0.780926 -0.332367
outer loop
vertex 1.43828 -1.06278 -0.14844
vertex 1.12366 -0.872685 -0.202419
vertex 1.43828 -1.00374 -0.00971277
endloop
endfacet
facet normal 0.556024 0.717211 -0.420055
outer loop
vertex 1.12366 -0.872685 -0.202419
vertex 1.12366 -0.82135 -0.11477
vertex 1.43828 -1.00374 -0.00971277
endloop
endfacet
facet normal 0.556032 0.718846 -0.41724
outer loop
vertex 1.43828 -1.00374 -0.00971277
vertex 1.12366 -0.82135 -0.11477
vertex 1.43828 -0.944693 0.0920104
endloop
endfacet
facet normal 0.575649 0.660697 -0.481775
outer loop
vertex 1.12366 -0.82135 -0.11477
vertex 1.12366 -0.770016 -0.0443706
vertex 1.43828 -0.944693 0.0920104
endloop
endfacet
facet normal 0.575592 0.662785 -0.478967
outer loop
vertex 1.43828 -0.944693 0.0920104
vertex 1.12366 -0.770016 -0.0443706
vertex 1.43828 -0.885649 0.173713
endloop
endfacet
facet normal 0.590953 0.608034 -0.530159
outer loop
vertex 1.12366 -0.770016 -0.0443706
vertex 1.12366 -0.718681 0.0145043
vertex 1.43828 -0.885649 0.173713
endloop
endfacet
facet normal 0.590873 0.610435 -0.527483
outer loop
vertex 1.43828 -0.885649 0.173713
vertex 1.12366 -0.718681 0.0145043
vertex 1.43828 -0.826606 0.242042
endloop
endfacet
facet normal 0.603368 0.558178 -0.569548
outer loop
vertex 1.12366 -0.718681 0.0145043
vertex 1.12366 -0.667347 0.0648139
vertex 1.43828 -0.826606 0.242042
endloop
endfacet
facet normal 0.60329 0.560776 -0.567073
outer loop
vertex 1.43828 -0.826606 0.242042
vertex 1.12366 -0.667347 0.0648139
vertex 1.43828 -0.767563 0.300429
endloop
endfacet
facet normal 0.613672 0.510513 -0.602315
outer loop
vertex 1.12366 -0.667347 0.0648139
vertex 1.12366 -0.616013 0.108324
vertex 1.43828 -0.767563 0.300429
endloop
endfacet
facet normal 0.613608 0.513216 -0.600079
outer loop
vertex 1.43828 -0.767563 0.300429
vertex 1.12366 -0.616013 0.108324
vertex 1.43828 -0.708519 0.350926
endloop
endfacet
facet normal 0.622341 0.464625 -0.629932
outer loop
vertex 1.12366 -0.616013 0.108324
vertex 1.12366 -0.564678 0.146187
vertex 1.43828 -0.708519 0.350926
endloop
endfacet
facet normal 0.6223 0.467352 -0.627953
outer loop
vertex 1.43828 -0.708519 0.350926
vertex 1.12366 -0.564678 0.146187
vertex 1.43828 -0.649476 0.394869
endloop
endfacet
facet normal 0.629694 0.420209 -0.653383
outer loop
vertex 1.12366 -0.564678 0.146187
vertex 1.12366 -0.513344 0.179202
vertex 1.43828 -0.649476 0.394869
endloop
endfacet
facet normal 0.629678 0.422893 -0.651665
outer loop
vertex 1.43828 -0.649476 0.394869
vertex 1.12366 -0.513344 0.179202
vertex 1.43828 -0.590433 0.433184
endloop
endfacet
facet normal 0.635953 0.377026 -0.673361
outer loop
vertex 1.12366 -0.513344 0.179202
vertex 1.12366 -0.462009 0.207945
vertex 1.43828 -0.590433 0.433184
endloop
endfacet
facet normal 0.635962 0.379609 -0.6719
outer loop
vertex 1.43828 -0.590433 0.433184
vertex 1.12366 -0.462009 0.207945
vertex 1.43828 -0.53139 0.466543
endloop
endfacet
facet normal 0.641281 0.334883 -0.690371
outer loop
vertex 1.12366 -0.462009 0.207945
vertex 1.12366 -0.410675 0.232846
vertex 1.43828 -0.53139 0.466543
endloop
endfacet
facet normal 0.641312 0.337315 -0.689157
outer loop
vertex 1.43828 -0.53139 0.466543
vertex 1.12366 -0.410675 0.232846
vertex 1.43828 -0.472346 0.495442
endloop
endfacet
facet normal 0.645798 0.293616 -0.704794
outer loop
vertex 1.12366 -0.410675 0.232846
vertex 1.12366 -0.359341 0.254232
vertex 1.43828 -0.472346 0.495442
endloop
endfacet
facet normal 0.645848 0.295857 -0.70381
outer loop
vertex 1.43828 -0.472346 0.495442
vertex 1.12366 -0.359341 0.254232
vertex 1.43828 -0.413303 0.520262
endloop
endfacet
facet normal 0.649596 0.253086 -0.716919
outer loop
vertex 1.12366 -0.359341 0.254232
vertex 1.12366 -0.308006 0.272354
vertex 1.43828 -0.413303 0.520262
endloop
endfacet
facet normal 0.649661 0.255098 -0.716146
outer loop
vertex 1.43828 -0.413303 0.520262
vertex 1.12366 -0.308006 0.272354
vertex 1.43828 -0.35426 0.541294
endloop
endfacet
facet normal 0.652747 0.213169 -0.726967
outer loop
vertex 1.12366 -0.308006 0.272354
vertex 1.12366 -0.256672 0.287407
vertex 1.43828 -0.35426 0.541294
endloop
endfacet
facet normal 0.65282 0.214923 -0.726384
outer loop
vertex 1.43828 -0.35426 0.541294
vertex 1.12366 -0.256672 0.287407
vertex 1.43828 -0.295216 0.558763
endloop
endfacet
facet normal 0.655303 0.173753 -0.735111
outer loop
vertex 1.12366 -0.256672 0.287407
vertex 1.12366 -0.205338 0.29954
vertex 1.43828 -0.295216 0.558763
endloop
endfacet
facet normal 0.65538 0.175224 -0.734693
outer loop
vertex 1.43828 -0.295216 0.558763
vertex 1.12366 -0.205338 0.29954
vertex 1.43828 -0.236173 0.572845
endloop
endfacet
facet normal 0.657307 0.134737 -0.74148
outer loop
vertex 1.12366 -0.205338 0.29954
vertex 1.12366 -0.154003 0.308868
vertex 1.43828 -0.236173 0.572845
endloop
endfacet
facet normal 0.65738 0.135905 -0.741203
outer loop
vertex 1.43828 -0.236173 0.572845
vertex 1.12366 -0.154003 0.308868
vertex 1.43828 -0.17713 0.583671
endloop
endfacet
facet normal 0.65879 0.0960265 -0.746174
outer loop
vertex 1.12366 -0.154003 0.308868
vertex 1.12366 -0.102669 0.315475
vertex 1.43828 -0.17713 0.583671
endloop
endfacet
facet normal 0.658851 0.0968734 -0.74601
outer loop
vertex 1.43828 -0.17713 0.583671
vertex 1.12366 -0.102669 0.315475
vertex 1.43828 -0.118087 0.591338
endloop
endfacet
facet normal 0.659772 0.0575303 -0.74926
outer loop
vertex 1.12366 -0.102669 0.315475
vertex 1.12366 -0.0513344 0.319416
vertex 1.43828 -0.118087 0.591338
endloop
endfacet
facet normal 0.659815 0.0580444 -0.749183
outer loop
vertex 1.43828 -0.118087 0.591338
vertex 1.12366 -0.0513344 0.319416
vertex 1.43828 -0.0590433 0.595913
endloop
endfacet
facet normal 0.660269 0.0191624 -0.750784
outer loop
vertex 1.12366 -0.0513344 0.319416
vertex 1.12366 -6.88041e-17 0.320727
vertex 1.43828 -0.0590433 0.595913
endloop
endfacet
facet normal 0.660286 0.0193351 -0.750766
outer loop
vertex 1.43828 -0.0590433 0.595913
vertex 1.12366 -6.88041e-17 0.320727
vertex 1.43828 -8.80693e-17 0.597433
endloop
endfacet
facet normal 0.660288 -0.019162 -0.750768
outer loop
vertex 1.12366 -6.88041e-17 0.320727
vertex 1.12366 0.0513344 0.319416
vertex 1.43828 -8.80693e-17 0.597433
endloop
endfacet
facet normal 0.66027 -0.0193355 -0.75078
outer loop
vertex 1.43828 -8.80693e-17 0.597433
vertex 1.12366 0.0513344 0.319416
vertex 1.43828 0.0590433 0.595913
endloop
endfacet
facet normal 0.659827 -0.0575266 -0.749212
outer loop
vertex 1.12366 0.0513344 0.319416
vertex 1.12366 0.102669 0.315475
vertex 1.43828 0.0590433 0.595913
endloop
endfacet
facet normal 0.659767 -0.0580477 -0.749225
outer loop
vertex 1.43828 0.0590433 0.595913
vertex 1.12366 0.102669 0.315475
vertex 1.43828 0.118087 0.591338
endloop
endfacet
facet normal 0.658882 -0.0960162 -0.746094
outer loop
vertex 1.12366 0.102669 0.315475
vertex 1.12366 0.154003 0.308868
vertex 1.43828 0.118087 0.591338
endloop
endfacet
facet normal 0.658771 -0.0968824 -0.74608
outer loop
vertex 1.43828 0.118087 0.591338
vertex 1.12366 0.154003 0.308868
vertex 1.43828 0.17713 0.583671
endloop
endfacet
facet normal 0.657437 -0.134717 -0.741369
outer loop
vertex 1.12366 0.154003 0.308868
vertex 1.12366 0.205338 0.29954
vertex 1.43828 0.17713 0.583671
endloop
endfacet
facet normal 0.657267 -0.135922 -0.7413
outer loop
vertex 1.43828 0.17713 0.583671
vertex 1.12366 0.205338 0.29954
vertex 1.43828 0.236173 0.572845
endloop
endfacet
facet normal 0.655471 -0.17372 -0.734969
outer loop
vertex 1.12366 0.205338 0.29954
vertex 1.12366 0.256672 0.287407
vertex 1.43828 0.236173 0.572845
endloop
endfacet
facet normal 0.655233 -0.175254 -0.734817
outer loop
vertex 1.43828 0.236173 0.572845
vertex 1.12366 0.256672 0.287407
vertex 1.43828 0.295216 0.558763
endloop
endfacet
facet normal 0.652954 -0.213118 -0.726795
outer loop
vertex 1.12366 0.256672 0.287407
vertex 1.12366 0.308006 0.272354
vertex 1.43828 0.295216 0.558763
endloop
endfacet
facet normal 0.65264 -0.214967 -0.726533
outer loop
vertex 1.43828 0.295216 0.558763
vertex 1.12366 0.308006 0.272354
vertex 1.43828 0.35426 0.541294
endloop
endfacet
facet normal 0.649844 -0.253015 -0.716719
outer loop
vertex 1.12366 0.308006 0.272354
vertex 1.12366 0.359341 0.254232
vertex 1.43828 0.35426 0.541294
endloop
endfacet
facet normal 0.649446 -0.25516 -0.71632
outer loop
vertex 1.43828 0.35426 0.541294
vertex 1.12366 0.359341 0.254232
vertex 1.43828 0.413303 0.520262
endloop
endfacet
facet normal 0.646088 -0.293521 -0.704567
outer loop
vertex 1.12366 0.359341 0.254232
vertex 1.12366 0.410675 0.232846
vertex 1.43828 0.413303 0.520262
endloop
endfacet
facet normal 0.645596 -0.295939 -0.704007
outer loop
vertex 1.43828 0.413303 0.520262
vertex 1.12366 0.410675 0.232846
vertex 1.43828 0.472346 0.495442
endloop
endfacet
facet normal 0.641615 -0.334761 -0.69012
outer loop
vertex 1.12366 0.410675 0.232846
vertex 1.12366 0.462009 0.207945
vertex 1.43828 0.472346 0.495442
endloop
endfacet
facet normal 0.641022 -0.337422 -0.689375
outer loop
vertex 1.43828 0.472346 0.495442
vertex 1.12366 0.462009 0.207945
vertex 1.43828 0.53139 0.466543
endloop
endfacet
facet normal 0.636334 -0.376873 -0.673087
outer loop
vertex 1.12366 0.462009 0.207945
vertex 1.12366 0.513344 0.179202
vertex 1.43828 0.53139 0.466543
endloop
endfacet
facet normal 0.635631 -0.379743 -0.672137
outer loop
vertex 1.43828 0.53139 0.466543
vertex 1.12366 0.513344 0.179202
vertex 1.43828 0.590433 0.433184
endloop
endfacet
facet normal 0.630124 -0.420021 -0.65309
outer loop
vertex 1.12366 0.513344 0.179202
vertex 1.12366 0.564678 0.146187
vertex 1.43828 0.590433 0.433184
endloop
endfacet
facet normal 0.629304 -0.423058 -0.651919
outer loop
vertex 1.43828 0.590433 0.433184
vertex 1.12366 0.564678 0.146187
vertex 1.43828 0.649476 0.394869
endloop
endfacet
facet normal 0.622824 -0.464398 -0.629623
outer loop
vertex 1.12366 0.564678 0.146187
vertex 1.12366 0.616013 0.108324
vertex 1.43828 0.649476 0.394869
endloop
endfacet
facet normal 0.621881 -0.467551 -0.62822
outer loop
vertex 1.43828 0.649476 0.394869
vertex 1.12366 0.616013 0.108324
vertex 1.43828 0.708519 0.350926
endloop
endfacet
facet normal 0.614211 -0.510242 -0.601995
outer loop
vertex 1.12366 0.616013 0.108324
vertex 1.12366 0.667347 0.0648139
vertex 1.43828 0.708519 0.350926
endloop
endfacet
facet normal 0.61314 -0.513452 -0.600355
outer loop
vertex 1.43828 0.708519 0.350926
vertex 1.12366 0.667347 0.0648139
vertex 1.43828 0.767563 0.300429
endloop
endfacet
facet normal 0.60397 -0.557859 -0.569222
outer loop
vertex 1.12366 0.667347 0.0648139
vertex 1.12366 0.718681 0.0145043
vertex 1.43828 0.767563 0.300429
endloop
endfacet
facet normal 0.602768 -0.561054 -0.567353
outer loop
vertex 1.43828 0.767563 0.300429
vertex 1.12366 0.718681 0.0145043
vertex 1.43828 0.826606 0.242042
endloop
endfacet
facet normal 0.591624 -0.607664 -0.529836
outer loop
vertex 1.12366 0.718681 0.0145043
vertex 1.12366 0.770016 -0.0443706
vertex 1.43828 0.826606 0.242042
endloop
endfacet
facet normal 0.590292 -0.610757 -0.527761
outer loop
vertex 1.43828 0.826606 0.242042
vertex 1.12366 0.770016 -0.0443706
vertex 1.43828 0.885649 0.173713
endloop
endfacet
facet normal 0.576398 -0.660271 -0.481464
outer loop
vertex 1.12366 0.770016 -0.0443706
vertex 1.12366 0.82135 -0.11477
vertex 1.43828 0.885649 0.173713
endloop
endfacet
facet normal 0.574943 -0.663155 -0.479234
outer loop
vertex 1.43828 0.885649 0.173713
vertex 1.12366 0.82135 -0.11477
vertex 1.43828 0.944693 0.0920104
endloop
endfacet
facet normal 0.556863 -0.716726 -0.419771
outer loop
vertex 1.12366 0.82135 -0.11477
vertex 1.12366 0.872685 -0.202419
vertex 1.43828 0.944693 0.0920104
endloop
endfacet
facet normal 0.555305 -0.719266 -0.417484
outer loop
vertex 1.43828 0.944693 0.0920104
vertex 1.12366 0.872685 -0.202419
vertex 1.43828 1.00374 -0.00971277
endloop
endfacet
facet normal 0.481563 -0.851591 -0.207099
outer loop
vertex 1.12366 0.872685 -0.202419
vertex 1.12366 0.975353 -0.624593
vertex 1.43828 1.00374 -0.00971277
endloop
endfacet
facet normal 0.478954 -0.853404 -0.205681
outer loop
vertex 1.43828 1.00374 -0.00971277
vertex 1.12366 0.975353 -0.624593
vertex 1.43828 1.12182 -0.499674
endloop
endfacet
facet normal 0.391193 -0.916017 0.0887727
outer loop
vertex 1.12366 0.975353 -0.624593
vertex 1.12366 0.924019 -1.1543
vertex 1.43828 1.12182 -0.499674
endloop
endfacet
facet normal 0.395247 -0.914506 0.0863676
outer loop
vertex 1.43828 1.12182 -0.499674
vertex 1.12366 0.924019 -1.1543
vertex 1.43828 1.06278 -1.12486
endloop
endfacet
facet normal 0.376203 -0.899846 0.220789
outer loop
vertex 1.12366 0.924019 -1.1543
vertex 1.12366 0.872685 -1.36351
vertex 1.43828 1.06278 -1.12486
endloop
endfacet
facet normal 0.380323 -0.899497 0.215079
outer loop
vertex 1.43828 1.06278 -1.12486
vertex 1.12366 0.872685 -1.36351
vertex 1.43828 1.00374 -1.37178
endloop
endfacet
facet normal 0.374064 -0.879471 0.294289
outer loop
vertex 1.12366 0.872685 -1.36351
vertex 1.12366 0.82135 -1.51692
vertex 1.43828 1.00374 -1.37178
endloop
endfacet
facet normal 0.377856 -0.880245 0.287042
outer loop
vertex 1.43828 1.00374 -1.37178
vertex 1.12366 0.82135 -1.51692
vertex 1.43828 0.944693 -1.55285
endloop
endfacet
facet normal 0.376011 -0.855353 0.356353
outer loop
vertex 1.12366 0.82135 -1.51692
vertex 1.12366 0.770016 -1.64014
vertex 1.43828 0.944693 -1.55285
endloop
endfacet
facet normal 0.379383 -0.857279 0.348053
outer loop
vertex 1.43828 0.944693 -1.55285
vertex 1.12366 0.770016 -1.64014
vertex 1.43828 0.885649 -1.69827
endloop
endfacet
facet normal 0.380427 -0.827784 0.412371
outer loop
vertex 1.12366 0.770016 -1.64014
vertex 1.12366 0.718681 -1.74319
vertex 1.43828 0.885649 -1.69827
endloop
endfacet
facet normal 0.383351 -0.830869 0.40336
outer loop
vertex 1.43828 0.885649 -1.69827
vertex 1.12366 0.718681 -1.74319
vertex 1.43828 0.826606 -1.8199
endloop
endfacet
facet normal 0.386554 -0.796758 0.464491
outer loop
vertex 1.12366 0.718681 -1.74319
vertex 1.12366 0.667347 -1.83125
vertex 1.43828 0.826606 -1.8199
endloop
endfacet
facet normal 0.389034 -0.800985 0.455055
outer loop
vertex 1.43828 0.826606 -1.8199
vertex 1.12366 0.667347 -1.83125
vertex 1.43828 0.767563 -1.92382
endloop
endfacet
facet normal 0.393936 -0.762152 0.51375
outer loop
vertex 1.12366 0.667347 -1.83125
vertex 1.12366 0.616013 -1.9074
vertex 1.43828 0.767563 -1.92382
endloop
endfacet
facet normal 0.395998 -0.767473 0.504153
outer loop
vertex 1.43828 0.767563 -1.92382
vertex 1.12366 0.616013 -1.9074
vertex 1.43828 0.708519 -2.01371
endloop
endfacet
facet normal 0.402244 -0.723787 0.560654
outer loop
vertex 1.12366 0.616013 -1.9074
vertex 1.12366 0.564678 -1.97367
vertex 1.43828 0.708519 -2.01371
endloop
endfacet
facet normal 0.40393 -0.730121 0.551148
outer loop
vertex 1.43828 0.708519 -2.01371
vertex 1.12366 0.564678 -1.97367
vertex 1.43828 0.649476 -2.09192
endloop
endfacet
facet normal 0.411208 -0.681469 0.605399
outer loop
vertex 1.12366 0.564678 -1.97367
vertex 1.12366 0.513344 -2.03146
vertex 1.43828 0.649476 -2.09192
endloop
endfacet
facet normal 0.412571 -0.688694 0.596226
outer loop
vertex 1.43828 0.649476 -2.09192
vertex 1.12366 0.513344 -2.03146
vertex 1.43828 0.590433 -2.16012
endloop
endfacet
facet normal 0.42058 -0.635017 0.64797
outer loop
vertex 1.12366 0.513344 -2.03146
vertex 1.12366 0.462009 -2.08176
vertex 1.43828 0.590433 -2.16012
endloop
endfacet
facet normal 0.42168 -0.642965 0.639361
outer loop
vertex 1.43828 0.590433 -2.16012
vertex 1.12366 0.462009 -2.08176
vertex 1.43828 0.53139 -2.2195
endloop
endfacet
facet normal 0.430117 -0.584287 0.688192
outer loop
vertex 1.12366 0.462009 -2.08176
vertex 1.12366 0.410675 -2.12535
vertex 1.43828 0.53139 -2.2195
endloop
endfacet
facet normal 0.431016 -0.59274 0.680356
outer loop
vertex 1.43828 0.53139 -2.2195
vertex 1.12366 0.410675 -2.12535
vertex 1.43828 0.472346 -2.27094
endloop
endfacet
facet normal 0.439571 -0.529197 0.725761
outer loop
vertex 1.12366 0.410675 -2.12535
vertex 1.12366 0.359341 -2.16278
vertex 1.43828 0.472346 -2.27094
endloop
endfacet
facet normal 0.440327 -0.537888 0.71888
outer loop
vertex 1.43828 0.472346 -2.27094
vertex 1.12366 0.359341 -2.16278
vertex 1.43828 0.413303 -2.31512
endloop
endfacet
facet normal 0.448683 -0.469757 0.760271
outer loop
vertex 1.12366 0.359341 -2.16278
vertex 1.12366 0.308006 -2.1945
vertex 1.43828 0.413303 -2.31512
endloop
endfacet
facet normal 0.449348 -0.478372 0.754484
outer loop
vertex 1.43828 0.413303 -2.31512
vertex 1.12366 0.308006 -2.1945
vertex 1.43828 0.35426 -2.35255
endloop
endfacet
facet normal 0.457188 -0.406093 0.791244
outer loop
vertex 1.12366 0.308006 -2.1945
vertex 1.12366 0.256672 -2.22084
vertex 1.43828 0.35426 -2.35255
endloop
endfacet
facet normal 0.457798 -0.414284 0.786632
outer loop
vertex 1.43828 0.35426 -2.35255
vertex 1.12366 0.256672 -2.22084
vertex 1.43828 0.295216 -2.38365
endloop
endfacet
facet normal 0.464822 -0.338472 0.818155
outer loop
vertex 1.12366 0.256672 -2.22084
vertex 1.12366 0.205338 -2.24208
vertex 1.43828 0.295216 -2.38365
endloop
endfacet
facet normal 0.465394 -0.345869 0.814729
outer loop
vertex 1.43828 0.295216 -2.38365
vertex 1.12366 0.205338 -2.24208
vertex 1.43828 0.236173 -2.40871
endloop
endfacet
facet normal 0.471329 -0.267312 0.840472
outer loop
vertex 1.12366 0.205338 -2.24208
vertex 1.12366 0.154003 -2.25841
vertex 1.43828 0.236173 -2.40871
endloop
endfacet
facet normal 0.471856 -0.27355 0.838166
outer loop
vertex 1.43828 0.236173 -2.40871
vertex 1.12366 0.154003 -2.25841
vertex 1.43828 0.17713 -2.42798
endloop
endfacet
facet normal 0.476477 -0.193193 0.857698
outer loop
vertex 1.12366 0.154003 -2.25841
vertex 1.12366 0.102669 -2.26997
vertex 1.43828 0.17713 -2.42798
endloop
endfacet
facet normal 0.476929 -0.197937 0.856364
outer loop
vertex 1.43828 0.17713 -2.42798
vertex 1.12366 0.102669 -2.26997
vertex 1.43828 0.118087 -2.44163
endloop
endfacet
facet normal 0.480074 -0.116841 0.869412
outer loop
vertex 1.12366 0.102669 -2.26997
vertex 1.12366 0.0513344 -2.27687
vertex 1.43828 0.118087 -2.44163
endloop
endfacet
facet normal 0.480399 -0.119816 0.868827
outer loop
vertex 1.43828 0.118087 -2.44163
vertex 1.12366 0.0513344 -2.27687
vertex 1.43828 0.0590433 -2.44977
endloop
endfacet
facet normal 0.481983 -0.0391022 0.875308
outer loop
vertex 1.12366 0.0513344 -2.27687
vertex 1.12366 -6.88041e-17 -2.27916
vertex 1.43828 0.0590433 -2.44977
endloop
endfacet
facet normal 0.482111 -0.0401195 0.875191
outer loop
vertex 1.43828 0.0590433 -2.44977
vertex 1.12366 -6.88041e-17 -2.27916
vertex 1.43828 -8.80693e-17 -2.45248
endloop
endfacet
facet normal 0.48213 0.0390986 0.875227
outer loop
vertex 1.12366 -6.88041e-17 -2.27916
vertex 1.12366 -0.0513344 -2.27687
vertex 1.43828 -8.80693e-17 -2.45248
endloop
endfacet
facet normal 0.481983 0.0401227 0.875262
outer loop
vertex 1.43828 -8.80693e-17 -2.45248
vertex 1.12366 -0.0513344 -2.27687
vertex 1.43828 -0.0590433 -2.44977
endloop
endfacet
facet normal 0.480515 0.116809 0.869172
outer loop
vertex 1.12366 -0.0513344 -2.27687
vertex 1.12366 -0.102669 -2.26997
vertex 1.43828 -0.0590433 -2.44977
endloop
endfacet
facet normal 0.480016 0.119845 0.869035
outer loop
vertex 1.43828 -0.0590433 -2.44977
vertex 1.12366 -0.102669 -2.26997
vertex 1.43828 -0.118087 -2.44163
endloop
endfacet
facet normal 0.477209 0.193106 0.857311
outer loop
vertex 1.12366 -0.102669 -2.26997
vertex 1.12366 -0.154003 -2.25841
vertex 1.43828 -0.118087 -2.44163
endloop
endfacet
facet normal 0.476293 0.198015 0.8567
outer loop
vertex 1.43828 -0.118087 -2.44163
vertex 1.12366 -0.154003 -2.25841
vertex 1.43828 -0.17713 -2.42798
endloop
endfacet
facet normal 0.472348 0.267147 0.839952
outer loop
vertex 1.12366 -0.154003 -2.25841
vertex 1.12366 -0.205338 -2.24208
vertex 1.43828 -0.17713 -2.42798
endloop
endfacet
facet normal 0.470971 0.273697 0.838616
outer loop
vertex 1.43828 -0.17713 -2.42798
vertex 1.12366 -0.205338 -2.24208
vertex 1.43828 -0.236173 -2.40871
endloop
endfacet
facet normal 0.466123 0.33821 0.817523
outer loop
vertex 1.12366 -0.205338 -2.24208
vertex 1.12366 -0.256672 -2.22084
vertex 1.43828 -0.236173 -2.40871
endloop
endfacet
facet normal 0.464266 0.3461 0.815274
outer loop
vertex 1.43828 -0.236173 -2.40871
vertex 1.12366 -0.256672 -2.22084
vertex 1.43828 -0.295216 -2.38365
endloop
endfacet
facet normal 0.458763 0.405723 0.790523
outer loop
vertex 1.12366 -0.256672 -2.22084
vertex 1.12366 -0.308006 -2.1945
vertex 1.43828 -0.295216 -2.38365
endloop
endfacet
facet normal 0.456435 0.41461 0.787252
outer loop
vertex 1.43828 -0.295216 -2.38365
vertex 1.12366 -0.308006 -2.1945
vertex 1.43828 -0.35426 -2.35255
endloop
endfacet
facet normal 0.450521 0.46927 0.759484
outer loop
vertex 1.12366 -0.308006 -2.1945
vertex 1.12366 -0.359341 -2.16278
vertex 1.43828 -0.35426 -2.35255
endloop
endfacet
facet normal 0.447758 0.4788 0.755158
outer loop
vertex 1.43828 -0.35426 -2.35255
vertex 1.12366 -0.359341 -2.16278
vertex 1.43828 -0.413303 -2.31512
endloop
endfacet
facet normal 0.441663 0.528592 0.724931
outer loop
vertex 1.12366 -0.359341 -2.16278
vertex 1.12366 -0.410675 -2.12535
vertex 1.43828 -0.413303 -2.31512
endloop
endfacet
facet normal 0.438522 0.538417 0.719587
outer loop
vertex 1.43828 -0.413303 -2.31512
vertex 1.12366 -0.410675 -2.12535
vertex 1.43828 -0.472346 -2.27094
endloop
endfacet
facet normal 0.43245 0.583565 0.687342
outer loop
vertex 1.12366 -0.410675 -2.12535
vertex 1.12366 -0.462009 -2.08176
vertex 1.43828 -0.472346 -2.27094
endloop
endfacet
facet normal 0.429006 0.593369 0.681078
outer loop
vertex 1.43828 -0.472346 -2.27094
vertex 1.12366 -0.462009 -2.08176
vertex 1.43828 -0.53139 -2.2195
endloop
endfacet
facet normal 0.42314 0.634183 0.64712
outer loop
vertex 1.12366 -0.462009 -2.08176
vertex 1.12366 -0.513344 -2.03146
vertex 1.43828 -0.53139 -2.2195
endloop
endfacet
facet normal 0.419478 0.643689 0.64008
outer loop
vertex 1.43828 -0.53139 -2.2195
vertex 1.12366 -0.513344 -2.03146
vertex 1.43828 -0.590433 -2.16012
endloop
endfacet
facet normal 0.413981 0.68053 0.604565
outer loop
vertex 1.12366 -0.513344 -2.03146
vertex 1.12366 -0.564678 -1.97367
vertex 1.43828 -0.590433 -2.16012
endloop
endfacet
facet normal 0.41019 0.689507 0.596929
outer loop
vertex 1.43828 -0.590433 -2.16012
vertex 1.12366 -0.564678 -1.97367
vertex 1.43828 -0.649476 -2.09192
endloop
endfacet
facet normal 0.405215 0.72275 0.559851
outer loop
vertex 1.12366 -0.564678 -1.97367
vertex 1.12366 -0.616013 -1.9074
vertex 1.43828 -0.649476 -2.09192
endloop
endfacet
facet normal 0.401385 0.731015 0.551822
outer loop
vertex 1.43828 -0.649476 -2.09192
vertex 1.12366 -0.616013 -1.9074
vertex 1.43828 -0.708519 -2.01371
endloop
endfacet
facet normal 0.397089 0.761026 0.512991
outer loop
vertex 1.12366 -0.616013 -1.9074
vertex 1.12366 -0.667347 -1.83125
vertex 1.43828 -0.708519 -2.01371
endloop
endfacet
facet normal 0.393302 0.768441 0.504789
outer loop
vertex 1.43828 -0.708519 -2.01371
vertex 1.12366 -0.667347 -1.83125
vertex 1.43828 -0.767563 -1.92382
endloop
endfacet
facet normal 0.389872 0.795551 0.463787
outer loop
vertex 1.12366 -0.667347 -1.83125
vertex 1.12366 -0.718681 -1.74319
vertex 1.43828 -0.767563 -1.92382
endloop
endfacet
facet normal 0.386202 0.802021 0.455643
outer loop
vertex 1.43828 -0.767563 -1.92382
vertex 1.12366 -0.718681 -1.74319
vertex 1.43828 -0.826606 -1.8199
endloop
endfacet
facet normal 0.383893 0.8265 0.411732
outer loop
vertex 1.12366 -0.718681 -1.74319
vertex 1.12366 -0.770016 -1.64014
vertex 1.43828 -0.826606 -1.8199
endloop
endfacet
facet normal 0.380398 0.831967 0.403893
outer loop
vertex 1.43828 -0.826606 -1.8199
vertex 1.12366 -0.770016 -1.64014
vertex 1.43828 -0.885649 -1.69827
endloop
endfacet
facet normal 0.379607 0.853998 0.355788
outer loop
vertex 1.12366 -0.770016 -1.64014
vertex 1.12366 -0.82135 -1.51692
vertex 1.43828 -0.885649 -1.69827
endloop
endfacet
facet normal 0.376326 0.858435 0.348523
outer loop
vertex 1.43828 -0.885649 -1.69827
vertex 1.12366 -0.82135 -1.51692
vertex 1.43828 -0.944693 -1.55285
endloop
endfacet
facet normal 0.377767 0.878047 0.293812
outer loop
vertex 1.12366 -0.82135 -1.51692
vertex 1.12366 -0.872685 -1.36351
vertex 1.43828 -0.944693 -1.55285
endloop
endfacet
facet normal 0.374712 0.881459 0.287437
outer loop
vertex 1.43828 -0.944693 -1.55285
vertex 1.12366 -0.872685 -1.36351
vertex 1.43828 -1.00374 -1.37178
endloop
endfacet
facet normal 0.384238 0.914449 0.127057
outer loop
vertex 1.12366 -0.872685 -1.36351
vertex 1.12366 -0.975353 -0.624593
vertex 1.43828 -1.00374 -1.37178
endloop
endfacet
facet normal 0.377809 0.917511 0.124234
outer loop
vertex 1.43828 -1.00374 -1.37178
vertex 1.12366 -0.975353 -0.624593
vertex 1.43828 -1.12182 -0.499674
endloop
endfacet
facet normal 0.419938 0.894995 -0.150451
outer loop
vertex 1.43828 -1.12182 -0.499674
vertex 1.43828 -1.06278 -0.14844
vertex 2.12816 -1.39812 -0.217698
endloop
endfacet
facet normal 0.41965 0.894803 -0.152385
outer loop
vertex 2.12816 -1.39812 -0.217698
vertex 1.43828 -1.06278 -0.14844
vertex 2.12816 -1.32453 0.214395
endloop
endfacet
facet normal 0.485325 0.804501 -0.342401
outer loop
vertex 1.43828 -1.06278 -0.14844
vertex 1.43828 -1.00374 -0.00971277
vertex 2.12816 -1.32453 0.214395
endloop
endfacet
facet normal 0.485688 0.802698 -0.346098
outer loop
vertex 2.12816 -1.32453 0.214395
vertex 1.43828 -1.00374 -0.00971277
vertex 2.12816 -1.25095 0.385059
endloop
endfacet
facet normal 0.512712 0.742543 -0.430995
outer loop
vertex 1.43828 -1.00374 -0.00971277
vertex 1.43828 -0.944693 0.0920104
vertex 2.12816 -1.25095 0.385059
endloop
endfacet
facet normal 0.513223 0.73983 -0.435033
outer loop
vertex 2.12816 -1.25095 0.385059
vertex 1.43828 -0.944693 0.0920104
vertex 2.12816 -1.17736 0.5102
endloop
endfacet
facet normal 0.532071 0.68626 -0.495931
outer loop
vertex 1.43828 -0.944693 0.0920104
vertex 1.43828 -0.885649 0.173713
vertex 2.12816 -1.17736 0.5102
endloop
endfacet
facet normal 0.532617 0.682906 -0.499958
outer loop
vertex 2.12816 -1.17736 0.5102
vertex 1.43828 -0.885649 0.173713
vertex 2.12816 -1.10378 0.610712
endloop
endfacet
facet normal 0.546987 0.633419 -0.547344
outer loop
vertex 1.43828 -0.885649 0.173713
vertex 1.43828 -0.826606 0.242042
vertex 2.12816 -1.10378 0.610712
endloop
endfacet
facet normal 0.547513 0.629628 -0.551179
outer loop
vertex 2.12816 -1.10378 0.610712
vertex 1.43828 -0.826606 0.242042
vertex 2.12816 -1.03019 0.69477
endloop
endfacet
facet normal 0.558971 0.583042 -0.589588
outer loop
vertex 1.43828 -0.826606 0.242042
vertex 1.43828 -0.767563 0.300429
vertex 2.12816 -1.03019 0.69477
endloop
endfacet
facet normal 0.559448 0.578977 -0.59313
outer loop
vertex 2.12816 -1.03019 0.69477
vertex 1.43828 -0.767563 0.300429
vertex 2.12816 -0.956606 0.7666
endloop
endfacet
facet normal 0.568837 0.53456 -0.625036
outer loop
vertex 1.43828 -0.767563 0.300429
vertex 1.43828 -0.708519 0.350926
vertex 2.12816 -0.956606 0.7666
endloop
endfacet
facet normal 0.56925 0.53036 -0.62823
outer loop
vertex 2.12816 -0.956606 0.7666
vertex 1.43828 -0.708519 0.350926
vertex 2.12816 -0.883021 0.828721
endloop
endfacet
facet normal 0.577081 0.487597 -0.655154
outer loop
vertex 1.43828 -0.708519 0.350926
vertex 1.43828 -0.649476 0.394869
vertex 2.12816 -0.883021 0.828721
endloop
endfacet
facet normal 0.577425 0.483377 -0.657972
outer loop
vertex 2.12816 -0.883021 0.828721
vertex 1.43828 -0.649476 0.394869
vertex 2.12816 -0.809436 0.88278
endloop
endfacet
facet normal 0.584032 0.441877 -0.68092
outer loop
vertex 1.43828 -0.649476 0.394869
vertex 1.43828 -0.590433 0.433184
vertex 2.12816 -0.809436 0.88278
endloop
endfacet
facet normal 0.584305 0.437737 -0.683355
outer loop
vertex 2.12816 -0.809436 0.88278
vertex 1.43828 -0.590433 0.433184
vertex 2.12816 -0.735851 0.929917
endloop
endfacet
facet normal 0.589917 0.397191 -0.70302
outer loop
vertex 1.43828 -0.590433 0.433184
vertex 1.43828 -0.53139 0.466543
vertex 2.12816 -0.735851 0.929917
endloop
endfacet
facet normal 0.590122 0.393216 -0.70508
outer loop
vertex 2.12816 -0.735851 0.929917
vertex 1.43828 -0.53139 0.466543
vertex 2.12816 -0.662266 0.970954
endloop
endfacet
facet normal 0.594903 0.35337 -0.721956
outer loop
vertex 1.43828 -0.53139 0.466543
vertex 1.43828 -0.472346 0.495442
vertex 2.12816 -0.662266 0.970954
endloop
endfacet
facet normal 0.595045 0.349632 -0.723656
outer loop
vertex 2.12816 -0.662266 0.970954
vertex 1.43828 -0.472346 0.495442
vertex 2.12816 -0.588681 1.00651
endloop
endfacet
facet normal 0.599111 0.310272 -0.738104
outer loop
vertex 1.43828 -0.472346 0.495442
vertex 1.43828 -0.413303 0.520262
vertex 2.12816 -0.588681 1.00651
endloop
endfacet
facet normal 0.599199 0.306835 -0.739468
outer loop
vertex 2.12816 -0.588681 1.00651
vertex 1.43828 -0.413303 0.520262
vertex 2.12816 -0.515096 1.03704
endloop
endfacet
facet normal 0.602635 0.26778 -0.751748
outer loop
vertex 1.43828 -0.413303 0.520262
vertex 1.43828 -0.35426 0.541294
vertex 2.12816 -0.515096 1.03704
endloop
endfacet
facet normal 0.602676 0.264698 -0.752806
outer loop
vertex 2.12816 -0.515096 1.03704
vertex 1.43828 -0.35426 0.541294
vertex 2.12816 -0.441511 1.06291
endloop
endfacet
facet normal 0.605545 0.225789 -0.763108
outer loop
vertex 1.43828 -0.35426 0.541294
vertex 1.43828 -0.295216 0.558763
vertex 2.12816 -0.441511 1.06291
endloop
endfacet
facet normal 0.60555 0.223106 -0.763893
outer loop
vertex 2.12816 -0.441511 1.06291
vertex 1.43828 -0.295216 0.558763
vertex 2.12816 -0.367926 1.08441
endloop
endfacet
facet normal 0.607896 0.184206 -0.772354
outer loop
vertex 1.43828 -0.295216 0.558763
vertex 1.43828 -0.236173 0.572845
vertex 2.12816 -0.367926 1.08441
endloop
endfacet
facet normal 0.607875 0.181959 -0.772903
outer loop
vertex 2.12816 -0.367926 1.08441
vertex 1.43828 -0.236173 0.572845
vertex 2.12816 -0.29434 1.10173
endloop
endfacet
facet normal 0.609729 0.142947 -0.779613
outer loop
vertex 1.43828 -0.236173 0.572845
vertex 1.43828 -0.17713 0.583671
vertex 2.12816 -0.29434 1.10173
endloop
endfacet
facet normal 0.609692 0.141167 -0.779966
outer loop
vertex 2.12816 -0.29434 1.10173
vertex 1.43828 -0.17713 0.583671
vertex 2.12816 -0.220755 1.11505
endloop
endfacet
facet normal 0.611075 0.101934 -0.784982
outer loop
vertex 1.43828 -0.17713 0.583671
vertex 1.43828 -0.118087 0.591338
vertex 2.12816 -0.220755 1.11505
endloop
endfacet
facet normal 0.611034 0.100644 -0.785181
outer loop
vertex 2.12816 -0.220755 1.11505
vertex 1.43828 -0.118087 0.591338
vertex 2.12816 -0.14717 1.12448
endloop
endfacet
facet normal 0.611954 0.0610929 -0.78853
outer loop
vertex 1.43828 -0.118087 0.591338
vertex 1.43828 -0.0590433 0.595913
vertex 2.12816 -0.14717 1.12448
endloop
endfacet
facet normal 0.611921 0.0603113 -0.788616
outer loop
vertex 2.12816 -0.14717 1.12448
vertex 1.43828 -0.0590433 0.595913
vertex 2.12816 -0.0735851 1.13011
endloop
endfacet
facet normal 0.612382 0.0203533 -0.7903
outer loop
vertex 1.43828 -0.0590433 0.595913
vertex 1.43828 -8.80693e-17 0.597433
vertex 2.12816 -0.0735851 1.13011
endloop
endfacet
facet normal 0.612368 0.0200912 -0.790318
outer loop
vertex 2.12816 -0.0735851 1.13011
vertex 1.43828 -8.80693e-17 0.597433
vertex 2.12816 -1.30312e-16 1.13198
endloop
endfacet
facet normal 0.612365 -0.0203536 -0.790313
outer loop
vertex 1.43828 -8.80693e-17 0.597433
vertex 1.43828 0.0590433 0.595913
vertex 2.12816 -1.30312e-16 1.13198
endloop
endfacet
facet normal 0.612382 -0.0200909 -0.790307
outer loop
vertex 2.12816 -1.30312e-16 1.13198
vertex 1.43828 0.0590433 0.595913
vertex 2.12816 0.0735851 1.13011
endloop
endfacet
facet normal 0.611902 -0.0610961 -0.78857
outer loop
vertex 1.43828 0.0590433 0.595913
vertex 1.43828 0.118087 0.591338
vertex 2.12816 0.0735851 1.13011
endloop
endfacet
facet normal 0.611963 -0.0603089 -0.788584
outer loop
vertex 2.12816 0.0735851 1.13011
vertex 1.43828 0.118087 0.591338
vertex 2.12816 0.14717 1.12448
endloop
endfacet
facet normal 0.610987 -0.101943 -0.785049
outer loop
vertex 1.43828 0.118087 0.591338
vertex 1.43828 0.17713 0.583671
vertex 2.12816 0.14717 1.12448
endloop
endfacet
facet normal 0.611104 -0.100638 -0.785127
outer loop
vertex 2.12816 0.14717 1.12448
vertex 1.43828 0.17713 0.583671
vertex 2.12816 0.220755 1.11505
endloop
endfacet
facet normal 0.609606 -0.142965 -0.779706
outer loop
vertex 1.43828 0.17713 0.583671
vertex 1.43828 0.236173 0.572845
vertex 2.12816 0.220755 1.11505
endloop
endfacet
facet normal 0.609791 -0.141154 -0.779891
outer loop
vertex 2.12816 0.220755 1.11505
vertex 1.43828 0.236173 0.572845
vertex 2.12816 0.29434 1.10173
endloop
endfacet
facet normal 0.607736 -0.184235 -0.772473
outer loop
vertex 1.43828 0.236173 0.572845
vertex 1.43828 0.295216 0.558763
vertex 2.12816 0.29434 1.10173
endloop
endfacet
facet normal 0.608003 -0.181937 -0.772807
outer loop
vertex 2.12816 0.29434 1.10173
vertex 1.43828 0.295216 0.558763
vertex 2.12816 0.367926 1.08441
endloop
endfacet
facet normal 0.605348 -0.225832 -0.763252
outer loop
vertex 1.43828 0.295216 0.558763
vertex 1.43828 0.35426 0.541294
vertex 2.12816 0.367926 1.08441
endloop
endfacet
facet normal 0.605708 -0.223072 -0.763778
outer loop
vertex 2.12816 0.367926 1.08441
vertex 1.43828 0.35426 0.541294
vertex 2.12816 0.441511 1.06291
endloop
endfacet
facet normal 0.6024 -0.26784 -0.751915
outer loop
vertex 1.43828 0.35426 0.541294
vertex 1.43828 0.413303 0.520262
vertex 2.12816 0.441511 1.06291
endloop
endfacet
facet normal 0.602865 -0.26465 -0.752671
outer loop
vertex 2.12816 0.441511 1.06291
vertex 1.43828 0.413303 0.520262
vertex 2.12816 0.515096 1.03704
endloop
endfacet
facet normal 0.598837 -0.310352 -0.738293
outer loop
vertex 1.43828 0.413303 0.520262
vertex 1.43828 0.472346 0.495442
vertex 2.12816 0.515096 1.03704
endloop
endfacet
facet normal 0.599419 -0.306772 -0.739316
outer loop
vertex 2.12816 0.515096 1.03704
vertex 1.43828 0.472346 0.495442
vertex 2.12816 0.588681 1.00651
endloop
endfacet
facet normal 0.594588 -0.353472 -0.722165
outer loop
vertex 1.43828 0.472346 0.495442
vertex 1.43828 0.53139 0.466543
vertex 2.12816 0.588681 1.00651
endloop
endfacet
facet normal 0.595298 -0.349551 -0.723488
outer loop
vertex 2.12816 0.588681 1.00651
vertex 1.43828 0.53139 0.466543
vertex 2.12816 0.662266 0.970954
endloop
endfacet
facet normal 0.589561 -0.397319 -0.703247
outer loop
vertex 1.43828 0.53139 0.466543
vertex 1.43828 0.590433 0.433184
vertex 2.12816 0.662266 0.970954
endloop
endfacet
facet normal 0.590409 -0.393114 -0.704897
outer loop
vertex 2.12816 0.662266 0.970954
vertex 1.43828 0.590433 0.433184
vertex 2.12816 0.735851 0.929917
endloop
endfacet
facet normal 0.583631 -0.442034 -0.681161
outer loop
vertex 1.43828 0.590433 0.433184
vertex 1.43828 0.649476 0.394869
vertex 2.12816 0.735851 0.929917
endloop
endfacet
facet normal 0.584627 -0.437612 -0.68316
outer loop
vertex 2.12816 0.735851 0.929917
vertex 1.43828 0.649476 0.394869
vertex 2.12816 0.809436 0.88278
endloop
endfacet
facet normal 0.576633 -0.487786 -0.655408
outer loop
vertex 1.43828 0.649476 0.394869
vertex 1.43828 0.708519 0.350926
vertex 2.12816 0.809436 0.88278
endloop
endfacet
facet normal 0.577785 -0.483226 -0.657767
outer loop
vertex 2.12816 0.809436 0.88278
vertex 1.43828 0.708519 0.350926
vertex 2.12816 0.883021 0.828721
endloop
endfacet
facet normal 0.568339 -0.534784 -0.625298
outer loop
vertex 1.43828 0.708519 0.350926
vertex 1.43828 0.767563 0.300429
vertex 2.12816 0.883021 0.828721
endloop
endfacet
facet normal 0.569651 -0.530181 -0.628017
outer loop
vertex 2.12816 0.883021 0.828721
vertex 1.43828 0.767563 0.300429
vertex 2.12816 0.956606 0.7666
endloop
endfacet
facet normal 0.558419 -0.583303 -0.589852
outer loop
vertex 1.43828 0.767563 0.300429
vertex 1.43828 0.826606 0.242042
vertex 2.12816 0.956606 0.7666
endloop
endfacet
facet normal 0.559893 -0.578767 -0.592915
outer loop
vertex 2.12816 0.956606 0.7666
vertex 1.43828 0.826606 0.242042
vertex 2.12816 1.03019 0.69477
endloop
endfacet
facet normal 0.546376 -0.633721 -0.547605
outer loop
vertex 1.43828 0.826606 0.242042
vertex 1.43828 0.885649 0.173713
vertex 2.12816 1.03019 0.69477
endloop
endfacet
facet normal 0.548006 -0.629385 -0.550967
outer loop
vertex 2.12816 1.03019 0.69477
vertex 1.43828 0.885649 0.173713
vertex 2.12816 1.10378 0.610712
endloop
endfacet
facet normal 0.531394 -0.686604 -0.49618
outer loop
vertex 1.43828 0.885649 0.173713
vertex 1.43828 0.944693 0.0920104
vertex 2.12816 1.10378 0.610712
endloop
endfacet
facet normal 0.533164 -0.682628 -0.499754
outer loop
vertex 2.12816 1.10378 0.610712
vertex 1.43828 0.944693 0.0920104
vertex 2.12816 1.17736 0.5102
endloop
endfacet
facet normal 0.511958 -0.742932 -0.431221
outer loop
vertex 1.43828 0.944693 0.0920104
vertex 1.43828 1.00374 -0.00971277
vertex 2.12816 1.17736 0.5102
endloop
endfacet
facet normal 0.513832 -0.739516 -0.434848
outer loop
vertex 2.12816 1.17736 0.5102
vertex 1.43828 1.00374 -0.00971277
vertex 2.12816 1.25095 0.385059
endloop
endfacet
facet normal 0.434517 -0.875592 -0.211028
outer loop
vertex 1.43828 1.00374 -0.00971277
vertex 1.43828 1.12182 -0.499674
vertex 2.12816 1.25095 0.385059
endloop
endfacet
facet normal 0.437124 -0.873734 -0.213333
outer loop
vertex 2.12816 1.25095 0.385059
vertex 1.43828 1.12182 -0.499674
vertex 2.12816 1.39812 -0.217698
endloop
endfacet
facet normal 0.338963 -0.936632 0.0884573
outer loop
vertex 1.43828 1.12182 -0.499674
vertex 1.43828 1.06278 -1.12486
vertex 2.12816 1.39812 -0.217698
endloop
endfacet
facet normal 0.343778 -0.935261 0.084289
outer loop
vertex 2.12816 1.39812 -0.217698
vertex 1.43828 1.06278 -1.12486
vertex 2.12816 1.32453 -1.03419
endloop
endfacet
facet normal 0.320589 -0.921249 0.22028
outer loop
vertex 1.43828 1.06278 -1.12486
vertex 1.43828 1.00374 -1.37178
vertex 2.12816 1.32453 -1.03419
endloop
endfacet
facet normal 0.325705 -0.92178 0.210329
outer loop
vertex 2.12816 1.32453 -1.03419
vertex 1.43828 1.00374 -1.37178
vertex 2.12816 1.25095 -1.35668
endloop
endfacet
facet normal 0.316708 -0.901788 0.294066
outer loop
vertex 1.43828 1.00374 -1.37178
vertex 1.43828 0.944693 -1.55285
vertex 2.12816 1.25095 -1.35668
endloop
endfacet
facet normal 0.321383 -0.904183 0.281366
outer loop
vertex 2.12816 1.25095 -1.35668
vertex 1.43828 0.944693 -1.55285
vertex 2.12816 1.17736 -1.59315
endloop
endfacet
facet normal 0.317193 -0.878702 0.356751
outer loop
vertex 1.43828 0.944693 -1.55285
vertex 1.43828 0.885649 -1.69827
vertex 2.12816 1.17736 -1.59315
endloop
endfacet
facet normal 0.321255 -0.883035 0.342118
outer loop
vertex 2.12816 1.17736 -1.59315
vertex 1.43828 0.885649 -1.69827
vertex 2.12816 1.10378 -1.78308
endloop
endfacet
facet normal 0.320306 -0.852199 0.413715
outer loop
vertex 1.43828 0.885649 -1.69827
vertex 1.43828 0.826606 -1.8199
vertex 2.12816 1.10378 -1.78308
endloop
endfacet
facet normal 0.323695 -0.85851 0.397722
outer loop
vertex 2.12816 1.10378 -1.78308
vertex 1.43828 0.826606 -1.8199
vertex 2.12816 1.03019 -1.94192
endloop
endfacet
facet normal 0.325254 -0.822203 0.46711
outer loop
vertex 1.43828 0.826606 -1.8199
vertex 1.43828 0.767563 -1.92382
vertex 2.12816 1.03019 -1.94192
endloop
endfacet
facet normal 0.327967 -0.830492 0.450245
outer loop
vertex 2.12816 1.03019 -1.94192
vertex 1.43828 0.767563 -1.92382
vertex 2.12816 0.956606 -2.07765
endloop
endfacet
facet normal 0.331568 -0.788519 0.517978
outer loop
vertex 1.43828 0.767563 -1.92382
vertex 1.43828 0.708519 -2.01371
vertex 2.12816 0.956606 -2.07765
endloop
endfacet
facet normal 0.333641 -0.798738 0.5007
outer loop
vertex 2.12816 0.956606 -2.07765
vertex 1.43828 0.708519 -2.01371
vertex 2.12816 0.883021 -2.19503
endloop
endfacet
facet normal 0.33892 -0.750893 0.566827
outer loop
vertex 1.43828 0.708519 -2.01371
vertex 1.43828 0.649476 -2.09192
vertex 2.12816 0.883021 -2.19503
endloop
endfacet
facet normal 0.34042 -0.762936 0.549585
outer loop
vertex 2.12816 0.883021 -2.19503
vertex 1.43828 0.649476 -2.09192
vertex 2.12816 0.809436 -2.29718
endloop
endfacet
facet normal 0.347045 -0.709049 0.613848
outer loop
vertex 1.43828 0.649476 -2.09192
vertex 1.43828 0.590433 -2.16012
vertex 2.12816 0.809436 -2.29718
endloop
endfacet
facet normal 0.348059 -0.722733 0.597086
outer loop
vertex 2.12816 0.809436 -2.29718
vertex 1.43828 0.590433 -2.16012
vertex 2.12816 0.735851 -2.38625
endloop
endfacet
facet normal 0.355703 -0.662716 0.659001
outer loop
vertex 1.43828 0.590433 -2.16012
vertex 1.43828 0.53139 -2.2195
vertex 2.12816 0.735851 -2.38625
endloop
endfacet
facet normal 0.356336 -0.677772 0.643156
outer loop
vertex 2.12816 0.735851 -2.38625
vertex 1.43828 0.53139 -2.2195
vertex 2.12816 0.662266 -2.4638
endloop
endfacet
facet normal 0.364656 -0.611657 0.70207
outer loop
vertex 1.43828 0.53139 -2.2195
vertex 1.43828 0.472346 -2.27094
vertex 2.12816 0.662266 -2.4638
endloop
endfacet
facet normal 0.365019 -0.627715 0.687557
outer loop
vertex 2.12816 0.662266 -2.4638
vertex 1.43828 0.472346 -2.27094
vertex 2.12816 0.588681 -2.53098
endloop
endfacet
facet normal 0.373655 -0.555699 0.742685
outer loop
vertex 1.43828 0.472346 -2.27094
vertex 1.43828 0.413303 -2.31512
vertex 2.12816 0.588681 -2.53098
endloop
endfacet
facet normal 0.373863 -0.572282 0.729876
outer loop
vertex 2.12816 0.588681 -2.53098
vertex 1.43828 0.413303 -2.31512
vertex 2.12816 0.515096 -2.58868
endloop
endfacet
facet normal 0.382439 -0.494771 0.780347
outer loop
vertex 1.43828 0.413303 -2.31512
vertex 1.43828 0.35426 -2.35255
vertex 2.12816 0.515096 -2.58868
endloop
endfacet
facet normal 0.382594 -0.511298 0.769542
outer loop
vertex 2.12816 0.515096 -2.58868
vertex 1.43828 0.35426 -2.35255
vertex 2.12816 0.441511 -2.63757
endloop
endfacet
facet normal 0.390734 -0.428938 0.814456
outer loop
vertex 1.43828 0.35426 -2.35255
vertex 1.43828 0.295216 -2.38365
vertex 2.12816 0.441511 -2.63757
endloop
endfacet
facet normal 0.390916 -0.44474 0.805848
outer loop
vertex 2.12816 0.441511 -2.63757
vertex 1.43828 0.295216 -2.38365
vertex 2.12816 0.367926 -2.67818
endloop
endfacet
facet normal 0.398255 -0.35844 0.844342
outer loop
vertex 1.43828 0.295216 -2.38365
vertex 1.43828 0.236173 -2.40871
vertex 2.12816 0.367926 -2.67818
endloop
endfacet
facet normal 0.398512 -0.372787 0.837985
outer loop
vertex 2.12816 0.367926 -2.67818
vertex 1.43828 0.236173 -2.40871
vertex 2.12816 0.29434 -2.71091
endloop
endfacet
facet normal 0.404725 -0.283715 0.869312
outer loop
vertex 1.43828 0.236173 -2.40871
vertex 1.43828 0.17713 -2.42798
vertex 2.12816 0.29434 -2.71091
endloop
endfacet
facet normal 0.40506 -0.295867 0.865095
outer loop
vertex 2.12816 0.29434 -2.71091
vertex 1.43828 0.17713 -2.42798
vertex 2.12816 0.220755 -2.73608
endloop
endfacet
facet normal 0.409885 -0.205413 0.888707
outer loop
vertex 1.43828 0.17713 -2.42798
vertex 1.43828 0.118087 -2.44163
vertex 2.12816 0.220755 -2.73608
endloop
endfacet
facet normal 0.410255 -0.214682 0.886342
outer loop
vertex 2.12816 0.220755 -2.73608
vertex 1.43828 0.118087 -2.44163
vertex 2.12816 0.14717 -2.7539
endloop
endfacet
facet normal 0.413518 -0.124385 0.90196
outer loop
vertex 1.43828 0.118087 -2.44163
vertex 1.43828 0.0590433 -2.44977
vertex 2.12816 0.14717 -2.7539
endloop
endfacet
facet normal 0.413835 -0.130206 0.900992
outer loop
vertex 2.12816 0.14717 -2.7539
vertex 1.43828 0.0590433 -2.44977
vertex 2.12816 0.0735851 -2.76454
endloop
endfacet
facet normal 0.415464 -0.0416535 0.908655
outer loop
vertex 1.43828 0.0590433 -2.44977
vertex 1.43828 -8.80693e-17 -2.45248
vertex 2.12816 0.0735851 -2.76454
endloop
endfacet
facet normal 0.415605 -0.0436417 0.908498
outer loop
vertex 2.12816 0.0735851 -2.76454
vertex 1.43828 -8.80693e-17 -2.45248
vertex 2.12816 -1.30312e-16 -2.76807
endloop
endfacet
facet normal 0.41564 0.0416498 0.908575
outer loop
vertex 1.43828 -8.80693e-17 -2.45248
vertex 1.43828 -0.0590433 -2.44977
vertex 2.12816 -1.30312e-16 -2.76807
endloop
endfacet
facet normal 0.415464 0.0436448 0.908562
outer loop
vertex 2.12816 -1.30312e-16 -2.76807
vertex 1.43828 -0.0590433 -2.44977
vertex 2.12816 -0.0735851 -2.76454
endloop
endfacet
facet normal 0.414044 0.124353 0.901723
outer loop
vertex 1.43828 -0.0590433 -2.44977
vertex 1.43828 -0.118087 -2.44163
vertex 2.12816 -0.0735851 -2.76454
endloop
endfacet
facet normal 0.413412 0.130233 0.901182
outer loop
vertex 2.12816 -0.0735851 -2.76454
vertex 1.43828 -0.118087 -2.44163
vertex 2.12816 -0.14717 -2.7539
endloop
endfacet
facet normal 0.410758 0.205324 0.888324
outer loop
vertex 1.43828 -0.118087 -2.44163
vertex 1.43828 -0.17713 -2.42798
vertex 2.12816 -0.14717 -2.7539
endloop
endfacet
facet normal 0.409556 0.214756 0.886647
outer loop
vertex 2.12816 -0.14717 -2.7539
vertex 1.43828 -0.17713 -2.42798
vertex 2.12816 -0.220755 -2.73608
endloop
endfacet
facet normal 0.405936 0.283548 0.868802
outer loop
vertex 1.43828 -0.17713 -2.42798
vertex 1.43828 -0.236173 -2.40871
vertex 2.12816 -0.220755 -2.73608
endloop
endfacet
facet normal 0.404091 0.296006 0.8655
outer loop
vertex 2.12816 -0.220755 -2.73608
vertex 1.43828 -0.236173 -2.40871
vertex 2.12816 -0.29434 -2.71091
endloop
endfacet
facet normal 0.399795 0.358178 0.843725
outer loop
vertex 1.43828 -0.236173 -2.40871
vertex 1.43828 -0.295216 -2.38365
vertex 2.12816 -0.29434 -2.71091
endloop
endfacet
facet normal 0.397284 0.373003 0.838472
outer loop
vertex 2.12816 -0.29434 -2.71091
vertex 1.43828 -0.295216 -2.38365
vertex 2.12816 -0.367926 -2.67818
endloop
endfacet
facet normal 0.392589 0.42857 0.813758
outer loop
vertex 1.43828 -0.295216 -2.38365
vertex 1.43828 -0.35426 -2.35255
vertex 2.12816 -0.367926 -2.67818
endloop
endfacet
facet normal 0.38944 0.445042 0.806396
outer loop
vertex 2.12816 -0.367926 -2.67818
vertex 1.43828 -0.35426 -2.35255
vertex 2.12816 -0.441511 -2.63757
endloop
endfacet
facet normal 0.384595 0.494291 0.779591
outer loop
vertex 1.43828 -0.35426 -2.35255
vertex 1.43828 -0.413303 -2.31512
vertex 2.12816 -0.441511 -2.63757
endloop
endfacet
facet normal 0.380884 0.511689 0.770131
outer loop
vertex 2.12816 -0.441511 -2.63757
vertex 1.43828 -0.413303 -2.31512
vertex 2.12816 -0.515096 -2.58868
endloop
endfacet
facet normal 0.376094 0.555108 0.741895
outer loop
vertex 1.43828 -0.413303 -2.31512
vertex 1.43828 -0.472346 -2.27094
vertex 2.12816 -0.515096 -2.58868
endloop
endfacet
facet normal 0.371934 0.572761 0.730486
outer loop
vertex 2.12816 -0.515096 -2.58868
vertex 1.43828 -0.472346 -2.27094
vertex 2.12816 -0.588681 -2.53098
endloop
endfacet
facet normal 0.367361 0.610958 0.701267
outer loop
vertex 1.43828 -0.472346 -2.27094
vertex 1.43828 -0.53139 -2.2195
vertex 2.12816 -0.588681 -2.53098
endloop
endfacet
facet normal 0.362887 0.628277 0.688172
outer loop
vertex 2.12816 -0.588681 -2.53098
vertex 1.43828 -0.53139 -2.2195
vertex 2.12816 -0.662266 -2.4638
endloop
endfacet
facet normal 0.358657 0.661915 0.658205
outer loop
vertex 1.43828 -0.53139 -2.2195
vertex 1.43828 -0.590433 -2.16012
vertex 2.12816 -0.662266 -2.4638
endloop
endfacet
facet normal 0.354017 0.678411 0.643762
outer loop
vertex 2.12816 -0.662266 -2.4638
vertex 1.43828 -0.590433 -2.16012
vertex 2.12816 -0.735851 -2.38625
endloop
endfacet
facet normal 0.350227 0.708154 0.613073
outer loop
vertex 1.43828 -0.590433 -2.16012
vertex 1.43828 -0.649476 -2.09192
vertex 2.12816 -0.735851 -2.38625
endloop
endfacet
facet normal 0.34557 0.723443 0.597672
outer loop
vertex 2.12816 -0.735851 -2.38625
vertex 1.43828 -0.649476 -2.09192
vertex 2.12816 -0.809436 -2.29718
endloop
endfacet
facet normal 0.34231 0.749912 0.566088
outer loop
vertex 1.43828 -0.649476 -2.09192
vertex 1.43828 -0.708519 -2.01371
vertex 2.12816 -0.809436 -2.29718
endloop
endfacet
facet normal 0.337776 0.763709 0.550142
outer loop
vertex 2.12816 -0.809436 -2.29718
vertex 1.43828 -0.708519 -2.01371
vertex 2.12816 -0.883021 -2.19503
endloop
endfacet
facet normal 0.335147 0.787461 0.517283
outer loop
vertex 1.43828 -0.708519 -2.01371
vertex 1.43828 -0.767563 -1.92382
vertex 2.12816 -0.883021 -2.19503
endloop
endfacet
facet normal 0.330859 0.799569 0.50122
outer loop
vertex 2.12816 -0.883021 -2.19503
vertex 1.43828 -0.767563 -1.92382
vertex 2.12816 -0.956606 -2.07765
endloop
endfacet
facet normal 0.329004 0.821075 0.466468
outer loop
vertex 1.43828 -0.767563 -1.92382
vertex 1.43828 -0.826606 -1.8199
vertex 2.12816 -0.956606 -2.07765
endloop
endfacet
facet normal 0.325062 0.831374 0.450723
outer loop
vertex 2.12816 -0.956606 -2.07765
vertex 1.43828 -0.826606 -1.8199
vertex 2.12816 -1.03019 -1.94192
endloop
endfacet
facet normal 0.324207 0.851005 0.413135
outer loop
vertex 1.43828 -0.826606 -1.8199
vertex 1.43828 -0.885649 -1.69827
vertex 2.12816 -1.03019 -1.94192
endloop
endfacet
facet normal 0.320683 0.85944 0.398153
outer loop
vertex 2.12816 -1.03019 -1.94192
vertex 1.43828 -0.885649 -1.69827
vertex 2.12816 -1.10378 -1.78308
endloop
endfacet
facet normal 0.321223 0.877444 0.35624
outer loop
vertex 1.43828 -0.885649 -1.69827
vertex 1.43828 -0.944693 -1.55285
vertex 2.12816 -1.10378 -1.78308
endloop
endfacet
facet normal 0.318151 0.884012 0.342496
outer loop
vertex 2.12816 -1.10378 -1.78308
vertex 1.43828 -0.944693 -1.55285
vertex 2.12816 -1.17736 -1.59315
endloop
endfacet
facet normal 0.320845 0.900465 0.293635
outer loop
vertex 1.43828 -0.944693 -1.55285
vertex 1.43828 -1.00374 -1.37178
vertex 2.12816 -1.17736 -1.59315
endloop
endfacet
facet normal 0.318204 0.905207 0.281684
outer loop
vertex 2.12816 -1.17736 -1.59315
vertex 1.43828 -1.00374 -1.37178
vertex 2.12816 -1.25095 -1.35668
endloop
endfacet
facet normal 0.332166 0.934691 0.12656
outer loop
vertex 1.43828 -1.00374 -1.37178
vertex 1.43828 -1.12182 -0.499674
vertex 2.12816 -1.25095 -1.35668
endloop
endfacet
facet normal 0.325982 0.937581 0.121147
outer loop
vertex 2.12816 -1.25095 -1.35668
vertex 1.43828 -1.12182 -0.499674
vertex 2.12816 -1.39812 -0.217698
endloop
endfacet
facet normal 0.300817 0.940146 -0.160106
outer loop
vertex 2.12816 -1.39812 -0.217698
vertex 2.12816 -1.32453 0.214395
vertex 2.61911 -1.54791 -0.174886
endloop
endfacet
facet normal 0.305873 0.939628 -0.153433
outer loop
vertex 2.61911 -1.54791 -0.174886
vertex 2.12816 -1.32453 0.214395
vertex 2.61911 -1.46645 0.324034
endloop
endfacet
facet normal 0.333588 0.865679 -0.373254
outer loop
vertex 2.12816 -1.32453 0.214395
vertex 2.12816 -1.25095 0.385059
vertex 2.61911 -1.46645 0.324034
endloop
endfacet
facet normal 0.337179 0.87002 -0.359688
outer loop
vertex 2.61911 -1.46645 0.324034
vertex 2.12816 -1.25095 0.385059
vertex 2.61911 -1.38498 0.521093
endloop
endfacet
facet normal 0.351763 0.806924 -0.474485
outer loop
vertex 2.12816 -1.25095 0.385059
vertex 2.12816 -1.17736 0.5102
vertex 2.61911 -1.38498 0.521093
endloop
endfacet
facet normal 0.354617 0.814474 -0.459216
outer loop
vertex 2.61911 -1.38498 0.521093
vertex 2.12816 -1.17736 0.5102
vertex 2.61911 -1.30351 0.665588
endloop
endfacet
facet normal 0.366804 0.750637 -0.549544
outer loop
vertex 2.12816 -1.17736 0.5102
vertex 2.12816 -1.10378 0.610712
vertex 2.61911 -1.30351 0.665588
endloop
endfacet
facet normal 0.369143 0.760665 -0.533968
outer loop
vertex 2.61911 -1.30351 0.665588
vertex 2.12816 -1.10378 0.610712
vertex 2.61911 -1.22204 0.781645
endloop
endfacet
facet normal 0.379811 0.696042 -0.609319
outer loop
vertex 2.12816 -1.10378 0.610712
vertex 2.12816 -1.03019 0.69477
vertex 2.61911 -1.22204 0.781645
endloop
endfacet
facet normal 0.38178 0.707921 -0.594215
outer loop
vertex 2.61911 -1.22204 0.781645
vertex 2.12816 -1.03019 0.69477
vertex 2.61911 -1.14057 0.878704
endloop
endfacet
facet normal 0.39125 0.642835 -0.658549
outer loop
vertex 2.12816 -1.03019 0.69477
vertex 2.12816 -0.956606 0.7666
vertex 2.61911 -1.14057 0.878704
endloop
endfacet
facet normal 0.392954 0.65601 -0.64439
outer loop
vertex 2.61911 -1.14057 0.878704
vertex 2.12816 -0.956606 0.7666
vertex 2.61911 -1.0591 0.961642
endloop
endfacet
facet normal 0.401385 0.590833 -0.699862
outer loop
vertex 2.12816 -0.956606 0.7666
vertex 2.12816 -0.883021 0.828721
vertex 2.61911 -1.0591 0.961642
endloop
endfacet
facet normal 0.402897 0.604809 -0.686935
outer loop
vertex 2.61911 -1.0591 0.961642
vertex 2.12816 -0.883021 0.828721
vertex 2.61911 -0.97763 1.03337
endloop
endfacet
facet normal 0.410387 0.539898 -0.73491
outer loop
vertex 2.12816 -0.883021 0.828721
vertex 2.12816 -0.809436 0.88278
vertex 2.61911 -0.97763 1.03337
endloop
endfacet
facet normal 0.411761 0.554235 -0.723378
outer loop
vertex 2.61911 -0.97763 1.03337
vertex 2.12816 -0.809436 0.88278
vertex 2.61911 -0.896161 1.09579
endloop
endfacet
facet normal 0.418378 0.489917 -0.764814
outer loop
vertex 2.12816 -0.809436 0.88278
vertex 2.12816 -0.735851 0.929917
vertex 2.61911 -0.896161 1.09579
endloop
endfacet
facet normal 0.41965 0.504223 -0.754754
outer loop
vertex 2.61911 -0.896161 1.09579
vertex 2.12816 -0.735851 0.929917
vertex 2.61911 -0.814692 1.15022
endloop
endfacet
facet normal 0.425449 0.440787 -0.79038
outer loop
vertex 2.12816 -0.735851 0.929917
vertex 2.12816 -0.662266 0.970954
vertex 2.61911 -0.814692 1.15022
endloop
endfacet
facet normal 0.426641 0.454715 -0.781801
outer loop
vertex 2.61911 -0.814692 1.15022
vertex 2.12816 -0.662266 0.970954
vertex 2.61911 -0.733223 1.1976
endloop
endfacet
facet normal 0.431671 0.392413 -0.812202
outer loop
vertex 2.12816 -0.662266 0.970954
vertex 2.12816 -0.588681 1.00651
vertex 2.61911 -0.733223 1.1976
endloop
endfacet
facet normal 0.432793 0.405659 -0.805066
outer loop
vertex 2.61911 -0.733223 1.1976
vertex 2.12816 -0.588681 1.00651
vertex 2.61911 -0.651753 1.23865
endloop
endfacet
facet normal 0.437101 0.344706 -0.830735
outer loop
vertex 2.12816 -0.588681 1.00651
vertex 2.12816 -0.515096 1.03704
vertex 2.61911 -0.651753 1.23865
endloop
endfacet
facet normal 0.438155 0.357004 -0.824966
outer loop
vertex 2.61911 -0.651753 1.23865
vertex 2.12816 -0.515096 1.03704
vertex 2.61911 -0.570284 1.27391
endloop
endfacet
facet normal 0.441782 0.297582 -0.846329
outer loop
vertex 2.12816 -0.515096 1.03704
vertex 2.12816 -0.441511 1.06291
vertex 2.61911 -0.570284 1.27391
endloop
endfacet
facet normal 0.442762 0.308701 -0.841823
outer loop
vertex 2.61911 -0.570284 1.27391
vertex 2.12816 -0.441511 1.06291
vertex 2.61911 -0.488815 1.30378
endloop
endfacet
facet normal 0.445752 0.250958 -0.859258
outer loop
vertex 2.12816 -0.441511 1.06291
vertex 2.12816 -0.367926 1.08441
vertex 2.61911 -0.488815 1.30378
endloop
endfacet
facet normal 0.446645 0.260702 -0.855887
outer loop
vertex 2.61911 -0.488815 1.30378
vertex 2.12816 -0.367926 1.08441
vertex 2.61911 -0.407346 1.3286
endloop
endfacet
facet normal 0.449041 0.204756 -0.869734
outer loop
vertex 2.12816 -0.367926 1.08441
vertex 2.12816 -0.29434 1.10173
vertex 2.61911 -0.407346 1.3286
endloop
endfacet
facet normal 0.449829 0.212959 -0.867354
outer loop
vertex 2.61911 -0.407346 1.3286
vertex 2.12816 -0.29434 1.10173
vertex 2.61911 -0.325877 1.3486
endloop
endfacet
facet normal 0.45167 0.158896 -0.877921
outer loop
vertex 2.12816 -0.29434 1.10173
vertex 2.12816 -0.220755 1.11505
vertex 2.61911 -0.325877 1.3486
endloop
endfacet
facet normal 0.452332 0.165424 -0.876374
outer loop
vertex 2.61911 -0.325877 1.3486
vertex 2.12816 -0.220755 1.11505
vertex 2.61911 -0.244408 1.36398
endloop
endfacet
facet normal 0.453659 0.113304 -0.883943
outer loop
vertex 2.12816 -0.220755 1.11505
vertex 2.12816 -0.14717 1.12448
vertex 2.61911 -0.244408 1.36398
endloop
endfacet
facet normal 0.454168 0.118049 -0.883061
outer loop
vertex 2.61911 -0.244408 1.36398
vertex 2.12816 -0.14717 1.12448
vertex 2.61911 -0.162938 1.37487
endloop
endfacet
facet normal 0.45502 0.0679034 -0.887889
outer loop
vertex 2.12816 -0.14717 1.12448
vertex 2.12816 -0.0735851 1.13011
vertex 2.61911 -0.162938 1.37487
endloop
endfacet
facet normal 0.455348 0.0707864 -0.887495
outer loop
vertex 2.61911 -0.162938 1.37487
vertex 2.12816 -0.0735851 1.13011
vertex 2.61911 -0.0814692 1.38137
endloop
endfacet
facet normal 0.455762 0.0226205 -0.889814
outer loop
vertex 2.12816 -0.0735851 1.13011
vertex 2.12816 -1.30312e-16 1.13198
vertex 2.61911 -0.0814692 1.38137
endloop
endfacet
facet normal 0.455879 0.0235891 -0.889729
outer loop
vertex 2.61911 -0.0814692 1.38137
vertex 2.12816 -1.30312e-16 1.13198
vertex 2.61911 -1.60374e-16 1.38353
endloop
endfacet
facet normal 0.455889 -0.0226189 -0.889749
outer loop
vertex 2.12816 -1.30312e-16 1.13198
vertex 2.12816 0.0735851 1.13011
vertex 2.61911 -1.60374e-16 1.38353
endloop
endfacet
facet normal 0.455764 -0.0235907 -0.889788
outer loop
vertex 2.61911 -1.60374e-16 1.38353
vertex 2.12816 0.0735851 1.13011
vertex 2.61911 0.0814692 1.38137
endloop
endfacet
facet normal 0.455403 -0.0678885 -0.887693
outer loop
vertex 2.12816 0.0735851 1.13011
vertex 2.12816 0.14717 1.12448
vertex 2.61911 0.0814692 1.38137
endloop
endfacet
facet normal 0.455002 -0.0708005 -0.887671
outer loop
vertex 2.61911 0.0814692 1.38137
vertex 2.12816 0.14717 1.12448
vertex 2.61911 0.162938 1.37487
endloop
endfacet
facet normal 0.454299 -0.113262 -0.88362
outer loop
vertex 2.12816 0.14717 1.12448
vertex 2.12816 0.220755 1.11505
vertex 2.61911 0.162938 1.37487
endloop
endfacet
facet normal 0.45359 -0.118088 -0.883353
outer loop
vertex 2.61911 0.162938 1.37487
vertex 2.12816 0.220755 1.11505
vertex 2.61911 0.244408 1.36398
endloop
endfacet
facet normal 0.45257 -0.158815 -0.877473
outer loop
vertex 2.12816 0.220755 1.11505
vertex 2.12816 0.29434 1.10173
vertex 2.61911 0.244408 1.36398
endloop
endfacet
facet normal 0.451519 -0.1655 -0.876778
outer loop
vertex 2.61911 0.244408 1.36398
vertex 2.12816 0.29434 1.10173
vertex 2.61911 0.325877 1.3486
endloop
endfacet
facet normal 0.450204 -0.204621 -0.869164
outer loop
vertex 2.12816 0.29434 1.10173
vertex 2.12816 0.367926 1.08441
vertex 2.61911 0.325877 1.3486
endloop
endfacet
facet normal 0.44878 -0.213085 -0.867866
outer loop
vertex 2.61911 0.325877 1.3486
vertex 2.12816 0.367926 1.08441
vertex 2.61911 0.407346 1.3286
endloop
endfacet
facet normal 0.447183 -0.250758 -0.858573
outer loop
vertex 2.12816 0.367926 1.08441
vertex 2.12816 0.441511 1.06291
vertex 2.61911 0.407346 1.3286
endloop
endfacet
facet normal 0.445357 -0.260889 -0.856501
outer loop
vertex 2.61911 0.407346 1.3286
vertex 2.12816 0.441511 1.06291
vertex 2.61911 0.488815 1.30378
endloop
endfacet
facet normal 0.443486 -0.297303 -0.845536
outer loop
vertex 2.12816 0.441511 1.06291
vertex 2.12816 0.515096 1.03704
vertex 2.61911 0.488815 1.30378
endloop
endfacet
facet normal 0.441229 -0.308961 -0.842532
outer loop
vertex 2.61911 0.488815 1.30378
vertex 2.12816 0.515096 1.03704
vertex 2.61911 0.570284 1.27391
endloop
endfacet
facet normal 0.439083 -0.344336 -0.829843
outer loop
vertex 2.12816 0.515096 1.03704
vertex 2.12816 0.588681 1.00651
vertex 2.61911 0.570284 1.27391
endloop
endfacet
facet normal 0.436373 -0.357348 -0.825761
outer loop
vertex 2.61911 0.570284 1.27391
vertex 2.12816 0.588681 1.00651
vertex 2.61911 0.651753 1.23865
endloop
endfacet
facet normal 0.433941 -0.391939 -0.811221
outer loop
vertex 2.12816 0.588681 1.00651
vertex 2.12816 0.662266 0.970954
vertex 2.61911 0.651753 1.23865
endloop
endfacet
facet normal 0.430757 -0.406097 -0.805936
outer loop
vertex 2.61911 0.651753 1.23865
vertex 2.12816 0.662266 0.970954
vertex 2.61911 0.733223 1.1976
endloop
endfacet
facet normal 0.428015 -0.440197 -0.789322
outer loop
vertex 2.12816 0.662266 0.970954
vertex 2.12816 0.735851 0.929917
vertex 2.61911 0.733223 1.1976
endloop
endfacet
facet normal 0.424343 -0.455258 -0.782735
outer loop
vertex 2.61911 0.733223 1.1976
vertex 2.12816 0.735851 0.929917
vertex 2.61911 0.814692 1.15022
endloop
endfacet
facet normal 0.42125 -0.489201 -0.763696
outer loop
vertex 2.12816 0.735851 0.929917
vertex 2.12816 0.809436 0.88278
vertex 2.61911 0.814692 1.15022
endloop
endfacet
facet normal 0.417083 -0.50488 -0.755737
outer loop
vertex 2.61911 0.814692 1.15022
vertex 2.12816 0.809436 0.88278
vertex 2.61911 0.896161 1.09579
endloop
endfacet
facet normal 0.413577 -0.539045 -0.733747
outer loop
vertex 2.12816 0.809436 0.88278
vertex 2.12816 0.883021 0.828721
vertex 2.61911 0.896161 1.09579
endloop
endfacet
facet normal 0.408916 -0.555014 -0.724394
outer loop
vertex 2.61911 0.896161 1.09579
vertex 2.12816 0.883021 0.828721
vertex 2.61911 0.97763 1.03337
endloop
endfacet
facet normal 0.404906 -0.589832 -0.698677
outer loop
vertex 2.12816 0.883021 0.828721
vertex 2.12816 0.956606 0.7666
vertex 2.61911 0.97763 1.03337
endloop
endfacet
facet normal 0.399765 -0.605716 -0.687965
outer loop
vertex 2.61911 0.97763 1.03337
vertex 2.12816 0.956606 0.7666
vertex 2.61911 1.0591 0.961642
endloop
endfacet
facet normal 0.395117 -0.64168 -0.657366
outer loop
vertex 2.12816 0.956606 0.7666
vertex 2.12816 1.03019 0.69477
vertex 2.61911 1.0591 0.961642
endloop
endfacet
facet normal 0.389524 -0.65705 -0.645411
outer loop
vertex 2.61911 1.0591 0.961642
vertex 2.12816 1.03019 0.69477
vertex 2.61911 1.14057 0.878704
endloop
endfacet
facet normal 0.384041 -0.694727 -0.608167
outer loop
vertex 2.12816 1.03019 0.69477
vertex 2.12816 1.10378 0.610712
vertex 2.61911 1.14057 0.878704
endloop
endfacet
facet normal 0.378041 -0.709098 -0.595202
outer loop
vertex 2.61911 1.14057 0.878704
vertex 2.12816 1.10378 0.610712
vertex 2.61911 1.22204 0.781645
endloop
endfacet
facet normal 0.371417 -0.749159 -0.548462
outer loop
vertex 2.12816 1.10378 0.610712
vertex 2.12816 1.17736 0.5102
vertex 2.61911 1.22204 0.781645
endloop
endfacet
facet normal 0.36508 -0.761978 -0.53489
outer loop
vertex 2.61911 1.22204 0.781645
vertex 2.12816 1.17736 0.5102
vertex 2.61911 1.30351 0.665588
endloop
endfacet
facet normal 0.356783 -0.805285 -0.473521
outer loop
vertex 2.12816 1.17736 0.5102
vertex 2.12816 1.25095 0.385059
vertex 2.61911 1.30351 0.665588
endloop
endfacet
facet normal 0.350213 -0.815919 -0.46003
outer loop
vertex 2.61911 1.30351 0.665588
vertex 2.12816 1.25095 0.385059
vertex 2.61911 1.38498 0.521093
endloop
endfacet
facet normal 0.314175 -0.922272 -0.225184
outer loop
vertex 2.12816 1.25095 0.385059
vertex 2.12816 1.39812 -0.217698
vertex 2.61911 1.38498 0.521093
endloop
endfacet
facet normal 0.302148 -0.928164 -0.217296
outer loop
vertex 2.61911 1.38498 0.521093
vertex 2.12816 1.39812 -0.217698
vertex 2.61911 1.54791 -0.174886
endloop
endfacet
facet normal 0.283879 -0.95499 0.0860671
outer loop
vertex 2.12816 1.39812 -0.217698
vertex 2.12816 1.32453 -1.03419
vertex 2.61911 1.54791 -0.174886
endloop
endfacet
facet normal 0.277052 -0.956594 0.0903848
outer loop
vertex 2.61911 1.54791 -0.174886
vertex 2.12816 1.32453 -1.03419
vertex 2.61911 1.46645 -1.03712
endloop
endfacet
facet normal 0.272434 -0.938064 0.214045
outer loop
vertex 2.12816 1.32453 -1.03419
vertex 2.12816 1.25095 -1.35668
vertex 2.61911 1.46645 -1.03712
endloop
endfacet
facet normal 0.265569 -0.937636 0.224303
outer loop
vertex 2.61911 1.46645 -1.03712
vertex 2.12816 1.25095 -1.35668
vertex 2.61911 1.38498 -1.37768
endloop
endfacet
facet normal 0.263703 -0.92104 0.286611
outer loop
vertex 2.12816 1.25095 -1.35668
vertex 2.12816 1.17736 -1.59315
vertex 2.61911 1.38498 -1.37768
endloop
endfacet
facet normal 0.256977 -0.918759 0.299741
outer loop
vertex 2.61911 1.38498 -1.37768
vertex 2.12816 1.17736 -1.59315
vertex 2.61911 1.30351 -1.6274
endloop
endfacet
facet normal 0.255968 -0.901398 0.349232
outer loop
vertex 2.12816 1.17736 -1.59315
vertex 2.12816 1.10378 -1.78308
vertex 2.61911 1.30351 -1.6274
endloop
endfacet
facet normal 0.249441 -0.897201 0.364432
outer loop
vertex 2.61911 1.30351 -1.6274
vertex 2.12816 1.10378 -1.78308
vertex 2.61911 1.22204 -1.82797
endloop
endfacet
facet normal 0.248912 -0.878803 0.407123
outer loop
vertex 2.12816 1.10378 -1.78308
vertex 2.12816 1.03019 -1.94192
vertex 2.61911 1.22204 -1.82797
endloop
endfacet
facet normal 0.242624 -0.872638 0.423835
outer loop
vertex 2.61911 1.22204 -1.82797
vertex 2.12816 1.03019 -1.94192
vertex 2.61911 1.14057 -1.9957
endloop
endfacet
facet normal 0.24241 -0.852896 0.462391
outer loop
vertex 2.12816 1.03019 -1.94192
vertex 2.12816 0.956606 -2.07765
vertex 2.61911 1.14057 -1.9957
endloop
endfacet
facet normal 0.236392 -0.84474 0.480138
outer loop
vertex 2.61911 1.14057 -1.9957
vertex 2.12816 0.956606 -2.07765
vertex 2.61911 1.0591 -2.13904
endloop
endfacet
facet normal 0.236404 -0.823271 0.516079
outer loop
vertex 2.12816 0.956606 -2.07765
vertex 2.12816 0.883021 -2.19503
vertex 2.61911 1.0591 -2.13904
endloop
endfacet
facet normal 0.230681 -0.813142 0.534403
outer loop
vertex 2.61911 1.0591 -2.13904
vertex 2.12816 0.883021 -2.19503
vertex 2.61911 0.97763 -2.263
endloop
endfacet
facet normal 0.23087 -0.789477 0.568704
outer loop
vertex 2.12816 0.883021 -2.19503
vertex 2.12816 0.809436 -2.29718
vertex 2.61911 0.97763 -2.263
endloop
endfacet
facet normal 0.225464 -0.777447 0.587147
outer loop
vertex 2.61911 0.97763 -2.263
vertex 2.12816 0.809436 -2.29718
vertex 2.61911 0.896161 -2.37088
endloop
endfacet
facet normal 0.225798 -0.751028 0.620461
outer loop
vertex 2.12816 0.809436 -2.29718
vertex 2.12816 0.735851 -2.38625
vertex 2.61911 0.896161 -2.37088
endloop
endfacet
facet normal 0.22073 -0.737242 0.638555
outer loop
vertex 2.61911 0.896161 -2.37088
vertex 2.12816 0.735851 -2.38625
vertex 2.61911 0.814692 -2.46494
endloop
endfacet
facet normal 0.221187 -0.707421 0.671291
outer loop
vertex 2.12816 0.735851 -2.38625
vertex 2.12816 0.662266 -2.4638
vertex 2.61911 0.814692 -2.46494
endloop
endfacet
facet normal 0.216475 -0.692117 0.688559
outer loop
vertex 2.61911 0.814692 -2.46494
vertex 2.12816 0.662266 -2.4638
vertex 2.61911 0.733223 -2.54683
endloop
endfacet
facet normal 0.21704 -0.658166 0.720911
outer loop
vertex 2.12816 0.662266 -2.4638
vertex 2.12816 0.588681 -2.53098
vertex 2.61911 0.733223 -2.54683
endloop
endfacet
facet normal 0.212703 -0.641686 0.736882
outer loop
vertex 2.61911 0.733223 -2.54683
vertex 2.12816 0.588681 -2.53098
vertex 2.61911 0.651753 -2.61777
endloop
endfacet
facet normal 0.213356 -0.602819 0.768822
outer loop
vertex 2.12816 0.588681 -2.53098
vertex 2.12816 0.515096 -2.58868
vertex 2.61911 0.651753 -2.61777
endloop
endfacet
facet normal 0.209416 -0.585633 0.783057
outer loop
vertex 2.61911 0.651753 -2.61777
vertex 2.12816 0.515096 -2.58868
vertex 2.61911 0.570284 -2.6787
endloop
endfacet
facet normal 0.210136 -0.541047 0.814316
outer loop
vertex 2.12816 0.515096 -2.58868
vertex 2.12816 0.441511 -2.63757
vertex 2.61911 0.570284 -2.6787
endloop
endfacet
facet normal 0.206614 -0.523748 0.826437
outer loop
vertex 2.61911 0.570284 -2.6787
vertex 2.12816 0.441511 -2.63757
vertex 2.61911 0.488815 -2.73033
endloop
endfacet
facet normal 0.207371 -0.472685 0.856485
outer loop
vertex 2.12816 0.441511 -2.63757
vertex 2.12816 0.367926 -2.67818
vertex 2.61911 0.488815 -2.73033
endloop
endfacet
facet normal 0.204294 -0.455987 0.866222
outer loop
vertex 2.61911 0.488815 -2.73033
vertex 2.12816 0.367926 -2.67818
vertex 2.61911 0.407346 -2.77322
endloop
endfacet
facet normal 0.20505 -0.397819 0.894256
outer loop
vertex 2.12816 0.367926 -2.67818
vertex 2.12816 0.29434 -2.71091
vertex 2.61911 0.407346 -2.77322
endloop
endfacet
facet normal 0.202448 -0.382523 0.901494
outer loop
vertex 2.61911 0.407346 -2.77322
vertex 2.12816 0.29434 -2.71091
vertex 2.61911 0.325877 -2.80779
endloop
endfacet
facet normal 0.203156 -0.316855 0.926461
outer loop
vertex 2.12816 0.29434 -2.71091
vertex 2.12816 0.220755 -2.73608
vertex 2.61911 0.325877 -2.80779
endloop
endfacet
facet normal 0.201064 -0.303797 0.931279
outer loop
vertex 2.61911 0.325877 -2.80779
vertex 2.12816 0.220755 -2.73608
vertex 2.61911 0.244408 -2.83436
endloop
endfacet
facet normal 0.201669 -0.230568 0.951928
outer loop
vertex 2.12816 0.220755 -2.73608
vertex 2.12816 0.14717 -2.7539
vertex 2.61911 0.244408 -2.83436
endloop
endfacet
facet normal 0.200126 -0.220546 0.954625
outer loop
vertex 2.61911 0.244408 -2.83436
vertex 2.12816 0.14717 -2.7539
vertex 2.61911 0.162938 -2.85318
endloop
endfacet
facet normal 0.200573 -0.140121 0.969606
outer loop
vertex 2.12816 0.14717 -2.7539
vertex 2.12816 0.0735851 -2.76454
vertex 2.61911 0.162938 -2.85318
endloop
endfacet
facet normal 0.199619 -0.133802 0.970695
outer loop
vertex 2.61911 0.162938 -2.85318
vertex 2.12816 0.0735851 -2.76454
vertex 2.61911 0.0814692 -2.86441
endloop
endfacet
facet normal 0.199853 -0.0470139 0.978697
outer loop
vertex 2.12816 0.0735851 -2.76454
vertex 2.12816 -1.30312e-16 -2.76807
vertex 2.61911 0.0814692 -2.86441
endloop
endfacet
facet normal 0.199527 -0.044851 0.978865
outer loop
vertex 2.61911 0.0814692 -2.86441
vertex 2.12816 -1.30312e-16 -2.76807
vertex 2.61911 -1.60374e-16 -2.86815
endloop
endfacet
facet normal 0.199507 0.0470173 0.978768
outer loop
vertex 2.12816 -1.30312e-16 -2.76807
vertex 2.12816 -0.0735851 -2.76454
vertex 2.61911 -1.60374e-16 -2.86815
endloop
endfacet
facet normal 0.19984 0.0448481 0.978802
outer loop
vertex 2.61911 -1.60374e-16 -2.86815
vertex 2.12816 -0.0735851 -2.76454
vertex 2.61911 -0.0814692 -2.86441
endloop
endfacet
facet normal 0.199542 0.140151 0.969815
outer loop
vertex 2.12816 -0.0735851 -2.76454
vertex 2.12816 -0.14717 -2.7539
vertex 2.61911 -0.0814692 -2.86441
endloop
endfacet
facet normal 0.200551 0.133776 0.970507
outer loop
vertex 2.61911 -0.0814692 -2.86441
vertex 2.12816 -0.14717 -2.7539
vertex 2.61911 -0.162938 -2.85318
endloop
endfacet
facet normal 0.199974 0.23065 0.952266
outer loop
vertex 2.12816 -0.14717 -2.7539
vertex 2.12816 -0.220755 -2.73608
vertex 2.61911 -0.162938 -2.85318
endloop
endfacet
facet normal 0.201661 0.220475 0.954318
outer loop
vertex 2.61911 -0.162938 -2.85318
vertex 2.12816 -0.220755 -2.73608
vertex 2.61911 -0.244408 -2.83436
endloop
endfacet
facet normal 0.200827 0.31701 0.926916
outer loop
vertex 2.12816 -0.220755 -2.73608
vertex 2.12816 -0.29434 -2.71091
vertex 2.61911 -0.244408 -2.83436
endloop
endfacet
facet normal 0.203177 0.303662 0.930864
outer loop
vertex 2.61911 -0.244408 -2.83436
vertex 2.12816 -0.29434 -2.71091
vertex 2.61911 -0.325877 -2.80779
endloop
endfacet
facet normal 0.202128 0.398066 0.894811
outer loop
vertex 2.12816 -0.29434 -2.71091
vertex 2.12816 -0.367926 -2.67818
vertex 2.61911 -0.325877 -2.80779
endloop
endfacet
facet normal 0.205107 0.382307 0.900984
outer loop
vertex 2.61911 -0.325877 -2.80779
vertex 2.12816 -0.367926 -2.67818
vertex 2.61911 -0.407346 -2.77322
endloop
endfacet
facet normal 0.203901 0.473038 0.857123
outer loop
vertex 2.12816 -0.367926 -2.67818
vertex 2.12816 -0.441511 -2.63757
vertex 2.61911 -0.407346 -2.77322
endloop
endfacet
facet normal 0.207461 0.455677 0.865632
outer loop
vertex 2.61911 -0.407346 -2.77322
vertex 2.12816 -0.441511 -2.63757
vertex 2.61911 -0.488815 -2.73033
endloop
endfacet
facet normal 0.206169 0.541514 0.81502
outer loop
vertex 2.12816 -0.441511 -2.63757
vertex 2.12816 -0.515096 -2.58868
vertex 2.61911 -0.488815 -2.73033
endloop
endfacet
facet normal 0.210247 0.523334 0.825783
outer loop
vertex 2.61911 -0.488815 -2.73033
vertex 2.12816 -0.515096 -2.58868
vertex 2.61911 -0.570284 -2.6787
endloop
endfacet
facet normal 0.208942 0.603408 0.769573
outer loop
vertex 2.12816 -0.515096 -2.58868
vertex 2.12816 -0.588681 -2.53098
vertex 2.61911 -0.570284 -2.6787
endloop
endfacet
facet normal 0.213473 0.585107 0.782354
outer loop
vertex 2.61911 -0.570284 -2.6787
vertex 2.12816 -0.588681 -2.53098
vertex 2.61911 -0.651753 -2.61777
endloop
endfacet
facet normal 0.212227 0.658879 0.721692
outer loop
vertex 2.12816 -0.588681 -2.53098
vertex 2.12816 -0.662266 -2.4638
vertex 2.61911 -0.651753 -2.61777
endloop
endfacet
facet normal 0.217142 0.641045 0.736146
outer loop
vertex 2.61911 -0.651753 -2.61777
vertex 2.12816 -0.662266 -2.4638
vertex 2.61911 -0.733223 -2.54683
endloop
endfacet
facet normal 0.216023 0.708261 0.672087
outer loop
vertex 2.12816 -0.662266 -2.4638
vertex 2.12816 -0.735851 -2.38625
vertex 2.61911 -0.733223 -2.54683
endloop
endfacet
facet normal 0.221254 0.691357 0.687803
outer loop
vertex 2.61911 -0.733223 -2.54683
vertex 2.12816 -0.735851 -2.38625
vertex 2.61911 -0.814692 -2.46494
endloop
endfacet
facet normal 0.220327 0.751993 0.621259
outer loop
vertex 2.12816 -0.735851 -2.38625
vertex 2.12816 -0.809436 -2.29718
vertex 2.61911 -0.814692 -2.46494
endloop
endfacet
facet normal 0.225809 0.736363 0.637793
outer loop
vertex 2.61911 -0.814692 -2.46494
vertex 2.12816 -0.809436 -2.29718
vertex 2.61911 -0.896161 -2.37088
endloop
endfacet
facet normal 0.225132 0.790568 0.56949
outer loop
vertex 2.12816 -0.809436 -2.29718
vertex 2.12816 -0.883021 -2.19503
vertex 2.61911 -0.896161 -2.37088
endloop
endfacet
facet normal 0.230808 0.776448 0.586393
outer loop
vertex 2.61911 -0.896161 -2.37088
vertex 2.12816 -0.883021 -2.19503
vertex 2.61911 -0.97763 -2.263
endloop
endfacet
facet normal 0.230436 0.824485 0.51684
outer loop
vertex 2.12816 -0.883021 -2.19503
vertex 2.12816 -0.956606 -2.07765
vertex 2.61911 -0.97763 -2.263
endloop
endfacet
facet normal 0.236255 0.812024 0.533667
outer loop
vertex 2.61911 -0.97763 -2.263
vertex 2.12816 -0.956606 -2.07765
vertex 2.61911 -1.0591 -2.13904
endloop
endfacet
facet normal 0.236245 0.854232 0.463116
outer loop
vertex 2.12816 -0.956606 -2.07765
vertex 2.12816 -1.03019 -1.94192
vertex 2.61911 -1.0591 -2.13904
endloop
endfacet
facet normal 0.242165 0.843503 0.479435
outer loop
vertex 2.61911 -1.0591 -2.13904
vertex 2.12816 -1.03019 -1.94192
vertex 2.61911 -1.14057 -1.9957
endloop
endfacet
facet normal 0.24258 0.880259 0.407797
outer loop
vertex 2.12816 -1.03019 -1.94192
vertex 2.12816 -1.10378 -1.78308
vertex 2.61911 -1.14057 -1.9957
endloop
endfacet
facet normal 0.248569 0.871283 0.423177
outer loop
vertex 2.61911 -1.14057 -1.9957
vertex 2.12816 -1.10378 -1.78308
vertex 2.61911 -1.22204 -1.82797
endloop
endfacet
facet normal 0.249497 0.902974 0.349842
outer loop
vertex 2.12816 -1.10378 -1.78308
vertex 2.12816 -1.17736 -1.59315
vertex 2.61911 -1.22204 -1.82797
endloop
endfacet
facet normal 0.25553 0.895728 0.363834
outer loop
vertex 2.61911 -1.22204 -1.82797
vertex 2.12816 -1.17736 -1.59315
vertex 2.61911 -1.30351 -1.6274
endloop
endfacet
facet normal 0.257119 0.922736 0.287139
outer loop
vertex 2.12816 -1.17736 -1.59315
vertex 2.12816 -1.25095 -1.35668
vertex 2.61911 -1.30351 -1.6274
endloop
endfacet
facet normal 0.263186 0.917169 0.299222
outer loop
vertex 2.61911 -1.30351 -1.6274
vertex 2.12816 -1.25095 -1.35668
vertex 2.61911 -1.38498 -1.37768
endloop
endfacet
facet normal 0.266259 0.955954 0.123521
outer loop
vertex 2.12816 -1.25095 -1.35668
vertex 2.12816 -1.39812 -0.217698
vertex 2.61911 -1.38498 -1.37768
endloop
endfacet
facet normal 0.2791 0.95157 0.128906
outer loop
vertex 2.61911 -1.38498 -1.37768
vertex 2.12816 -1.39812 -0.217698
vertex 2.61911 -1.54791 -0.174886
endloop
endfacet
facet normal 0.25546 0.954182 -0.15581
outer loop
vertex 2.61911 -1.54791 -0.174886
vertex 2.61911 -1.46645 0.324034
vertex 3.44588 -1.7543 -0.0832793
endloop
endfacet
facet normal 0.254014 0.954095 -0.158682
outer loop
vertex 3.44588 -1.7543 -0.0832793
vertex 2.61911 -1.46645 0.324034
vertex 3.44588 -1.66197 0.471878
endloop
endfacet
facet normal 0.275752 0.888307 -0.367249
outer loop
vertex 2.61911 -1.46645 0.324034
vertex 2.61911 -1.38498 0.521093
vertex 3.44588 -1.66197 0.471878
endloop
endfacet
facet normal 0.274686 0.886174 -0.373154
outer loop
vertex 3.44588 -1.66197 0.471878
vertex 2.61911 -1.38498 0.521093
vertex 3.44588 -1.56964 0.69115
endloop
endfacet
facet normal 0.283459 0.835356 -0.470989
outer loop
vertex 2.61911 -1.38498 0.521093
vertex 2.61911 -1.30351 0.665588
vertex 3.44588 -1.56964 0.69115
endloop
endfacet
facet normal 0.282538 0.83185 -0.477701
outer loop
vertex 3.44588 -1.56964 0.69115
vertex 2.61911 -1.30351 0.665588
vertex 3.44588 -1.47731 0.851933
endloop
endfacet
facet normal 0.288712 0.783618 -0.55008
outer loop
vertex 2.61911 -1.30351 0.665588
vertex 2.61911 -1.22204 0.781645
vertex 3.44588 -1.47731 0.851933
endloop
endfacet
facet normal 0.287883 0.779029 -0.55699
outer loop
vertex 3.44588 -1.47731 0.851933
vertex 2.61911 -1.22204 0.781645
vertex 3.44588 -1.38498 0.981072
endloop
endfacet
facet normal 0.292632 0.73241 -0.61477
outer loop
vertex 2.61911 -1.22204 0.781645
vertex 2.61911 -1.14057 0.878704
vertex 3.44588 -1.38498 0.981072
endloop
endfacet
facet normal 0.291867 0.726992 -0.621527
outer loop
vertex 3.44588 -1.38498 0.981072
vertex 2.61911 -1.14057 0.878704
vertex 3.44588 -1.29265 1.08907
endloop
endfacet
facet normal 0.295686 0.681498 -0.669426
outer loop
vertex 2.61911 -1.14057 0.878704
vertex 2.61911 -1.0591 0.961642
vertex 3.44588 -1.29265 1.08907
endloop
endfacet
facet normal 0.294971 0.675482 -0.675808
outer loop
vertex 3.44588 -1.29265 1.08907
vertex 2.61911 -1.0591 0.961642
vertex 3.44588 -1.20031 1.18136
endloop
endfacet
facet normal 0.298125 0.630767 -0.716418
outer loop
vertex 2.61911 -1.0591 0.961642
vertex 2.61911 -0.97763 1.03337
vertex 3.44588 -1.20031 1.18136
endloop
endfacet
facet normal 0.297451 0.624364 -0.722283
outer loop
vertex 3.44588 -1.20031 1.18136
vertex 2.61911 -0.97763 1.03337
vertex 3.44588 -1.10798 1.26117
endloop
endfacet
facet normal 0.300103 0.580153 -0.757206
outer loop
vertex 2.61911 -0.97763 1.03337
vertex 2.61911 -0.896161 1.09579
vertex 3.44588 -1.10798 1.26117
endloop
endfacet
facet normal 0.299465 0.573557 -0.762465
outer loop
vertex 3.44588 -1.10798 1.26117
vertex 2.61911 -0.896161 1.09579
vertex 3.44588 -1.01565 1.33063
endloop
endfacet
facet normal 0.30172 0.529615 -0.792763
outer loop
vertex 2.61911 -0.896161 1.09579
vertex 2.61911 -0.814692 1.15022
vertex 3.44588 -1.01565 1.33063
endloop
endfacet
facet normal 0.301118 0.523003 -0.797368
outer loop
vertex 3.44588 -1.01565 1.33063
vertex 2.61911 -0.814692 1.15022
vertex 3.44588 -0.923318 1.39119
endloop
endfacet
facet normal 0.303048 0.479126 -0.823772
outer loop
vertex 2.61911 -0.814692 1.15022
vertex 2.61911 -0.733223 1.1976
vertex 3.44588 -0.923318 1.39119
endloop
endfacet
facet normal 0.302483 0.472659 -0.827707
outer loop
vertex 3.44588 -0.923318 1.39119
vertex 2.61911 -0.733223 1.1976
vertex 3.44588 -0.830986 1.44392
endloop
endfacet
facet normal 0.30414 0.428668 -0.85073
outer loop
vertex 2.61911 -0.733223 1.1976
vertex 2.61911 -0.651753 1.23865
vertex 3.44588 -0.830986 1.44392
endloop
endfacet
facet normal 0.303613 0.42249 -0.854003
outer loop
vertex 3.44588 -0.830986 1.44392
vertex 2.61911 -0.651753 1.23865
vertex 3.44588 -0.738654 1.48959
endloop
endfacet
facet normal 0.305034 0.378228 -0.874012
outer loop
vertex 2.61911 -0.651753 1.23865
vertex 2.61911 -0.570284 1.27391
vertex 3.44588 -0.738654 1.48959
endloop
endfacet
facet normal 0.30455 0.37247 -0.87665
outer loop
vertex 3.44588 -0.738654 1.48959
vertex 2.61911 -0.570284 1.27391
vertex 3.44588 -0.646323 1.52882
endloop
endfacet
facet normal 0.30576 0.327798 -0.893901
outer loop
vertex 2.61911 -0.570284 1.27391
vertex 2.61911 -0.488815 1.30378
vertex 3.44588 -0.646323 1.52882
endloop
endfacet
facet normal 0.305322 0.322574 -0.895949
outer loop
vertex 3.44588 -0.646323 1.52882
vertex 2.61911 -0.488815 1.30378
vertex 3.44588 -0.553991 1.56207
endloop
endfacet
facet normal 0.306341 0.277372 -0.910615
outer loop
vertex 2.61911 -0.488815 1.30378
vertex 2.61911 -0.407346 1.3286
vertex 3.44588 -0.553991 1.56207
endloop
endfacet
facet normal 0.305954 0.272781 -0.912131
outer loop
vertex 3.44588 -0.553991 1.56207
vertex 2.61911 -0.407346 1.3286
vertex 3.44588 -0.461659 1.58968
endloop
endfacet
facet normal 0.306793 0.226946 -0.924323
outer loop
vertex 2.61911 -0.407346 1.3286
vertex 2.61911 -0.325877 1.3486
vertex 3.44588 -0.461659 1.58968
endloop
endfacet
facet normal 0.306464 0.223072 -0.925375
outer loop
vertex 3.44588 -0.461659 1.58968
vertex 2.61911 -0.325877 1.3486
vertex 3.44588 -0.369327 1.61194
endloop
endfacet
facet normal 0.307132 0.176519 -0.935153
outer loop
vertex 2.61911 -0.325877 1.3486
vertex 2.61911 -0.244408 1.36398
vertex 3.44588 -0.369327 1.61194
endloop
endfacet
facet normal 0.306865 0.173431 -0.935818
outer loop
vertex 3.44588 -0.369327 1.61194
vertex 2.61911 -0.244408 1.36398
vertex 3.44588 -0.276995 1.62905
endloop
endfacet
facet normal 0.307366 0.126088 -0.943201
outer loop
vertex 2.61911 -0.244408 1.36398
vertex 2.61911 -0.162938 1.37487
vertex 3.44588 -0.276995 1.62905
endloop
endfacet
facet normal 0.307167 0.123843 -0.943563
outer loop
vertex 3.44588 -0.276995 1.62905
vertex 2.61911 -0.162938 1.37487
vertex 3.44588 -0.184664 1.64117
endloop
endfacet
facet normal 0.307502 0.0756549 -0.948535
outer loop
vertex 2.61911 -0.162938 1.37487
vertex 2.61911 -0.0814692 1.38137
vertex 3.44588 -0.184664 1.64117
endloop
endfacet
facet normal 0.307378 0.0742904 -0.948683
outer loop
vertex 3.44588 -0.184664 1.64117
vertex 2.61911 -0.0814692 1.38137
vertex 3.44588 -0.0923318 1.6484
endloop
endfacet
facet normal 0.307546 0.0252188 -0.951199
outer loop
vertex 2.61911 -0.0814692 1.38137
vertex 2.61911 -1.60374e-16 1.38353
vertex 3.44588 -0.0923318 1.6484
endloop
endfacet
facet normal 0.307503 0.0247608 -0.951225
outer loop
vertex 3.44588 -0.0923318 1.6484
vertex 2.61911 -1.60374e-16 1.38353
vertex 3.44588 -2.10999e-16 1.6508
endloop
endfacet
facet normal 0.3075 -0.0252192 -0.951214
outer loop
vertex 2.61911 -1.60374e-16 1.38353
vertex 2.61911 0.0814692 1.38137
vertex 3.44588 -2.10999e-16 1.6508
endloop
endfacet
facet normal 0.307544 -0.0247605 -0.951212
outer loop
vertex 3.44588 -2.10999e-16 1.6508
vertex 2.61911 0.0814692 1.38137
vertex 3.44588 0.0923318 1.6484
endloop
endfacet
facet normal 0.307363 -0.0756585 -0.94858
outer loop
vertex 2.61911 0.0814692 1.38137
vertex 2.61911 0.162938 1.37487
vertex 3.44588 0.0923318 1.6484
endloop
endfacet
facet normal 0.307501 -0.0742873 -0.948643
outer loop
vertex 3.44588 0.0923318 1.6484
vertex 2.61911 0.162938 1.37487
vertex 3.44588 0.184664 1.64117
endloop
endfacet
facet normal 0.307134 -0.126098 -0.943275
outer loop
vertex 2.61911 0.162938 1.37487
vertex 2.61911 0.244408 1.36398
vertex 3.44588 0.184664 1.64117
endloop
endfacet
facet normal 0.307372 -0.123834 -0.943498
outer loop
vertex 3.44588 0.184664 1.64117
vertex 2.61911 0.244408 1.36398
vertex 3.44588 0.276995 1.62905
endloop
endfacet
facet normal 0.306807 -0.176538 -0.935256
outer loop
vertex 2.61911 0.244408 1.36398
vertex 2.61911 0.325877 1.3486
vertex 3.44588 0.276995 1.62905
endloop
endfacet
facet normal 0.307151 -0.173415 -0.935727
outer loop
vertex 3.44588 0.276995 1.62905
vertex 2.61911 0.325877 1.3486
vertex 3.44588 0.369327 1.61194
endloop
endfacet
facet normal 0.306376 -0.226979 -0.924454
outer loop
vertex 2.61911 0.325877 1.3486
vertex 2.61911 0.407346 1.3286
vertex 3.44588 0.369327 1.61194
endloop
endfacet
facet normal 0.306833 -0.223044 -0.925259
outer loop
vertex 3.44588 0.369327 1.61194
vertex 2.61911 0.407346 1.3286
vertex 3.44588 0.461659 1.58968
endloop
endfacet
facet normal 0.30583 -0.27742 -0.910772
outer loop
vertex 2.61911 0.407346 1.3286
vertex 2.61911 0.488815 1.30378
vertex 3.44588 0.461659 1.58968
endloop
endfacet
facet normal 0.306406 -0.272739 -0.911992
outer loop
vertex 3.44588 0.461659 1.58968
vertex 2.61911 0.488815 1.30378
vertex 3.44588 0.553991 1.56207
endloop
endfacet
facet normal 0.305156 -0.327865 -0.894083
outer loop
vertex 2.61911 0.488815 1.30378
vertex 2.61911 0.570284 1.27391
vertex 3.44588 0.553991 1.56207
endloop
endfacet
facet normal 0.305856 -0.322516 -0.895788
outer loop
vertex 3.44588 0.553991 1.56207
vertex 2.61911 0.570284 1.27391
vertex 3.44588 0.646323 1.52882
endloop
endfacet
facet normal 0.304337 -0.378317 -0.874217
outer loop
vertex 2.61911 0.570284 1.27391
vertex 2.61911 0.651753 1.23865
vertex 3.44588 0.646323 1.52882
endloop
endfacet
facet normal 0.305167 -0.372393 -0.876469
outer loop
vertex 3.44588 0.646323 1.52882
vertex 2.61911 0.651753 1.23865
vertex 3.44588 0.738654 1.48959
endloop
endfacet
facet normal 0.30335 -0.428782 -0.850955
outer loop
vertex 2.61911 0.651753 1.23865
vertex 2.61911 0.733223 1.1976
vertex 3.44588 0.738654 1.48959
endloop
endfacet
facet normal 0.304313 -0.422391 -0.853803
outer loop
vertex 3.44588 0.738654 1.48959
vertex 2.61911 0.733223 1.1976
vertex 3.44588 0.830986 1.44392
endloop
endfacet
facet normal 0.302164 -0.479267 -0.824014
outer loop
vertex 2.61911 0.733223 1.1976
vertex 2.61911 0.814692 1.15022
vertex 3.44588 0.830986 1.44392
endloop
endfacet
facet normal 0.303266 -0.472535 -0.82749
outer loop
vertex 3.44588 0.830986 1.44392
vertex 2.61911 0.814692 1.15022
vertex 3.44588 0.923318 1.39119
endloop
endfacet
facet normal 0.300742 -0.529787 -0.79302
outer loop
vertex 2.61911 0.814692 1.15022
vertex 2.61911 0.896161 1.09579
vertex 3.44588 0.923318 1.39119
endloop
endfacet
facet normal 0.301985 -0.522852 -0.797139
outer loop
vertex 3.44588 0.923318 1.39119
vertex 2.61911 0.896161 1.09579
vertex 3.44588 1.01565 1.33063
endloop
endfacet
facet normal 0.29903 -0.580358 -0.757473
outer loop
vertex 2.61911 0.896161 1.09579
vertex 2.61911 0.97763 1.03337
vertex 3.44588 1.01565 1.33063
endloop
endfacet
facet normal 0.300417 -0.573377 -0.762226
outer loop
vertex 3.44588 1.01565 1.33063
vertex 2.61911 0.97763 1.03337
vertex 3.44588 1.10798 1.26117
endloop
endfacet
facet normal 0.296957 -0.631008 -0.716691
outer loop
vertex 2.61911 0.97763 1.03337
vertex 2.61911 1.0591 0.961642
vertex 3.44588 1.10798 1.26117
endloop
endfacet
facet normal 0.298489 -0.624152 -0.722038
outer loop
vertex 3.44588 1.10798 1.26117
vertex 2.61911 1.0591 0.961642
vertex 3.44588 1.20031 1.18136
endloop
endfacet
facet normal 0.294422 -0.681776 -0.669699
outer loop
vertex 2.61911 1.0591 0.961642
vertex 2.61911 1.14057 0.878704
vertex 3.44588 1.20031 1.18136
endloop
endfacet
facet normal 0.296096 -0.675236 -0.675562
outer loop
vertex 3.44588 1.20031 1.18136
vertex 2.61911 1.14057 0.878704
vertex 3.44588 1.29265 1.08907
endloop
endfacet
facet normal 0.291271 -0.732728 -0.615037
outer loop
vertex 2.61911 1.14057 0.878704
vertex 2.61911 1.22204 0.781645
vertex 3.44588 1.29265 1.08907
endloop
endfacet
facet normal 0.293081 -0.72671 -0.621286
outer loop
vertex 3.44588 1.29265 1.08907
vertex 2.61911 1.22204 0.781645
vertex 3.44588 1.38498 0.981072
endloop
endfacet
facet normal 0.287252 -0.783977 -0.550333
outer loop
vertex 2.61911 1.22204 0.781645
vertex 2.61911 1.30351 0.665588
vertex 3.44588 1.38498 0.981072
endloop
endfacet
facet normal 0.289186 -0.778709 -0.556761
outer loop
vertex 3.44588 1.38498 0.981072
vertex 2.61911 1.30351 0.665588
vertex 3.44588 1.47731 0.851933
endloop
endfacet
facet normal 0.281897 -0.835757 -0.471215
outer loop
vertex 2.61911 1.30351 0.665588
vertex 2.61911 1.38498 0.521093
vertex 3.44588 1.47731 0.851933
endloop
endfacet
facet normal 0.283934 -0.831492 -0.477496
outer loop
vertex 3.44588 1.47731 0.851933
vertex 2.61911 1.38498 0.521093
vertex 3.44588 1.56964 0.69115
endloop
endfacet
facet normal 0.255582 -0.941334 -0.22038
outer loop
vertex 2.61911 1.38498 0.521093
vertex 2.61911 1.54791 -0.174886
vertex 3.44588 1.56964 0.69115
endloop
endfacet
facet normal 0.259338 -0.939448 -0.224012
outer loop
vertex 3.44588 1.56964 0.69115
vertex 2.61911 1.54791 -0.174886
vertex 3.44588 1.7543 -0.0832793
endloop
endfacet
facet normal 0.231629 -0.968491 0.0915089
outer loop
vertex 2.61911 1.54791 -0.174886
vertex 2.61911 1.46645 -1.03712
vertex 3.44588 1.7543 -0.0832793
endloop
endfacet
facet normal 0.22577 -0.969355 0.0968479
outer loop
vertex 3.44588 1.7543 -0.0832793
vertex 2.61911 1.46645 -1.03712
vertex 3.44588 1.66197 -1.00743
endloop
endfacet
facet normal 0.216399 -0.949514 0.227145
outer loop
vertex 2.61911 1.46645 -1.03712
vertex 2.61911 1.38498 -1.37768
vertex 3.44588 1.66197 -1.00743
endloop
endfacet
facet normal 0.210182 -0.947809 0.239752
outer loop
vertex 3.44588 1.66197 -1.00743
vertex 2.61911 1.38498 -1.37768
vertex 3.44588 1.56964 -1.37245
endloop
endfacet
facet normal 0.205872 -0.930321 0.303513
outer loop
vertex 2.61911 1.38498 -1.37768
vertex 2.61911 1.30351 -1.6274
vertex 3.44588 1.56964 -1.37245
endloop
endfacet
facet normal 0.199634 -0.926302 0.319548
outer loop
vertex 3.44588 1.56964 -1.37245
vertex 2.61911 1.30351 -1.6274
vertex 3.44588 1.47731 -1.6401
endloop
endfacet
facet normal 0.19663 -0.9084 0.368981
outer loop
vertex 2.61911 1.30351 -1.6274
vertex 2.61911 1.22204 -1.82797
vertex 3.44588 1.47731 -1.6401
endloop
endfacet
facet normal 0.190468 -0.902014 0.387418
outer loop
vertex 3.44588 1.47731 -1.6401
vertex 2.61911 1.22204 -1.82797
vertex 3.44588 1.38498 -1.85507
endloop
endfacet
facet normal 0.188175 -0.883446 0.429085
outer loop
vertex 2.61911 1.22204 -1.82797
vertex 2.61911 1.14057 -1.9957
vertex 3.44588 1.38498 -1.85507
endloop
endfacet
facet normal 0.182156 -0.874663 0.449204
outer loop
vertex 3.44588 1.38498 -1.85507
vertex 2.61911 1.14057 -1.9957
vertex 3.44588 1.29265 -2.03485
endloop
endfacet
facet normal 0.180308 -0.855132 0.486044
outer loop
vertex 2.61911 1.14057 -1.9957
vertex 2.61911 1.0591 -2.13904
vertex 3.44588 1.29265 -2.03485
endloop
endfacet
facet normal 0.174483 -0.843962 0.507231
outer loop
vertex 3.44588 1.29265 -2.03485
vertex 2.61911 1.0591 -2.13904
vertex 3.44588 1.20031 -2.18848
endloop
endfacet
facet normal 0.172934 -0.82309 0.54094
outer loop
vertex 2.61911 1.0591 -2.13904
vertex 2.61911 0.97763 -2.263
vertex 3.44588 1.20031 -2.18848
endloop
endfacet
facet normal 0.167347 -0.809602 0.562618
outer loop
vertex 3.44588 1.20031 -2.18848
vertex 2.61911 0.97763 -2.263
vertex 3.44588 1.10798 -2.32134
endloop
endfacet
facet normal 0.166007 -0.786922 0.594303
outer loop
vertex 2.61911 0.97763 -2.263
vertex 2.61911 0.896161 -2.37088
vertex 3.44588 1.10798 -2.32134
endloop
endfacet
facet normal 0.160699 -0.771256 0.615906
outer loop
vertex 3.44588 1.10798 -2.32134
vertex 2.61911 0.896161 -2.37088
vertex 3.44588 1.01565 -2.43697
endloop
endfacet
facet normal 0.15951 -0.746208 0.64632
outer loop
vertex 2.61911 0.896161 -2.37088
vertex 2.61911 0.814692 -2.46494
vertex 3.44588 1.01565 -2.43697
endloop
endfacet
facet normal 0.15452 -0.728595 0.667288
outer loop
vertex 3.44588 1.01565 -2.43697
vertex 2.61911 0.814692 -2.46494
vertex 3.44588 0.923318 -2.53778
endloop
endfacet
facet normal 0.153444 -0.700531 0.69693
outer loop
vertex 2.61911 0.814692 -2.46494
vertex 2.61911 0.733223 -2.54683
vertex 3.44588 0.923318 -2.53778
endloop
endfacet
facet normal 0.148808 -0.681308 0.716712
outer loop
vertex 3.44588 0.923318 -2.53778
vertex 2.61911 0.733223 -2.54683
vertex 3.44588 0.830986 -2.62555
endloop
endfacet
facet normal 0.147822 -0.649499 0.745855
outer loop
vertex 2.61911 0.733223 -2.54683
vertex 2.61911 0.651753 -2.61777
vertex 3.44588 0.830986 -2.62555
endloop
endfacet
facet normal 0.143575 -0.629126 0.763929
outer loop
vertex 3.44588 0.830986 -2.62555
vertex 2.61911 0.651753 -2.61777
vertex 3.44588 0.738654 -2.70159
endloop
endfacet
facet normal 0.142665 -0.592787 0.792623
outer loop
vertex 2.61911 0.651753 -2.61777
vertex 2.61911 0.570284 -2.6787
vertex 3.44588 0.738654 -2.70159
endloop
endfacet
facet normal 0.138841 -0.571852 0.808522
outer loop
vertex 3.44588 0.738654 -2.70159
vertex 2.61911 0.570284 -2.6787
vertex 3.44588 0.646323 -2.76689
endloop
endfacet
facet normal 0.138002 -0.530177 0.836581
outer loop
vertex 2.61911 0.570284 -2.6787
vertex 2.61911 0.488815 -2.73033
vertex 3.44588 0.646323 -2.76689
endloop
endfacet
facet normal 0.134634 -0.509399 0.849933
outer loop
vertex 3.44588 0.646323 -2.76689
vertex 2.61911 0.488815 -2.73033
vertex 3.44588 0.553991 -2.82223
endloop
endfacet
facet normal 0.133867 -0.461619 0.87692
outer loop
vertex 2.61911 0.488815 -2.73033
vertex 2.61911 0.407346 -2.77322
vertex 3.44588 0.553991 -2.82223
endloop
endfacet
facet normal 0.130982 -0.441821 0.887489
outer loop
vertex 3.44588 0.553991 -2.82223
vertex 2.61911 0.407346 -2.77322
vertex 3.44588 0.461659 -2.8682
endloop
endfacet
facet normal 0.130296 -0.387281 0.912708
outer loop
vertex 2.61911 0.407346 -2.77322
vertex 2.61911 0.325877 -2.80779
vertex 3.44588 0.461659 -2.8682
endloop
endfacet
facet normal 0.127918 -0.369361 0.92044
outer loop
vertex 3.44588 0.461659 -2.8682
vertex 2.61911 0.325877 -2.80779
vertex 3.44588 0.369327 -2.90525
endloop
endfacet
facet normal 0.127327 -0.307606 0.942956
outer loop
vertex 2.61911 0.325877 -2.80779
vertex 2.61911 0.244408 -2.83436
vertex 3.44588 0.369327 -2.90525
endloop
endfacet
facet normal 0.125473 -0.292466 0.948008
outer loop
vertex 3.44588 0.369327 -2.90525
vertex 2.61911 0.244408 -2.83436
vertex 3.44588 0.276995 -2.93373
endloop
endfacet
facet normal 0.124994 -0.223334 0.966695
outer loop
vertex 2.61911 0.244408 -2.83436
vertex 2.61911 0.162938 -2.85318
vertex 3.44588 0.276995 -2.93373
endloop
endfacet
facet normal 0.123673 -0.211813 0.969453
outer loop
vertex 3.44588 0.276995 -2.93373
vertex 2.61911 0.162938 -2.85318
vertex 3.44588 0.184664 -2.95391
endloop
endfacet
facet normal 0.123327 -0.135508 0.983071
outer loop
vertex 2.61911 0.162938 -2.85318
vertex 2.61911 0.0814692 -2.86441
vertex 3.44588 0.184664 -2.95391
endloop
endfacet
facet normal 0.122542 -0.128291 0.984137
outer loop
vertex 3.44588 0.184664 -2.95391
vertex 2.61911 0.0814692 -2.86441
vertex 3.44588 0.0923318 -2.96594
endloop
endfacet
facet normal 0.122351 -0.0454274 0.991447
outer loop
vertex 2.61911 0.0814692 -2.86441
vertex 2.61911 -1.60374e-16 -2.86815
vertex 3.44588 0.0923318 -2.96594
endloop
endfacet
facet normal 0.122093 -0.0429675 0.991588
outer loop
vertex 3.44588 0.0923318 -2.96594
vertex 2.61911 -1.60374e-16 -2.86815
vertex 3.44588 -2.10999e-16 -2.96995
endloop
endfacet
facet normal 0.122079 0.045429 0.99148
outer loop
vertex 2.61911 -1.60374e-16 -2.86815
vertex 2.61911 -0.0814692 -2.86441
vertex 3.44588 -2.10999e-16 -2.96995
endloop
endfacet
facet normal 0.122332 0.0429663 0.991559
outer loop
vertex 3.44588 -2.10999e-16 -2.96995
vertex 2.61911 -0.0814692 -2.86441
vertex 3.44588 -0.0923318 -2.96594
endloop
endfacet
facet normal 0.122518 0.135521 0.98317
outer loop
vertex 2.61911 -0.0814692 -2.86441
vertex 2.61911 -0.162938 -2.85318
vertex 3.44588 -0.0923318 -2.96594
endloop
endfacet
facet normal 0.123256 0.128279 0.984049
outer loop
vertex 3.44588 -0.0923318 -2.96594
vertex 2.61911 -0.162938 -2.85318
vertex 3.44588 -0.184664 -2.95391
endloop
endfacet
facet normal 0.123661 0.223372 0.966857
outer loop
vertex 2.61911 -0.162938 -2.85318
vertex 2.61911 -0.244408 -2.83436
vertex 3.44588 -0.184664 -2.95391
endloop
endfacet
facet normal 0.124853 0.211782 0.969309
outer loop
vertex 3.44588 -0.184664 -2.95391
vertex 2.61911 -0.244408 -2.83436
vertex 3.44588 -0.276995 -2.93373
endloop
endfacet
facet normal 0.125492 0.307679 0.943178
outer loop
vertex 2.61911 -0.244408 -2.83436
vertex 2.61911 -0.325877 -2.80779
vertex 3.44588 -0.276995 -2.93373
endloop
endfacet
facet normal 0.127101 0.292405 0.94781
outer loop
vertex 3.44588 -0.276995 -2.93373
vertex 2.61911 -0.325877 -2.80779
vertex 3.44588 -0.369327 -2.90525
endloop
endfacet
facet normal 0.127987 0.387399 0.912985
outer loop
vertex 2.61911 -0.325877 -2.80779
vertex 2.61911 -0.407346 -2.77322
vertex 3.44588 -0.369327 -2.90525
endloop
endfacet
facet normal 0.129972 0.369261 0.920192
outer loop
vertex 3.44588 -0.369327 -2.90525
vertex 2.61911 -0.407346 -2.77322
vertex 3.44588 -0.461659 -2.8682
endloop
endfacet
facet normal 0.131117 0.46179 0.877245
outer loop
vertex 2.61911 -0.407346 -2.77322
vertex 2.61911 -0.488815 -2.73033
vertex 3.44588 -0.461659 -2.8682
endloop
endfacet
facet normal 0.133437 0.441676 0.887196
outer loop
vertex 3.44588 -0.461659 -2.8682
vertex 2.61911 -0.488815 -2.73033
vertex 3.44588 -0.553991 -2.82223
endloop
endfacet
facet normal 0.134847 0.530409 0.836948
outer loop
vertex 2.61911 -0.488815 -2.73033
vertex 2.61911 -0.570284 -2.6787
vertex 3.44588 -0.553991 -2.82223
endloop
endfacet
facet normal 0.137461 0.509199 0.8496
outer loop
vertex 3.44588 -0.553991 -2.82223
vertex 2.61911 -0.570284 -2.6787
vertex 3.44588 -0.646323 -2.76689
endloop
endfacet
facet normal 0.139141 0.593087 0.793024
outer loop
vertex 2.61911 -0.570284 -2.6787
vertex 2.61911 -0.651753 -2.61777
vertex 3.44588 -0.646323 -2.76689
endloop
endfacet
facet normal 0.142012 0.571593 0.808155
outer loop
vertex 3.44588 -0.646323 -2.76689
vertex 2.61911 -0.651753 -2.61777
vertex 3.44588 -0.738654 -2.70159
endloop
endfacet
facet normal 0.143967 0.649873 0.746283
outer loop
vertex 2.61911 -0.651753 -2.61777
vertex 2.61911 -0.733223 -2.54683
vertex 3.44588 -0.738654 -2.70159
endloop
endfacet
facet normal 0.147057 0.628801 0.763534
outer loop
vertex 3.44588 -0.738654 -2.70159
vertex 2.61911 -0.733223 -2.54683
vertex 3.44588 -0.830986 -2.62555
endloop
endfacet
facet normal 0.149293 0.700982 0.697378
outer loop
vertex 2.61911 -0.733223 -2.54683
vertex 2.61911 -0.814692 -2.46494
vertex 3.44588 -0.830986 -2.62555
endloop
endfacet
facet normal 0.152573 0.680912 0.716296
outer loop
vertex 3.44588 -0.830986 -2.62555
vertex 2.61911 -0.814692 -2.46494
vertex 3.44588 -0.923318 -2.53778
endloop
endfacet
facet normal 0.155097 0.74674 0.64678
outer loop
vertex 2.61911 -0.814692 -2.46494
vertex 2.61911 -0.896161 -2.37088
vertex 3.44588 -0.923318 -2.53778
endloop
endfacet
facet normal 0.158539 0.728125 0.666858
outer loop
vertex 3.44588 -0.923318 -2.53778
vertex 2.61911 -0.896161 -2.37088
vertex 3.44588 -1.01565 -2.43697
endloop
endfacet
facet normal 0.161362 0.787537 0.594767
outer loop
vertex 2.61911 -0.896161 -2.37088
vertex 2.61911 -0.97763 -2.263
vertex 3.44588 -1.01565 -2.43697
endloop
endfacet
facet normal 0.164945 0.770708 0.615469
outer loop
vertex 3.44588 -1.01565 -2.43697
vertex 2.61911 -0.97763 -2.263
vertex 3.44588 -1.10798 -2.32134
endloop
endfacet
facet normal 0.168087 0.823791 0.541401
outer loop
vertex 2.61911 -0.97763 -2.263
vertex 2.61911 -1.0591 -2.13904
vertex 3.44588 -1.10798 -2.32134
endloop
endfacet
facet normal 0.171793 0.808974 0.562181
outer loop
vertex 3.44588 -1.10798 -2.32134
vertex 2.61911 -1.0591 -2.13904
vertex 3.44588 -1.20031 -2.18848
endloop
endfacet
facet normal 0.175285 0.855921 0.486493
outer loop
vertex 2.61911 -1.0591 -2.13904
vertex 2.61911 -1.14057 -1.9957
vertex 3.44588 -1.20031 -2.18848
endloop
endfacet
facet normal 0.179106 0.843251 0.506803
outer loop
vertex 3.44588 -1.20031 -2.18848
vertex 2.61911 -1.14057 -1.9957
vertex 3.44588 -1.29265 -2.03485
endloop
endfacet
facet normal 0.183001 0.884325 0.429512
outer loop
vertex 2.61911 -1.14057 -1.9957
vertex 2.61911 -1.22204 -1.82797
vertex 3.44588 -1.29265 -2.03485
endloop
endfacet
facet normal 0.186933 0.873865 0.448794
outer loop
vertex 3.44588 -1.29265 -2.03485
vertex 2.61911 -1.22204 -1.82797
vertex 3.44588 -1.38498 -1.85507
endloop
endfacet
facet normal 0.191327 0.909371 0.369375
outer loop
vertex 2.61911 -1.22204 -1.82797
vertex 2.61911 -1.30351 -1.6274
vertex 3.44588 -1.38498 -1.85507
endloop
endfacet
facet normal 0.195378 0.901127 0.387037
outer loop
vertex 3.44588 -1.38498 -1.85507
vertex 2.61911 -1.30351 -1.6274
vertex 3.44588 -1.47731 -1.6401
endloop
endfacet
facet normal 0.200462 0.931388 0.303861
outer loop
vertex 2.61911 -1.30351 -1.6274
vertex 2.61911 -1.38498 -1.37768
vertex 3.44588 -1.47731 -1.6401
endloop
endfacet
facet normal 0.204656 0.925322 0.31921
outer loop
vertex 3.44588 -1.47731 -1.6401
vertex 2.61911 -1.38498 -1.37768
vertex 3.44588 -1.56964 -1.37245
endloop
endfacet
facet normal 0.215314 0.967706 0.131092
outer loop
vertex 2.61911 -1.38498 -1.37768
vertex 2.61911 -1.54791 -0.174886
vertex 3.44588 -1.56964 -1.37245
endloop
endfacet
facet normal 0.225443 0.964412 0.138145
outer loop
vertex 3.44588 -1.56964 -1.37245
vertex 2.61911 -1.54791 -0.174886
vertex 3.44588 -1.7543 -0.0832793
endloop
endfacet
facet normal 0.173487 0.971492 -0.161575
outer loop
vertex 3.44588 -1.7543 -0.0832793
vertex 3.44588 -1.66197 0.471878
vertex 4.19498 -1.88115 -0.0416396
endloop
endfacet
facet normal 0.171928 0.971395 -0.163808
outer loop
vertex 4.19498 -1.88115 -0.0416396
vertex 3.44588 -1.66197 0.471878
vertex 4.19498 -1.78214 0.545487
endloop
endfacet
facet normal 0.182846 0.906088 -0.381539
outer loop
vertex 3.44588 -1.66197 0.471878
vertex 3.44588 -1.56964 0.69115
vertex 4.19498 -1.78214 0.545487
endloop
endfacet
facet normal 0.181478 0.904414 -0.386136
outer loop
vertex 4.19498 -1.78214 0.545487
vertex 3.44588 -1.56964 0.69115
vertex 4.19498 -1.68314 0.777386
endloop
endfacet
facet normal 0.18544 0.852141 -0.489354
outer loop
vertex 3.44588 -1.56964 0.69115
vertex 3.44588 -1.47731 0.851933
vertex 4.19498 -1.68314 0.777386
endloop
endfacet
facet normal 0.184168 0.849401 -0.49457
outer loop
vertex 4.19498 -1.68314 0.777386
vertex 3.44588 -1.47731 0.851933
vertex 4.19498 -1.58413 0.947427
endloop
endfacet
facet normal 0.186793 0.799149 -0.571375
outer loop
vertex 3.44588 -1.47731 0.851933
vertex 3.44588 -1.38498 0.981072
vertex 4.19498 -1.58413 0.947427
endloop
endfacet
facet normal 0.185601 0.795569 -0.576734
outer loop
vertex 4.19498 -1.58413 0.947427
vertex 3.44588 -1.38498 0.981072
vertex 4.19498 -1.48512 1.084
endloop
endfacet
facet normal 0.187514 0.746605 -0.638294
outer loop
vertex 3.44588 -1.38498 0.981072
vertex 3.44588 -1.29265 1.08907
vertex 4.19498 -1.48512 1.084
endloop
endfacet
facet normal 0.186395 0.742386 -0.643522
outer loop
vertex 4.19498 -1.48512 1.084
vertex 3.44588 -1.29265 1.08907
vertex 4.19498 -1.38611 1.19822
endloop
endfacet
facet normal 0.187856 0.69435 -0.694686
outer loop
vertex 3.44588 -1.29265 1.08907
vertex 3.44588 -1.20031 1.18136
vertex 4.19498 -1.38611 1.19822
endloop
endfacet
facet normal 0.186807 0.689673 -0.699611
outer loop
vertex 4.19498 -1.38611 1.19822
vertex 3.44588 -1.20031 1.18136
vertex 4.19498 -1.2871 1.29582
endloop
endfacet
facet normal 0.187956 0.642309 -0.743042
outer loop
vertex 3.44588 -1.20031 1.18136
vertex 3.44588 -1.10798 1.26117
vertex 4.19498 -1.2871 1.29582
endloop
endfacet
facet normal 0.186976 0.637339 -0.747555
outer loop
vertex 4.19498 -1.2871 1.29582
vertex 3.44588 -1.10798 1.26117
vertex 4.19498 -1.1881 1.38023
endloop
endfacet
facet normal 0.187897 0.590438 -0.784906
outer loop
vertex 3.44588 -1.10798 1.26117
vertex 3.44588 -1.01565 1.33063
vertex 4.19498 -1.1881 1.38023
endloop
endfacet
facet normal 0.186987 0.585326 -0.788942
outer loop
vertex 4.19498 -1.1881 1.38023
vertex 3.44588 -1.01565 1.33063
vertex 4.19498 -1.08909 1.45369
endloop
endfacet
facet normal 0.187734 0.538707 -0.82131
outer loop
vertex 3.44588 -1.01565 1.33063
vertex 3.44588 -0.923318 1.39119
vertex 4.19498 -1.08909 1.45369
endloop
endfacet
facet normal 0.186896 0.533591 -0.824834
outer loop
vertex 4.19498 -1.08909 1.45369
vertex 3.44588 -0.923318 1.39119
vertex 4.19498 -0.99008 1.51774
endloop
endfacet
facet normal 0.187508 0.487093 -0.852984
outer loop
vertex 3.44588 -0.923318 1.39119
vertex 3.44588 -0.830986 1.44392
vertex 4.19498 -0.99008 1.51774
endloop
endfacet
facet normal 0.186742 0.482096 -0.855985
outer loop
vertex 4.19498 -0.99008 1.51774
vertex 3.44588 -0.830986 1.44392
vertex 4.19498 -0.891072 1.5735
endloop
endfacet
facet normal 0.187245 0.435579 -0.88046
outer loop
vertex 3.44588 -0.830986 1.44392
vertex 3.44588 -0.738654 1.48959
vertex 4.19498 -0.891072 1.5735
endloop
endfacet
facet normal 0.186554 0.430813 -0.882948
outer loop
vertex 4.19498 -0.891072 1.5735
vertex 3.44588 -0.738654 1.48959
vertex 4.19498 -0.792064 1.62181
endloop
endfacet
facet normal 0.186967 0.38415 -0.904141
outer loop
vertex 3.44588 -0.738654 1.48959
vertex 3.44588 -0.646323 1.52882
vertex 4.19498 -0.792064 1.62181
endloop
endfacet
facet normal 0.186352 0.379714 -0.90614
outer loop
vertex 4.19498 -0.792064 1.62181
vertex 3.44588 -0.646323 1.52882
vertex 4.19498 -0.693056 1.6633
endloop
endfacet
facet normal 0.186691 0.332793 -0.924335
outer loop
vertex 3.44588 -0.646323 1.52882
vertex 3.44588 -0.553991 1.56207
vertex 4.19498 -0.693056 1.6633
endloop
endfacet
facet normal 0.186154 0.328774 -0.92588
outer loop
vertex 4.19498 -0.693056 1.6633
vertex 3.44588 -0.553991 1.56207
vertex 4.19498 -0.594048 1.69845
endloop
endfacet
facet normal 0.186429 0.281497 -0.941278
outer loop
vertex 3.44588 -0.553991 1.56207
vertex 3.44588 -0.461659 1.58968
vertex 4.19498 -0.594048 1.69845
endloop
endfacet
facet normal 0.185971 0.277968 -0.942416
outer loop
vertex 4.19498 -0.594048 1.69845
vertex 3.44588 -0.461659 1.58968
vertex 4.19498 -0.49504 1.72766
endloop
endfacet
facet normal 0.186191 0.230251 -0.955153
outer loop
vertex 3.44588 -0.461659 1.58968
vertex 3.44588 -0.369327 1.61194
vertex 4.19498 -0.49504 1.72766
endloop
endfacet
facet normal 0.185813 0.227276 -0.955939
outer loop
vertex 4.19498 -0.49504 1.72766
vertex 3.44588 -0.369327 1.61194
vertex 4.19498 -0.396032 1.7512
endloop
endfacet
facet normal 0.185983 0.179044 -0.966102
outer loop
vertex 3.44588 -0.369327 1.61194
vertex 3.44588 -0.276995 1.62905
vertex 4.19498 -0.396032 1.7512
endloop
endfacet
facet normal 0.185687 0.176676 -0.966595
outer loop
vertex 4.19498 -0.396032 1.7512
vertex 3.44588 -0.276995 1.62905
vertex 4.19498 -0.297024 1.76929
endloop
endfacet
facet normal 0.185811 0.127868 -0.97423
outer loop
vertex 3.44588 -0.276995 1.62905
vertex 3.44588 -0.184664 1.64117
vertex 4.19498 -0.297024 1.76929
endloop
endfacet
facet normal 0.185599 0.126146 -0.974495
outer loop
vertex 4.19498 -0.297024 1.76929
vertex 3.44588 -0.184664 1.64117
vertex 4.19498 -0.198016 1.78211
endloop
endfacet
facet normal 0.18568 0.0767124 -0.979611
outer loop
vertex 3.44588 -0.184664 1.64117
vertex 3.44588 -0.0923318 1.6484
vertex 4.19498 -0.198016 1.78211
endloop
endfacet
facet normal 0.185552 0.0756674 -0.979717
outer loop
vertex 4.19498 -0.198016 1.78211
vertex 3.44588 -0.0923318 1.6484
vertex 4.19498 -0.099008 1.78976
endloop
endfacet
facet normal 0.185591 0.0255696 -0.982294
outer loop
vertex 3.44588 -0.0923318 1.6484
vertex 3.44588 -2.10999e-16 1.6508
vertex 4.19498 -0.099008 1.78976
endloop
endfacet
facet normal 0.185548 0.025219 -0.982311
outer loop
vertex 4.19498 -0.099008 1.78976
vertex 3.44588 -2.10999e-16 1.6508
vertex 4.19498 -2.56869e-16 1.7923
endloop
endfacet
facet normal 0.185547 -0.0255698 -0.982303
outer loop
vertex 3.44588 -2.10999e-16 1.6508
vertex 3.44588 0.0923318 1.6484
vertex 4.19498 -2.56869e-16 1.7923
endloop
endfacet
facet normal 0.18559 -0.0252188 -0.982304
outer loop
vertex 4.19498 -2.56869e-16 1.7923
vertex 3.44588 0.0923318 1.6484
vertex 4.19498 0.099008 1.78976
endloop
endfacet
facet normal 0.185546 -0.0767144 -0.979637
outer loop
vertex 3.44588 0.0923318 1.6484
vertex 3.44588 0.184664 1.64117
vertex 4.19498 0.099008 1.78976
endloop
endfacet
facet normal 0.185677 -0.0756656 -0.979693
outer loop
vertex 4.19498 0.099008 1.78976
vertex 3.44588 0.184664 1.64117
vertex 4.19498 0.198016 1.78211
endloop
endfacet
facet normal 0.185587 -0.127873 -0.974272
outer loop
vertex 3.44588 0.184664 1.64117
vertex 3.44588 0.276995 1.62905
vertex 4.19498 0.198016 1.78211
endloop
endfacet
facet normal 0.185808 -0.126141 -0.974456
outer loop
vertex 4.19498 0.198016 1.78211
vertex 3.44588 0.276995 1.62905
vertex 4.19498 0.297024 1.76929
endloop
endfacet
facet normal 0.185669 -0.179055 -0.966161
outer loop
vertex 3.44588 0.276995 1.62905
vertex 3.44588 0.369327 1.61194
vertex 4.19498 0.297024 1.76929
endloop
endfacet
facet normal 0.18598 -0.176666 -0.966541
outer loop
vertex 4.19498 0.297024 1.76929
vertex 3.44588 0.369327 1.61194
vertex 4.19498 0.396032 1.7512
endloop
endfacet
facet normal 0.185787 -0.230268 -0.955227
outer loop
vertex 3.44588 0.369327 1.61194
vertex 3.44588 0.461659 1.58968
vertex 4.19498 0.396032 1.7512
endloop
endfacet
facet normal 0.186189 -0.22726 -0.955869
outer loop
vertex 4.19498 0.396032 1.7512
vertex 3.44588 0.461659 1.58968
vertex 4.19498 0.49504 1.72766
endloop
endfacet
facet normal 0.185936 -0.281524 -0.941367
outer loop
vertex 3.44588 0.461659 1.58968
vertex 3.44588 0.553991 1.56207
vertex 4.19498 0.49504 1.72766
endloop
endfacet
facet normal 0.186431 -0.277944 -0.942333
outer loop
vertex 4.19498 0.49504 1.72766
vertex 3.44588 0.553991 1.56207
vertex 4.19498 0.594048 1.69845
endloop
endfacet
facet normal 0.186109 -0.332831 -0.924439
outer loop
vertex 3.44588 0.553991 1.56207
vertex 3.44588 0.646323 1.52882
vertex 4.19498 0.594048 1.69845
endloop
endfacet
facet normal 0.186699 -0.328739 -0.925783
outer loop
vertex 4.19498 0.594048 1.69845
vertex 3.44588 0.646323 1.52882
vertex 4.19498 0.693056 1.6633
endloop
endfacet
facet normal 0.186295 -0.3842 -0.904259
outer loop
vertex 3.44588 0.646323 1.52882
vertex 3.44588 0.738654 1.48959
vertex 4.19498 0.693056 1.6633
endloop
endfacet
facet normal 0.186981 -0.379668 -0.90603
outer loop
vertex 4.19498 0.693056 1.6633
vertex 3.44588 0.738654 1.48959
vertex 4.19498 0.792064 1.62181
endloop
endfacet
facet normal 0.186482 -0.435644 -0.88059
outer loop
vertex 3.44588 0.738654 1.48959
vertex 3.44588 0.830986 1.44392
vertex 4.19498 0.792064 1.62181
endloop
endfacet
facet normal 0.187267 -0.430754 -0.882826
outer loop
vertex 4.19498 0.792064 1.62181
vertex 3.44588 0.830986 1.44392
vertex 4.19498 0.891072 1.5735
endloop
endfacet
facet normal 0.186655 -0.487174 -0.853125
outer loop
vertex 3.44588 0.830986 1.44392
vertex 3.44588 0.923318 1.39119
vertex 4.19498 0.891072 1.5735
endloop
endfacet
facet normal 0.18754 -0.482022 -0.855853
outer loop
vertex 4.19498 0.891072 1.5735
vertex 3.44588 0.923318 1.39119
vertex 4.19498 0.99008 1.51774
endloop
endfacet
facet normal 0.186791 -0.538805 -0.821461
outer loop
vertex 3.44588 0.923318 1.39119
vertex 3.44588 1.01565 1.33063
vertex 4.19498 0.99008 1.51774
endloop
endfacet
facet normal 0.187779 -0.533499 -0.824692
outer loop
vertex 4.19498 0.99008 1.51774
vertex 3.44588 1.01565 1.33063
vertex 4.19498 1.08909 1.45369
endloop
endfacet
facet normal 0.186863 -0.590557 -0.785064
outer loop
vertex 3.44588 1.01565 1.33063
vertex 3.44588 1.10798 1.26117
vertex 4.19498 1.08909 1.45369
endloop
endfacet
facet normal 0.187956 -0.585216 -0.788793
outer loop
vertex 4.19498 1.08909 1.45369
vertex 3.44588 1.10798 1.26117
vertex 4.19498 1.1881 1.38023
endloop
endfacet
facet normal 0.186831 -0.642449 -0.743204
outer loop
vertex 3.44588 1.10798 1.26117
vertex 3.44588 1.20031 1.18136
vertex 4.19498 1.1881 1.38023
endloop
endfacet
facet normal 0.188031 -0.637208 -0.747402
outer loop
vertex 4.19498 1.1881 1.38023
vertex 3.44588 1.20031 1.18136
vertex 4.19498 1.2871 1.29582
endloop
endfacet
facet normal 0.18664 -0.694514 -0.69485
outer loop
vertex 3.44588 1.20031 1.18136
vertex 3.44588 1.29265 1.08907
vertex 4.19498 1.2871 1.29582
endloop
endfacet
facet normal 0.187948 -0.68952 -0.699455
outer loop
vertex 4.19498 1.2871 1.29582
vertex 3.44588 1.29265 1.08907
vertex 4.19498 1.38611 1.19822
endloop
endfacet
facet normal 0.186207 -0.746794 -0.638456
outer loop
vertex 3.44588 1.29265 1.08907
vertex 3.44588 1.38498 0.981072
vertex 4.19498 1.38611 1.19822
endloop
endfacet
facet normal 0.187624 -0.742209 -0.643369
outer loop
vertex 4.19498 1.38611 1.19822
vertex 3.44588 1.38498 0.981072
vertex 4.19498 1.48512 1.084
endloop
endfacet
facet normal 0.185393 -0.799364 -0.571529
outer loop
vertex 3.44588 1.38498 0.981072
vertex 3.44588 1.47731 0.851933
vertex 4.19498 1.48512 1.084
endloop
endfacet
facet normal 0.186918 -0.795367 -0.576587
outer loop
vertex 4.19498 1.48512 1.084
vertex 3.44588 1.47731 0.851933
vertex 4.19498 1.58413 0.947427
endloop
endfacet
facet normal 0.183946 -0.852385 -0.489494
outer loop
vertex 3.44588 1.47731 0.851933
vertex 3.44588 1.56964 0.69115
vertex 4.19498 1.58413 0.947427
endloop
endfacet
facet normal 0.185575 -0.849173 -0.494437
outer loop
vertex 4.19498 1.58413 0.947427
vertex 3.44588 1.56964 0.69115
vertex 4.19498 1.68314 0.777386
endloop
endfacet
facet normal 0.171499 -0.958317 -0.228512
outer loop
vertex 3.44588 1.56964 0.69115
vertex 3.44588 1.7543 -0.0832793
vertex 4.19498 1.68314 0.777386
endloop
endfacet
facet normal 0.174915 -0.957011 -0.231377
outer loop
vertex 4.19498 1.68314 0.777386
vertex 3.44588 1.7543 -0.0832793
vertex 4.19498 1.88115 -0.0416396
endloop
endfacet
facet normal 0.160846 -0.98209 0.0981203
outer loop
vertex 3.44588 1.7543 -0.0832793
vertex 3.44588 1.66197 -1.00743
vertex 4.19498 1.88115 -0.0416396
endloop
endfacet
facet normal 0.155122 -0.982546 0.102664
outer loop
vertex 4.19498 1.88115 -0.0416396
vertex 3.44588 1.66197 -1.00743
vertex 4.19498 1.78214 -0.989199
endloop
endfacet
facet normal 0.147908 -0.958802 0.242533
outer loop
vertex 3.44588 1.66197 -1.00743
vertex 3.44588 1.56964 -1.37245
vertex 4.19498 1.78214 -0.989199
endloop
endfacet
facet normal 0.141949 -0.956955 0.253157
outer loop
vertex 4.19498 1.78214 -0.989199
vertex 3.44588 1.56964 -1.37245
vertex 4.19498 1.68314 -1.36346
endloop
endfacet
facet normal 0.13798 -0.936289 0.322994
outer loop
vertex 3.44588 1.56964 -1.37245
vertex 3.44588 1.47731 -1.6401
vertex 4.19498 1.68314 -1.36346
endloop
endfacet
facet normal 0.131968 -0.932427 0.336399
outer loop
vertex 4.19498 1.68314 -1.36346
vertex 3.44588 1.47731 -1.6401
vertex 4.19498 1.58413 -1.63789
endloop
endfacet
facet normal 0.128777 -0.911184 0.391356
outer loop
vertex 3.44588 1.47731 -1.6401
vertex 3.44588 1.38498 -1.85507
vertex 4.19498 1.58413 -1.63789
endloop
endfacet
facet normal 0.12278 -0.905299 0.406644
outer loop
vertex 4.19498 1.58413 -1.63789
vertex 3.44588 1.38498 -1.85507
vertex 4.19498 1.48512 -1.8583
endloop
endfacet
facet normal 0.120017 -0.883115 0.453545
outer loop
vertex 3.44588 1.38498 -1.85507
vertex 3.44588 1.29265 -2.03485
vertex 4.19498 1.48512 -1.8583
endloop
endfacet
facet normal 0.11409 -0.875217 0.470084
outer loop
vertex 4.19498 1.48512 -1.8583
vertex 3.44588 1.29265 -2.03485
vertex 4.19498 1.38611 -2.04264
endloop
endfacet
facet normal 0.111597 -0.851756 0.511915
outer loop
vertex 3.44588 1.29265 -2.03485
vertex 3.44588 1.20031 -2.18848
vertex 4.19498 1.38611 -2.04264
endloop
endfacet
facet normal 0.105792 -0.841894 0.529172
outer loop
vertex 4.19498 1.38611 -2.04264
vertex 3.44588 1.20031 -2.18848
vertex 4.19498 1.2871 -2.20016
endloop
endfacet
facet normal 0.10348 -0.816774 0.567602
outer loop
vertex 3.44588 1.20031 -2.18848
vertex 3.44588 1.10798 -2.32134
vertex 4.19498 1.2871 -2.20016
endloop
endfacet
facet normal 0.0978478 -0.805047 0.585086
outer loop
vertex 4.19498 1.2871 -2.20016
vertex 3.44588 1.10798 -2.32134
vertex 4.19498 1.1881 -2.33639
endloop
endfacet
facet normal 0.0956612 -0.777828 0.621154
outer loop
vertex 3.44588 1.10798 -2.32134
vertex 3.44588 1.01565 -2.43697
vertex 4.19498 1.1881 -2.33639
endloop
endfacet
facet normal 0.0902541 -0.764397 0.638398
outer loop
vertex 4.19498 1.1881 -2.33639
vertex 3.44588 1.01565 -2.43697
vertex 4.19498 1.08909 -2.45494
endloop
endfacet
facet normal 0.0881558 -0.73458 0.67277
outer loop
vertex 3.44588 1.01565 -2.43697
vertex 3.44588 0.923318 -2.53778
vertex 4.19498 1.08909 -2.45494
endloop
endfacet
facet normal 0.0830278 -0.71968 0.689324
outer loop
vertex 4.19498 1.08909 -2.45494
vertex 3.44588 0.923318 -2.53778
vertex 4.19498 0.99008 -2.55831
endloop
endfacet
facet normal 0.0809962 -0.686715 0.7224
outer loop
vertex 3.44588 0.923318 -2.53778
vertex 3.44588 0.830986 -2.62555
vertex 4.19498 0.99008 -2.55831
endloop
endfacet
facet normal 0.076201 -0.670662 0.737839
outer loop
vertex 4.19498 0.99008 -2.55831
vertex 3.44588 0.830986 -2.62555
vertex 4.19498 0.891072 -2.6483
endloop
endfacet
facet normal 0.0742275 -0.633958 0.769797
outer loop
vertex 3.44588 0.830986 -2.62555
vertex 3.44588 0.738654 -2.70159
vertex 4.19498 0.891072 -2.6483
endloop
endfacet
facet normal 0.069818 -0.617159 0.783735
outer loop
vertex 4.19498 0.891072 -2.6483
vertex 3.44588 0.738654 -2.70159
vertex 4.19498 0.792064 -2.72626
endloop
endfacet
facet normal 0.0679063 -0.576112 0.814545
outer loop
vertex 3.44588 0.738654 -2.70159
vertex 3.44588 0.646323 -2.76689
vertex 4.19498 0.792064 -2.72626
endloop
endfacet
facet normal 0.0639324 -0.559063 0.826657
outer loop
vertex 4.19498 0.792064 -2.72626
vertex 3.44588 0.646323 -2.76689
vertex 4.19498 0.693056 -2.79322
endloop
endfacet
facet normal 0.0620985 -0.513087 0.856087
outer loop
vertex 3.44588 0.646323 -2.76689
vertex 3.44588 0.553991 -2.82223
vertex 4.19498 0.693056 -2.79322
endloop
endfacet
facet normal 0.0586052 -0.496365 0.866133
outer loop
vertex 4.19498 0.693056 -2.79322
vertex 3.44588 0.553991 -2.82223
vertex 4.19498 0.594048 -2.84996
endloop
endfacet
facet normal 0.0568777 -0.444939 0.893753
outer loop
vertex 3.44588 0.553991 -2.82223
vertex 3.44588 0.461659 -2.8682
vertex 4.19498 0.594048 -2.84996
endloop
endfacet
facet normal 0.0539022 -0.429185 0.901607
outer loop
vertex 4.19498 0.594048 -2.84996
vertex 3.44588 0.461659 -2.8682
vertex 4.19498 0.49504 -2.89709
endloop
endfacet
facet normal 0.0523215 -0.37191 0.926793
outer loop
vertex 3.44588 0.461659 -2.8682
vertex 3.44588 0.369327 -2.90525
vertex 4.19498 0.49504 -2.89709
endloop
endfacet
facet normal 0.0498906 -0.357793 0.932467
outer loop
vertex 4.19498 0.49504 -2.89709
vertex 3.44588 0.369327 -2.90525
vertex 4.19498 0.396032 -2.93508
endloop
endfacet
facet normal 0.0485074 -0.294449 0.954435
outer loop
vertex 3.44588 0.369327 -2.90525
vertex 3.44588 0.276995 -2.93373
vertex 4.19498 0.396032 -2.93508
endloop
endfacet
facet normal 0.0466356 -0.282628 0.958095
outer loop
vertex 4.19498 0.396032 -2.93508
vertex 3.44588 0.276995 -2.93373
vertex 4.19498 0.297024 -2.96429
endloop
endfacet
facet normal 0.045508 -0.213231 0.975941
outer loop
vertex 3.44588 0.276995 -2.93373
vertex 3.44588 0.184664 -2.95391
vertex 4.19498 0.297024 -2.96429
endloop
endfacet
facet normal 0.0441958 -0.2043 0.97791
outer loop
vertex 4.19498 0.297024 -2.96429
vertex 3.44588 0.184664 -2.95391
vertex 4.19498 0.198016 -2.98497
endloop
endfacet
facet normal 0.0433856 -0.129143 0.990676
outer loop
vertex 3.44588 0.184664 -2.95391
vertex 3.44588 0.0923318 -2.96594
vertex 4.19498 0.198016 -2.98497
endloop
endfacet
facet normal 0.0426193 -0.123578 0.991419
outer loop
vertex 4.19498 0.198016 -2.98497
vertex 3.44588 0.0923318 -2.96594
vertex 4.19498 0.099008 -2.99731
endloop
endfacet
facet normal 0.0421862 -0.0432529 0.998173
outer loop
vertex 3.44588 0.0923318 -2.96594
vertex 3.44588 -2.10999e-16 -2.96995
vertex 4.19498 0.099008 -2.99731
endloop
endfacet
facet normal 0.0419396 -0.0413617 0.998264
outer loop
vertex 4.19498 0.099008 -2.99731
vertex 3.44588 -2.10999e-16 -2.96995
vertex 4.19498 -2.56869e-16 -3.00142
endloop
endfacet
facet normal 0.0419362 0.0432533 0.998184
outer loop
vertex 3.44588 -2.10999e-16 -2.96995
vertex 3.44588 -0.0923318 -2.96594
vertex 4.19498 -2.56869e-16 -3.00142
endloop
endfacet
facet normal 0.0421728 0.0413612 0.998254
outer loop
vertex 4.19498 -2.56869e-16 -3.00142
vertex 3.44588 -0.0923318 -2.96594
vertex 4.19498 -0.099008 -2.99731
endloop
endfacet
facet normal 0.0426391 0.129147 0.990708
outer loop
vertex 3.44588 -0.0923318 -2.96594
vertex 3.44588 -0.184664 -2.95391
vertex 4.19498 -0.099008 -2.99731
endloop
endfacet
facet normal 0.0433159 0.123574 0.99139
outer loop
vertex 4.19498 -0.099008 -2.99731
vertex 3.44588 -0.184664 -2.95391
vertex 4.19498 -0.198016 -2.98497
endloop
endfacet
facet normal 0.0442758 0.213243 0.975996
outer loop
vertex 3.44588 -0.184664 -2.95391
vertex 3.44588 -0.276995 -2.93373
vertex 4.19498 -0.198016 -2.98497
endloop
endfacet
facet normal 0.0453472 0.20429 0.97786
outer loop
vertex 4.19498 -0.198016 -2.98497
vertex 3.44588 -0.276995 -2.93373
vertex 4.19498 -0.297024 -2.96429
endloop
endfacet
facet normal 0.0468062 0.294473 0.954513
outer loop
vertex 3.44588 -0.276995 -2.93373
vertex 3.44588 -0.369327 -2.90525
vertex 4.19498 -0.297024 -2.96429
endloop
endfacet
facet normal 0.0482281 0.282607 0.958023
outer loop
vertex 4.19498 -0.297024 -2.96429
vertex 3.44588 -0.369327 -2.90525
vertex 4.19498 -0.396032 -2.93508
endloop
endfacet
facet normal 0.0501735 0.371951 0.926895
outer loop
vertex 3.44588 -0.369327 -2.90525
vertex 3.44588 -0.461659 -2.8682
vertex 4.19498 -0.396032 -2.93508
endloop
endfacet
facet normal 0.0519059 0.357756 0.932371
outer loop
vertex 4.19498 -0.396032 -2.93508
vertex 3.44588 -0.461659 -2.8682
vertex 4.19498 -0.49504 -2.89709
endloop
endfacet
facet normal 0.0543091 0.445003 0.893881
outer loop
vertex 3.44588 -0.461659 -2.8682
vertex 3.44588 -0.553991 -2.82223
vertex 4.19498 -0.49504 -2.89709
endloop
endfacet
facet normal 0.0563185 0.429128 0.901486
outer loop
vertex 4.19498 -0.49504 -2.89709
vertex 3.44588 -0.553991 -2.82223
vertex 4.19498 -0.594048 -2.84996
endloop
endfacet
facet normal 0.0591381 0.513179 0.856242
outer loop
vertex 3.44588 -0.553991 -2.82223
vertex 3.44588 -0.646323 -2.76689
vertex 4.19498 -0.594048 -2.84996
endloop
endfacet
facet normal 0.0613981 0.496282 0.865988
outer loop
vertex 4.19498 -0.594048 -2.84996
vertex 3.44588 -0.646323 -2.76689
vertex 4.19498 -0.693056 -2.79322
endloop
endfacet
facet normal 0.0645846 0.57624 0.814725
outer loop
vertex 3.44588 -0.646323 -2.76689
vertex 3.44588 -0.738654 -2.70159
vertex 4.19498 -0.693056 -2.79322
endloop
endfacet
facet normal 0.0670758 0.558948 0.826486
outer loop
vertex 4.19498 -0.693056 -2.79322
vertex 3.44588 -0.738654 -2.70159
vertex 4.19498 -0.792064 -2.72626
endloop
endfacet
facet normal 0.0705754 0.634127 0.770001
outer loop
vertex 3.44588 -0.738654 -2.70159
vertex 3.44588 -0.830986 -2.62555
vertex 4.19498 -0.792064 -2.72626
endloop
endfacet
facet normal 0.0732851 0.617005 0.783539
outer loop
vertex 4.19498 -0.792064 -2.72626
vertex 3.44588 -0.830986 -2.62555
vertex 4.19498 -0.891072 -2.6483
endloop
endfacet
facet normal 0.077044 0.686931 0.722627
outer loop
vertex 3.44588 -0.830986 -2.62555
vertex 3.44588 -0.923318 -2.53778
vertex 4.19498 -0.891072 -2.6483
endloop
endfacet
facet normal 0.0799649 0.670464 0.737621
outer loop
vertex 4.19498 -0.891072 -2.6483
vertex 3.44588 -0.923318 -2.53778
vertex 4.19498 -0.99008 -2.55831
endloop
endfacet
facet normal 0.0839329 0.734849 0.673017
outer loop
vertex 3.44588 -0.923318 -2.53778
vertex 3.44588 -1.01565 -2.43697
vertex 4.19498 -0.99008 -2.55831
endloop
endfacet
facet normal 0.0870621 0.719431 0.689086
outer loop
vertex 4.19498 -0.99008 -2.55831
vertex 3.44588 -1.01565 -2.43697
vertex 4.19498 -1.08909 -2.45494
endloop
endfacet
facet normal 0.0911955 0.778155 0.621416
outer loop
vertex 3.44588 -1.01565 -2.43697
vertex 3.44588 -1.10798 -2.32134
vertex 4.19498 -1.08909 -2.45494
endloop
endfacet
facet normal 0.0945333 0.764092 0.638143
outer loop
vertex 4.19498 -1.08909 -2.45494
vertex 3.44588 -1.10798 -2.32134
vertex 4.19498 -1.1881 -2.33639
endloop
endfacet
facet normal 0.0987981 0.817165 0.567874
outer loop
vertex 3.44588 -1.10798 -2.32134
vertex 3.44588 -1.20031 -2.18848
vertex 4.19498 -1.1881 -2.33639
endloop
endfacet
facet normal 0.102348 0.804681 0.58482
outer loop
vertex 4.19498 -1.1881 -2.33639
vertex 3.44588 -1.20031 -2.18848
vertex 4.19498 -1.2871 -2.20016
endloop
endfacet
facet normal 0.106723 0.852215 0.512191
outer loop
vertex 3.44588 -1.20031 -2.18848
vertex 3.44588 -1.29265 -2.03485
vertex 4.19498 -1.2871 -2.20016
endloop
endfacet
facet normal 0.110489 0.841461 0.5289
outer loop
vertex 4.19498 -1.2871 -2.20016
vertex 3.44588 -1.29265 -2.03485
vertex 4.19498 -1.38611 -2.04264
endloop
endfacet
facet normal 0.114972 0.883646 0.453818
outer loop
vertex 3.44588 -1.29265 -2.03485
vertex 3.44588 -1.38498 -1.85507
vertex 4.19498 -1.38611 -2.04264
endloop
endfacet
facet normal 0.118964 0.874713 0.469813
outer loop
vertex 4.19498 -1.38611 -2.04264
vertex 3.44588 -1.38498 -1.85507
vertex 4.19498 -1.48512 -1.8583
endloop
endfacet
facet normal 0.123583 0.911791 0.391617
outer loop
vertex 3.44588 -1.38498 -1.85507
vertex 3.44588 -1.47731 -1.6401
vertex 4.19498 -1.48512 -1.8583
endloop
endfacet
facet normal 0.127811 0.904719 0.406384
outer loop
vertex 4.19498 -1.48512 -1.8583
vertex 3.44588 -1.47731 -1.6401
vertex 4.19498 -1.58413 -1.63789
endloop
endfacet
facet normal 0.132656 0.936976 0.323231
outer loop
vertex 3.44588 -1.47731 -1.6401
vertex 3.44588 -1.56964 -1.37245
vertex 4.19498 -1.58413 -1.63789
endloop
endfacet
facet normal 0.137137 0.931767 0.336161
outer loop
vertex 4.19498 -1.58413 -1.63789
vertex 3.44588 -1.56964 -1.37245
vertex 4.19498 -1.68314 -1.36346
endloop
endfacet
facet normal 0.146672 0.97919 0.140262
outer loop
vertex 3.44588 -1.56964 -1.37245
vertex 3.44588 -1.7543 -0.0832793
vertex 4.19498 -1.68314 -1.36346
endloop
endfacet
facet normal 0.157248 0.976661 0.146309
outer loop
vertex 4.19498 -1.68314 -1.36346
vertex 3.44588 -1.7543 -0.0832793
vertex 4.19498 -1.88115 -0.0416396
endloop
endfacet
facet normal 0.0807422 0.982858 -0.165741
outer loop
vertex 4.19498 -1.88115 -0.0416396
vertex 4.19498 -1.78214 0.545487
vertex 5.16882 -1.95413 3.16499e-16
endloop
endfacet
facet normal 0.0793391 0.982563 -0.168152
outer loop
vertex 5.16882 -1.95413 3.16499e-16
vertex 4.19498 -1.78214 0.545487
vertex 5.16882 -1.85128 0.600976
endloop
endfacet
facet normal 0.0873322 0.916172 -0.391155
outer loop
vertex 4.19498 -1.78214 0.545487
vertex 4.19498 -1.68314 0.777386
vertex 5.16882 -1.85128 0.600976
endloop
endfacet
facet normal 0.0860905 0.914164 -0.396097
outer loop
vertex 5.16882 -1.85128 0.600976
vertex 4.19498 -1.68314 0.777386
vertex 5.16882 -1.74843 0.838345
endloop
endfacet
facet normal 0.0890864 0.860747 -0.501176
outer loop
vertex 4.19498 -1.68314 0.777386
vertex 4.19498 -1.58413 0.947427
vertex 5.16882 -1.74843 0.838345
endloop
endfacet
facet normal 0.087929 0.857593 -0.506758
outer loop
vertex 5.16882 -1.74843 0.838345
vertex 4.19498 -1.58413 0.947427
vertex 5.16882 -1.64558 1.0124
endloop
endfacet
facet normal 0.0898861 0.806359 -0.584556
outer loop
vertex 4.19498 -1.58413 0.947427
vertex 4.19498 -1.48512 1.084
vertex 5.16882 -1.64558 1.0124
endloop
endfacet
facet normal 0.0887996 0.802312 -0.590262
outer loop
vertex 5.16882 -1.64558 1.0124
vertex 4.19498 -1.48512 1.084
vertex 5.16882 -1.54274 1.15219
endloop
endfacet
facet normal 0.0902017 0.752548 -0.652331
outer loop
vertex 4.19498 -1.48512 1.084
vertex 4.19498 -1.38611 1.19822
vertex 5.16882 -1.54274 1.15219
endloop
endfacet
facet normal 0.0891811 0.747831 -0.657872
outer loop
vertex 5.16882 -1.54274 1.15219
vertex 4.19498 -1.38611 1.19822
vertex 5.16882 -1.43989 1.26911
endloop
endfacet
facet normal 0.0902331 0.699167 -0.709242
outer loop
vertex 4.19498 -1.38611 1.19822
vertex 4.19498 -1.2871 1.29582
vertex 5.16882 -1.43989 1.26911
endloop
endfacet
facet normal 0.0892768 0.69398 -0.714438
outer loop
vertex 5.16882 -1.43989 1.26911
vertex 4.19498 -1.2871 1.29582
vertex 5.16882 -1.33704 1.36901
endloop
endfacet
facet normal 0.0900888 0.646143 -0.757881
outer loop
vertex 4.19498 -1.2871 1.29582
vertex 4.19498 -1.1881 1.38023
vertex 5.16882 -1.33704 1.36901
endloop
endfacet
facet normal 0.0891966 0.640666 -0.762621
outer loop
vertex 5.16882 -1.33704 1.36901
vertex 4.19498 -1.1881 1.38023
vertex 5.16882 -1.23419 1.45541
endloop
endfacet
facet normal 0.0898355 0.593426 -0.799859
outer loop
vertex 4.19498 -1.1881 1.38023
vertex 4.19498 -1.08909 1.45369
vertex 5.16882 -1.23419 1.45541
endloop
endfacet
facet normal 0.0890081 0.587823 -0.804078
outer loop
vertex 5.16882 -1.23419 1.45541
vertex 4.19498 -1.08909 1.45369
vertex 5.16882 -1.13134 1.5306
endloop
endfacet
facet normal 0.0895173 0.540981 -0.836258
outer loop
vertex 4.19498 -1.08909 1.45369
vertex 4.19498 -0.99008 1.51774
vertex 5.16882 -1.13134 1.5306
endloop
endfacet
facet normal 0.0887559 0.535398 -0.839923
outer loop
vertex 5.16882 -1.13134 1.5306
vertex 4.19498 -0.99008 1.51774
vertex 5.16882 -1.02849 1.59616
endloop
endfacet
facet normal 0.0891652 0.488774 -0.867842
outer loop
vertex 4.19498 -0.99008 1.51774
vertex 4.19498 -0.891072 1.5735
vertex 5.16882 -1.02849 1.59616
endloop
endfacet
facet normal 0.0884712 0.483343 -0.870949
outer loop
vertex 5.16882 -1.02849 1.59616
vertex 4.19498 -0.891072 1.5735
vertex 5.16882 -0.925641 1.65324
endloop
endfacet
facet normal 0.0888019 0.436779 -0.895175
outer loop
vertex 4.19498 -0.891072 1.5735
vertex 4.19498 -0.792064 1.62181
vertex 5.16882 -0.925641 1.65324
endloop
endfacet
facet normal 0.0881765 0.431617 -0.897737
outer loop
vertex 5.16882 -0.925641 1.65324
vertex 4.19498 -0.792064 1.62181
vertex 5.16882 -0.822792 1.70269
endloop
endfacet
facet normal 0.0884441 0.38497 -0.918682
outer loop
vertex 4.19498 -0.792064 1.62181
vertex 4.19498 -0.693056 1.6633
vertex 5.16882 -0.822792 1.70269
endloop
endfacet
facet normal 0.0878886 0.380179 -0.920728
outer loop
vertex 5.16882 -0.822792 1.70269
vertex 4.19498 -0.693056 1.6633
vertex 5.16882 -0.719943 1.74515
endloop
endfacet
facet normal 0.0881045 0.333321 -0.938688
outer loop
vertex 4.19498 -0.693056 1.6633
vertex 4.19498 -0.594048 1.69845
vertex 5.16882 -0.719943 1.74515
endloop
endfacet
facet normal 0.0876202 0.328992 -0.940259
outer loop
vertex 5.16882 -0.719943 1.74515
vertex 4.19498 -0.594048 1.69845
vertex 5.16882 -0.617094 1.78114
endloop
endfacet
facet normal 0.087793 0.281811 -0.955445
outer loop
vertex 4.19498 -0.594048 1.69845
vertex 4.19498 -0.49504 1.72766
vertex 5.16882 -0.617094 1.78114
endloop
endfacet
facet normal 0.0873808 0.27802 -0.956593
outer loop
vertex 5.16882 -0.617094 1.78114
vertex 4.19498 -0.49504 1.72766
vertex 5.16882 -0.514245 1.81103
endloop
endfacet
facet normal 0.087517 0.230417 -0.969148
outer loop
vertex 4.19498 -0.49504 1.72766
vertex 4.19498 -0.396032 1.7512
vertex 5.16882 -0.514245 1.81103
endloop
endfacet
facet normal 0.0871779 0.227227 -0.969932
outer loop
vertex 5.16882 -0.514245 1.81103
vertex 4.19498 -0.396032 1.7512
vertex 5.16882 -0.411396 1.83513
endloop
endfacet
facet normal 0.0872822 0.179117 -0.979948
outer loop
vertex 4.19498 -0.396032 1.7512
vertex 4.19498 -0.297024 1.76929
vertex 5.16882 -0.411396 1.83513
endloop
endfacet
facet normal 0.0870172 0.176582 -0.980432
outer loop
vertex 5.16882 -0.411396 1.83513
vertex 4.19498 -0.297024 1.76929
vertex 5.16882 -0.308547 1.85365
endloop
endfacet
facet normal 0.0870928 0.127889 -0.987957
outer loop
vertex 4.19498 -0.297024 1.76929
vertex 4.19498 -0.198016 1.78211
vertex 5.16882 -0.308547 1.85365
endloop
endfacet
facet normal 0.0869026 0.126049 -0.98821
outer loop
vertex 5.16882 -0.308547 1.85365
vertex 4.19498 -0.198016 1.78211
vertex 5.16882 -0.205698 1.86677
endloop
endfacet
facet normal 0.0869519 0.076713 -0.993254
outer loop
vertex 4.19498 -0.198016 1.78211
vertex 4.19498 -0.099008 1.78976
vertex 5.16882 -0.205698 1.86677
endloop
endfacet
facet normal 0.0868373 0.0755973 -0.99335
outer loop
vertex 5.16882 -0.205698 1.86677
vertex 4.19498 -0.099008 1.78976
vertex 5.16882 -0.102849 1.8746
endloop
endfacet
facet normal 0.0868614 0.0255676 -0.995892
outer loop
vertex 4.19498 -0.099008 1.78976
vertex 4.19498 -2.56869e-16 1.7923
vertex 5.16882 -0.102849 1.8746
endloop
endfacet
facet normal 0.086823 0.0251937 -0.995905
outer loop
vertex 5.16882 -0.102849 1.8746
vertex 4.19498 -2.56869e-16 1.7923
vertex 5.16882 -3.16499e-16 1.8772
endloop
endfacet
facet normal 0.0868222 -0.0255677 -0.995896
outer loop
vertex 4.19498 -2.56869e-16 1.7923
vertex 4.19498 0.099008 1.78976
vertex 5.16882 -3.16499e-16 1.8772
endloop
endfacet
facet normal 0.0868608 -0.0251936 -0.995902
outer loop
vertex 5.16882 -3.16499e-16 1.8772
vertex 4.19498 0.099008 1.78976
vertex 5.16882 0.102849 1.8746
endloop
endfacet
facet normal 0.0868342 -0.0767138 -0.993265
outer loop
vertex 4.19498 0.099008 1.78976
vertex 4.19498 0.198016 1.78211
vertex 5.16882 0.102849 1.8746
endloop
endfacet
facet normal 0.0869506 -0.0755965 -0.99334
outer loop
vertex 5.16882 0.102849 1.8746
vertex 4.19498 0.198016 1.78211
vertex 5.16882 0.205698 1.86677
endloop
endfacet
facet normal 0.0868966 -0.127891 -0.987974
outer loop
vertex 4.19498 0.198016 1.78211
vertex 4.19498 0.297024 1.76929
vertex 5.16882 0.205698 1.86677
endloop
endfacet
facet normal 0.0870916 -0.126047 -0.988194
outer loop
vertex 5.16882 0.205698 1.86677
vertex 4.19498 0.297024 1.76929
vertex 5.16882 0.308547 1.85365
endloop
endfacet
facet normal 0.0870074 -0.179121 -0.979972
outer loop
vertex 4.19498 0.297024 1.76929
vertex 4.19498 0.396032 1.7512
vertex 5.16882 0.308547 1.85365
endloop
endfacet
facet normal 0.0872818 -0.176578 -0.980409
outer loop
vertex 5.16882 0.308547 1.85365
vertex 4.19498 0.396032 1.7512
vertex 5.16882 0.411396 1.83513
endloop
endfacet
facet normal 0.0871635 -0.230424 -0.969179
outer loop
vertex 4.19498 0.396032 1.7512
vertex 4.19498 0.49504 1.72766
vertex 5.16882 0.411396 1.83513
endloop
endfacet
facet normal 0.0875185 -0.227221 -0.969903
outer loop
vertex 5.16882 0.411396 1.83513
vertex 4.19498 0.49504 1.72766
vertex 5.16882 0.514245 1.81103
endloop
endfacet
facet normal 0.0873606 -0.281822 -0.955481
outer loop
vertex 4.19498 0.49504 1.72766
vertex 4.19498 0.594048 1.69845
vertex 5.16882 0.514245 1.81103
endloop
endfacet
facet normal 0.0877975 -0.278009 -0.956558
outer loop
vertex 5.16882 0.514245 1.81103
vertex 4.19498 0.594048 1.69845
vertex 5.16882 0.617094 1.78114
endloop
endfacet
facet normal 0.0875932 -0.333336 -0.93873
outer loop
vertex 4.19498 0.594048 1.69845
vertex 4.19498 0.693056 1.6633
vertex 5.16882 0.617094 1.78114
endloop
endfacet
facet normal 0.0881132 -0.328977 -0.940218
outer loop
vertex 5.16882 0.617094 1.78114
vertex 4.19498 0.693056 1.6633
vertex 5.16882 0.719943 1.74515
endloop
endfacet
facet normal 0.0878535 -0.38499 -0.91873
outer loop
vertex 4.19498 0.693056 1.6633
vertex 4.19498 0.792064 1.62181
vertex 5.16882 0.719943 1.74515
endloop
endfacet
facet normal 0.0884584 -0.38016 -0.920681
outer loop
vertex 5.16882 0.719943 1.74515
vertex 4.19498 0.792064 1.62181
vertex 5.16882 0.822792 1.70269
endloop
endfacet
facet normal 0.0881319 -0.436805 -0.895228
outer loop
vertex 4.19498 0.792064 1.62181
vertex 4.19498 0.891072 1.5735
vertex 5.16882 0.822792 1.70269
endloop
endfacet
facet normal 0.0888233 -0.431592 -0.897685
outer loop
vertex 5.16882 0.822792 1.70269
vertex 4.19498 0.891072 1.5735
vertex 5.16882 0.925641 1.65324
endloop
endfacet
facet normal 0.0884155 -0.488807 -0.8679
outer loop
vertex 4.19498 0.891072 1.5735
vertex 4.19498 0.99008 1.51774
vertex 5.16882 0.925641 1.65324
endloop
endfacet
facet normal 0.0891955 -0.483312 -0.870892
outer loop
vertex 5.16882 0.925641 1.65324
vertex 4.19498 0.99008 1.51774
vertex 5.16882 1.02849 1.59616
endloop
endfacet
facet normal 0.0886875 -0.541021 -0.83632
outer loop
vertex 4.19498 0.99008 1.51774
vertex 4.19498 1.08909 1.45369
vertex 5.16882 1.02849 1.59616
endloop
endfacet
facet normal 0.0895581 -0.535359 -0.839863
outer loop
vertex 5.16882 1.02849 1.59616
vertex 4.19498 1.08909 1.45369
vertex 5.16882 1.13134 1.5306
endloop
endfacet
facet normal 0.0889253 -0.593475 -0.799925
outer loop
vertex 4.19498 1.08909 1.45369
vertex 4.19498 1.1881 1.38023
vertex 5.16882 1.13134 1.5306
endloop
endfacet
facet normal 0.0898888 -0.587777 -0.804014
outer loop
vertex 5.16882 1.13134 1.5306
vertex 4.19498 1.1881 1.38023
vertex 5.16882 1.23419 1.45541
endloop
endfacet
facet normal 0.0890979 -0.6462 -0.757949
outer loop
vertex 4.19498 1.1881 1.38023
vertex 4.19498 1.2871 1.29582
vertex 5.16882 1.23419 1.45541
endloop
endfacet
facet normal 0.0901565 -0.64061 -0.762555
outer loop
vertex 5.16882 1.23419 1.45541
vertex 4.19498 1.2871 1.29582
vertex 5.16882 1.33704 1.36901
endloop
endfacet
facet normal 0.0891608 -0.699235 -0.70931
outer loop
vertex 4.19498 1.2871 1.29582
vertex 4.19498 1.38611 1.19822
vertex 5.16882 1.33704 1.36901
endloop
endfacet
facet normal 0.0903164 -0.693914 -0.714371
outer loop
vertex 5.16882 1.33704 1.36901
vertex 4.19498 1.38611 1.19822
vertex 5.16882 1.43989 1.26911
endloop
endfacet
facet normal 0.0890475 -0.752626 -0.652399
outer loop
vertex 4.19498 1.38611 1.19822
vertex 4.19498 1.48512 1.084
vertex 5.16882 1.43989 1.26911
endloop
endfacet
facet normal 0.0903015 -0.747755 -0.657806
outer loop
vertex 5.16882 1.43989 1.26911
vertex 4.19498 1.48512 1.084
vertex 5.16882 1.54274 1.15219
endloop
endfacet
facet normal 0.0886493 -0.806449 -0.584621
outer loop
vertex 4.19498 1.48512 1.084
vertex 4.19498 1.58413 0.947427
vertex 5.16882 1.54274 1.15219
endloop
endfacet
facet normal 0.0900017 -0.802225 -0.590198
outer loop
vertex 5.16882 1.54274 1.15219
vertex 4.19498 1.58413 0.947427
vertex 5.16882 1.64558 1.0124
endloop
endfacet
facet normal 0.087766 -0.860849 -0.501235
outer loop
vertex 4.19498 1.58413 0.947427
vertex 4.19498 1.68314 0.777386
vertex 5.16882 1.64558 1.0124
endloop
endfacet
facet normal 0.0892141 -0.857494 -0.5067
outer loop
vertex 5.16882 1.64558 1.0124
vertex 4.19498 1.68314 0.777386
vertex 5.16882 1.74843 0.838345
endloop
endfacet
facet normal 0.0796303 -0.968909 -0.234253
outer loop
vertex 4.19498 1.68314 0.777386
vertex 4.19498 1.88115 -0.0416396
vertex 5.16882 1.74843 0.838345
endloop
endfacet
facet normal 0.0826861 -0.967867 -0.237478
outer loop
vertex 5.16882 1.74843 0.838345
vertex 4.19498 1.88115 -0.0416396
vertex 5.16882 1.95413 3.16499e-16
endloop
endfacet
facet normal 0.0699191 -0.992151 0.103667
outer loop
vertex 4.19498 1.88115 -0.0416396
vertex 4.19498 1.78214 -0.989199
vertex 5.16882 1.95413 3.16499e-16
endloop
endfacet
facet normal 0.0683971 -0.992101 0.105157
outer loop
vertex 5.16882 1.95413 3.16499e-16
vertex 4.19498 1.78214 -0.989199
vertex 5.16882 1.85128 -0.970327
endloop
endfacet
facet normal 0.0635499 -0.96479 0.255229
outer loop
vertex 4.19498 1.78214 -0.989199
vertex 4.19498 1.68314 -1.36346
vertex 5.16882 1.85128 -0.970327
endloop
endfacet
facet normal 0.0620113 -0.963968 0.258689
outer loop
vertex 5.16882 1.85128 -0.970327
vertex 4.19498 1.68314 -1.36346
vertex 5.16882 1.74843 -1.35358
endloop
endfacet
facet normal 0.0595239 -0.938986 0.338766
outer loop
vertex 4.19498 1.68314 -1.36346
vertex 4.19498 1.58413 -1.63789
vertex 5.16882 1.74843 -1.35358
endloop
endfacet
facet normal 0.0580059 -0.937503 0.343108
outer loop
vertex 5.16882 1.74843 -1.35358
vertex 4.19498 1.58413 -1.63789
vertex 5.16882 1.64558 -1.6346
endloop
endfacet
facet normal 0.0560959 -0.910764 0.409099
outer loop
vertex 4.19498 1.58413 -1.63789
vertex 4.19498 1.48512 -1.8583
vertex 5.16882 1.64558 -1.6346
endloop
endfacet
facet normal 0.0546122 -0.908626 0.414024
outer loop
vertex 5.16882 1.64558 -1.6346
vertex 4.19498 1.48512 -1.8583
vertex 5.16882 1.54274 -1.86032
endloop
endfacet
facet normal 0.0530234 -0.87973 0.472508
outer loop
vertex 4.19498 1.48512 -1.8583
vertex 4.19498 1.38611 -2.04264
vertex 5.16882 1.54274 -1.86032
endloop
endfacet
facet normal 0.0515842 -0.876949 0.477806
outer loop
vertex 5.16882 1.54274 -1.86032
vertex 4.19498 1.38611 -2.04264
vertex 5.16882 1.43989 -2.04908
endloop
endfacet
facet normal 0.0502069 -0.845577 0.531487
outer loop
vertex 4.19498 1.38611 -2.04264
vertex 4.19498 1.2871 -2.20016
vertex 5.16882 1.43989 -2.04908
endloop
endfacet
facet normal 0.0488208 -0.842179 0.536984
outer loop
vertex 5.16882 1.43989 -2.04908
vertex 4.19498 1.2871 -2.20016
vertex 5.16882 1.33704 -2.21038
endloop
endfacet
facet normal 0.0475966 -0.808012 0.587241
outer loop
vertex 4.19498 1.2871 -2.20016
vertex 4.19498 1.1881 -2.33639
vertex 5.16882 1.33704 -2.21038
endloop
endfacet
facet normal 0.0462721 -0.804036 0.592778
outer loop
vertex 5.16882 1.33704 -2.21038
vertex 4.19498 1.1881 -2.33639
vertex 5.16882 1.23419 -2.34989
endloop
endfacet
facet normal 0.0451667 -0.766746 0.64036
outer loop
vertex 4.19498 1.1881 -2.33639
vertex 4.19498 1.08909 -2.45494
vertex 5.16882 1.23419 -2.34989
endloop
endfacet
facet normal 0.0439118 -0.762253 0.645788
outer loop
vertex 5.16882 1.23419 -2.34989
vertex 4.19498 1.08909 -2.45494
vertex 5.16882 1.13134 -2.47129
endloop
endfacet
facet normal 0.0429042 -0.721508 0.691075
outer loop
vertex 4.19498 1.08909 -2.45494
vertex 4.19498 0.99008 -2.55831
vertex 5.16882 1.13134 -2.47129
endloop
endfacet
facet normal 0.0417268 -0.716582 0.696254
outer loop
vertex 5.16882 1.13134 -2.47129
vertex 4.19498 0.99008 -2.55831
vertex 5.16882 1.02849 -2.57714
endloop
endfacet
facet normal 0.0408045 -0.672057 0.739374
outer loop
vertex 4.19498 0.99008 -2.55831
vertex 4.19498 0.891072 -2.6483
vertex 5.16882 1.02849 -2.57714
endloop
endfacet
facet normal 0.0397125 -0.666805 0.744174
outer loop
vertex 5.16882 1.02849 -2.57714
vertex 4.19498 0.891072 -2.6483
vertex 5.16882 0.925641 -2.66929
endloop
endfacet
facet normal 0.0388686 -0.618202 0.785058
outer loop
vertex 4.19498 0.891072 -2.6483
vertex 4.19498 0.792064 -2.72626
vertex 5.16882 0.925641 -2.66929
endloop
endfacet
facet normal 0.0378698 -0.612756 0.789364
outer loop
vertex 5.16882 0.925641 -2.66929
vertex 4.19498 0.792064 -2.72626
vertex 5.16882 0.822792 -2.74913
endloop
endfacet
facet normal 0.0371016 -0.559823 0.827781
outer loop
vertex 4.19498 0.792064 -2.72626
vertex 4.19498 0.693056 -2.79322
vertex 5.16882 0.822792 -2.74913
endloop
endfacet
facet normal 0.0362033 -0.554345 0.8315
outer loop
vertex 5.16882 0.822792 -2.74913
vertex 4.19498 0.693056 -2.79322
vertex 5.16882 0.719943 -2.8177
endloop
endfacet
facet normal 0.0355117 -0.496906 0.867077
outer loop
vertex 4.19498 0.693056 -2.79322
vertex 4.19498 0.594048 -2.84996
vertex 5.16882 0.719943 -2.8177
endloop
endfacet
facet normal 0.0347208 -0.491574 0.870143
outer loop
vertex 5.16882 0.719943 -2.8177
vertex 4.19498 0.594048 -2.84996
vertex 5.16882 0.617094 -2.8758
endloop
endfacet
facet normal 0.0341089 -0.42956 0.902394
outer loop
vertex 4.19498 0.594048 -2.84996
vertex 4.19498 0.49504 -2.89709
vertex 5.16882 0.617094 -2.8758
endloop
endfacet
facet normal 0.0334317 -0.424571 0.904777
outer loop
vertex 5.16882 0.617094 -2.8758
vertex 4.19498 0.49504 -2.89709
vertex 5.16882 0.514245 -2.92406
endloop
endfacet
facet normal 0.0329048 -0.358045 0.933124
outer loop
vertex 4.19498 0.49504 -2.89709
vertex 4.19498 0.396032 -2.93508
vertex 5.16882 0.514245 -2.92406
endloop
endfacet
facet normal 0.0323462 -0.353603 0.934836
outer loop
vertex 5.16882 0.514245 -2.92406
vertex 4.19498 0.396032 -2.93508
vertex 5.16882 0.411396 -2.96297
endloop
endfacet
facet normal 0.0319109 -0.282792 0.95865
outer loop
vertex 4.19498 0.396032 -2.93508
vertex 4.19498 0.297024 -2.96429
vertex 5.16882 0.411396 -2.96297
endloop
endfacet
facet normal 0.0314748 -0.279092 0.959749
outer loop
vertex 5.16882 0.411396 -2.96297
vertex 4.19498 0.297024 -2.96429
vertex 5.16882 0.308547 -2.99288
endloop
endfacet
facet normal 0.0311382 -0.204401 0.978392
outer loop
vertex 4.19498 0.297024 -2.96429
vertex 4.19498 0.198016 -2.98497
vertex 5.16882 0.308547 -2.99288
endloop
endfacet
facet normal 0.030827 -0.201616 0.978979
outer loop
vertex 5.16882 0.308547 -2.99288
vertex 4.19498 0.198016 -2.98497
vertex 5.16882 0.205698 -3.01406
endloop
endfacet
facet normal 0.0305963 -0.123632 0.991856
outer loop
vertex 4.19498 0.198016 -2.98497
vertex 4.19498 0.099008 -2.99731
vertex 5.16882 0.205698 -3.01406
endloop
endfacet
facet normal 0.0304105 -0.121902 0.992076
outer loop
vertex 5.16882 0.205698 -3.01406
vertex 4.19498 0.099008 -2.99731
vertex 5.16882 0.102849 -3.02669
endloop
endfacet
facet normal 0.0302923 -0.0413791 0.998684
outer loop
vertex 4.19498 0.099008 -2.99731
vertex 4.19498 -2.56869e-16 -3.00142
vertex 5.16882 0.102849 -3.02669
endloop
endfacet
facet normal 0.030231 -0.0407919 0.99871
outer loop
vertex 5.16882 0.102849 -3.02669
vertex 4.19498 -2.56869e-16 -3.00142
vertex 5.16882 -3.16499e-16 -3.03089
endloop
endfacet
facet normal 0.0302302 0.0413792 0.998686
outer loop
vertex 4.19498 -2.56869e-16 -3.00142
vertex 4.19498 -0.099008 -2.99731
vertex 5.16882 -3.16499e-16 -3.03089
endloop
endfacet
facet normal 0.0302907 0.0407918 0.998708
outer loop
vertex 5.16882 -3.16499e-16 -3.03089
vertex 4.19498 -0.099008 -2.99731
vertex 5.16882 -0.102849 -3.02669
endloop
endfacet
facet normal 0.0304109 0.123633 0.991862
outer loop
vertex 4.19498 -0.099008 -2.99731
vertex 4.19498 -0.198016 -2.98497
vertex 5.16882 -0.102849 -3.02669
endloop
endfacet
facet normal 0.0305891 0.121901 0.992071
outer loop
vertex 5.16882 -0.102849 -3.02669
vertex 4.19498 -0.198016 -2.98497
vertex 5.16882 -0.205698 -3.01406
endloop
endfacet
facet normal 0.0308317 0.204403 0.978401
outer loop
vertex 4.19498 -0.198016 -2.98497
vertex 4.19498 -0.297024 -2.96429
vertex 5.16882 -0.205698 -3.01406
endloop
endfacet
facet normal 0.0311223 0.201614 0.97897
outer loop
vertex 5.16882 -0.205698 -3.01406
vertex 4.19498 -0.297024 -2.96429
vertex 5.16882 -0.308547 -2.99288
endloop
endfacet
facet normal 0.0314867 0.282796 0.958663
outer loop
vertex 4.19498 -0.297024 -2.96429
vertex 4.19498 -0.396032 -2.93508
vertex 5.16882 -0.308547 -2.99288
endloop
endfacet
facet normal 0.0318835 0.279088 0.959736
outer loop
vertex 5.16882 -0.308547 -2.99288
vertex 4.19498 -0.396032 -2.93508
vertex 5.16882 -0.411396 -2.96297
endloop
endfacet
facet normal 0.0323678 0.358052 0.933141
outer loop
vertex 4.19498 -0.396032 -2.93508
vertex 4.19498 -0.49504 -2.89709
vertex 5.16882 -0.411396 -2.96297
endloop
endfacet
facet normal 0.032864 0.353597 0.93482
outer loop
vertex 5.16882 -0.411396 -2.96297
vertex 4.19498 -0.49504 -2.89709
vertex 5.16882 -0.514245 -2.92406
endloop
endfacet
facet normal 0.0334648 0.429569 0.902414
outer loop
vertex 4.19498 -0.49504 -2.89709
vertex 4.19498 -0.594048 -2.84996
vertex 5.16882 -0.514245 -2.92406
endloop
endfacet
facet normal 0.0340534 0.424562 0.904758
outer loop
vertex 5.16882 -0.514245 -2.92406
vertex 4.19498 -0.594048 -2.84996
vertex 5.16882 -0.617094 -2.8758
endloop
endfacet
facet normal 0.0347666 0.496919 0.8671
outer loop
vertex 4.19498 -0.594048 -2.84996
vertex 4.19498 -0.693056 -2.79322
vertex 5.16882 -0.617094 -2.8758
endloop
endfacet
facet normal 0.0354406 0.491562 0.870121
outer loop
vertex 5.16882 -0.617094 -2.8758
vertex 4.19498 -0.693056 -2.79322
vertex 5.16882 -0.719943 -2.8177
endloop
endfacet
facet normal 0.0362622 0.559841 0.827806
outer loop
vertex 4.19498 -0.693056 -2.79322
vertex 4.19498 -0.792064 -2.72626
vertex 5.16882 -0.719943 -2.8177
endloop
endfacet
facet normal 0.0370149 0.554328 0.831475
outer loop
vertex 5.16882 -0.719943 -2.8177
vertex 4.19498 -0.792064 -2.72626
vertex 5.16882 -0.822792 -2.74913
endloop
endfacet
facet normal 0.0379418 0.618224 0.785086
outer loop
vertex 4.19498 -0.792064 -2.72626
vertex 4.19498 -0.891072 -2.6483
vertex 5.16882 -0.822792 -2.74913
endloop
endfacet
facet normal 0.0387668 0.612735 0.789337
outer loop
vertex 5.16882 -0.822792 -2.74913
vertex 4.19498 -0.891072 -2.6483
vertex 5.16882 -0.925641 -2.66929
endloop
endfacet
facet normal 0.0397972 0.672085 0.739404
outer loop
vertex 4.19498 -0.891072 -2.6483
vertex 4.19498 -0.99008 -2.55831
vertex 5.16882 -0.925641 -2.66929
endloop
endfacet
facet normal 0.0406885 0.666778 0.744145
outer loop
vertex 5.16882 -0.925641 -2.66929
vertex 4.19498 -0.99008 -2.55831
vertex 5.16882 -1.02849 -2.57714
endloop
endfacet
facet normal 0.0418229 0.721541 0.691107
outer loop
vertex 4.19498 -0.99008 -2.55831
vertex 4.19498 -1.08909 -2.45494
vertex 5.16882 -1.02849 -2.57714
endloop
endfacet
facet normal 0.0427755 0.71655 0.696223
outer loop
vertex 5.16882 -1.02849 -2.57714
vertex 4.19498 -1.08909 -2.45494
vertex 5.16882 -1.13134 -2.47129
endloop
endfacet
facet normal 0.0440178 0.766785 0.640393
outer loop
vertex 4.19498 -1.08909 -2.45494
vertex 4.19498 -1.1881 -2.33639
vertex 5.16882 -1.13134 -2.47129
endloop
endfacet
facet normal 0.0450271 0.762215 0.645756
outer loop
vertex 5.16882 -1.13134 -2.47129
vertex 4.19498 -1.1881 -2.33639
vertex 5.16882 -1.23419 -2.34989
endloop
endfacet
facet normal 0.0463862 0.808058 0.587274
outer loop
vertex 4.19498 -1.1881 -2.33639
vertex 4.19498 -1.2871 -2.20016
vertex 5.16882 -1.23419 -2.34989
endloop
endfacet
facet normal 0.0474483 0.803991 0.592745
outer loop
vertex 5.16882 -1.23419 -2.34989
vertex 4.19498 -1.2871 -2.20016
vertex 5.16882 -1.33704 -2.21038
endloop
endfacet
facet normal 0.0489405 0.845631 0.53152
outer loop
vertex 4.19498 -1.2871 -2.20016
vertex 4.19498 -1.38611 -2.04264
vertex 5.16882 -1.33704 -2.21038
endloop
endfacet
facet normal 0.0500525 0.842127 0.536951
outer loop
vertex 5.16882 -1.33704 -2.21038
vertex 4.19498 -1.38611 -2.04264
vertex 5.16882 -1.43989 -2.04908
endloop
endfacet
facet normal 0.0517063 0.879791 0.47254
outer loop
vertex 4.19498 -1.38611 -2.04264
vertex 4.19498 -1.48512 -1.8583
vertex 5.16882 -1.43989 -2.04908
endloop
endfacet
facet normal 0.0528663 0.87689 0.477774
outer loop
vertex 5.16882 -1.43989 -2.04908
vertex 4.19498 -1.48512 -1.8583
vertex 5.16882 -1.54274 -1.86032
endloop
endfacet
facet normal 0.0547327 0.910833 0.40913
outer loop
vertex 4.19498 -1.48512 -1.8583
vertex 4.19498 -1.58413 -1.63789
vertex 5.16882 -1.54274 -1.86032
endloop
endfacet
facet normal 0.0559402 0.908559 0.413994
outer loop
vertex 5.16882 -1.54274 -1.86032
vertex 4.19498 -1.58413 -1.63789
vertex 5.16882 -1.64558 -1.6346
endloop
endfacet
facet normal 0.058119 0.939064 0.338794
outer loop
vertex 4.19498 -1.58413 -1.63789
vertex 4.19498 -1.68314 -1.36346
vertex 5.16882 -1.64558 -1.6346
endloop
endfacet
facet normal 0.0593756 0.937427 0.343081
outer loop
vertex 5.16882 -1.64558 -1.6346
vertex 4.19498 -1.68314 -1.36346
vertex 5.16882 -1.74843 -1.35358
endloop
endfacet
facet normal 0.064673 0.986894 0.147842
outer loop
vertex 4.19498 -1.68314 -1.36346
vertex 4.19498 -1.88115 -0.0416396
vertex 5.16882 -1.74843 -1.35358
endloop
endfacet
facet normal 0.0675109 0.986394 0.149898
outer loop
vertex 5.16882 -1.74843 -1.35358
vertex 4.19498 -1.88115 -0.0416396
vertex 5.16882 -1.95413 3.16499e-16
endloop
endfacet
facet normal 0.0280552 0.985282 -0.168618
outer loop
vertex 5.16882 -1.95413 3.16499e-16
vertex 5.16882 -1.85128 0.600976
vertex 6.21756 -1.98399 3.80716e-16
endloop
endfacet
facet normal 0.0285398 0.985408 -0.1678
outer loop
vertex 6.21756 -1.98399 3.80716e-16
vertex 5.16882 -1.85128 0.600976
vertex 6.21756 -1.87957 0.613212
endloop
endfacet
facet normal 0.0293779 0.917175 -0.397401
outer loop
vertex 5.16882 -1.85128 0.600976
vertex 5.16882 -1.74843 0.838345
vertex 6.21756 -1.87957 0.613212
endloop
endfacet
facet normal 0.0298255 0.917883 -0.395729
outer loop
vertex 6.21756 -1.87957 0.613212
vertex 5.16882 -1.74843 0.838345
vertex 6.21756 -1.77515 0.855413
endloop
endfacet
facet normal 0.0301998 0.860535 -0.508496
outer loop
vertex 5.16882 -1.74843 0.838345
vertex 5.16882 -1.64558 1.0124
vertex 6.21756 -1.77515 0.855413
endloop
endfacet
facet normal 0.0306176 0.861631 -0.50661
outer loop
vertex 6.21756 -1.77515 0.855413
vertex 5.16882 -1.64558 1.0124
vertex 6.21756 -1.67073 1.03301
endloop
endfacet
facet normal 0.0309468 0.805109 -0.59232
outer loop
vertex 5.16882 -1.64558 1.0124
vertex 5.16882 -1.54274 1.15219
vertex 6.21756 -1.67073 1.03301
endloop
endfacet
facet normal 0.0313362 0.806506 -0.590395
outer loop
vertex 6.21756 -1.67073 1.03301
vertex 5.16882 -1.54274 1.15219
vertex 6.21756 -1.56631 1.17565
endloop
endfacet
facet normal 0.0316368 0.750447 -0.660174
outer loop
vertex 5.16882 -1.54274 1.15219
vertex 5.16882 -1.43989 1.26911
vertex 6.21756 -1.56631 1.17565
endloop
endfacet
facet normal 0.0319986 0.752069 -0.658308
outer loop
vertex 6.21756 -1.56631 1.17565
vertex 5.16882 -1.43989 1.26911
vertex 6.21756 -1.46189 1.29495
endloop
endfacet
facet normal 0.0322749 0.696399 -0.716929
outer loop
vertex 5.16882 -1.43989 1.26911
vertex 5.16882 -1.33704 1.36901
vertex 6.21756 -1.46189 1.29495
endloop
endfacet
facet normal 0.0326099 0.698177 -0.715182
outer loop
vertex 6.21756 -1.46189 1.29495
vertex 5.16882 -1.33704 1.36901
vertex 6.21756 -1.35747 1.39688
endloop
endfacet
facet normal 0.0328636 0.642882 -0.76526
outer loop
vertex 5.16882 -1.33704 1.36901
vertex 5.16882 -1.23419 1.45541
vertex 6.21756 -1.35747 1.39688
endloop
endfacet
facet normal 0.0331725 0.644755 -0.763669
outer loop
vertex 6.21756 -1.35747 1.39688
vertex 5.16882 -1.23419 1.45541
vertex 6.21756 -1.25305 1.48505
endloop
endfacet
facet normal 0.0334044 0.589836 -0.806832
outer loop
vertex 5.16882 -1.23419 1.45541
vertex 5.16882 -1.13134 1.5306
vertex 6.21756 -1.25305 1.48505
endloop
endfacet
facet normal 0.0336877 0.591748 -0.805418
outer loop
vertex 6.21756 -1.25305 1.48505
vertex 5.16882 -1.13134 1.5306
vertex 6.21756 -1.14863 1.56176
endloop
endfacet
facet normal 0.0338984 0.537211 -0.842767
outer loop
vertex 5.16882 -1.13134 1.5306
vertex 5.16882 -1.02849 1.59616
vertex 6.21756 -1.14863 1.56176
endloop
endfacet
facet normal 0.0341565 0.539112 -0.841541
outer loop
vertex 6.21756 -1.14863 1.56176
vertex 5.16882 -1.02849 1.59616
vertex 6.21756 -1.04421 1.62866
endloop
endfacet
facet normal 0.0343465 0.48496 -0.873862
outer loop
vertex 5.16882 -1.02849 1.59616
vertex 5.16882 -0.925641 1.65324
vertex 6.21756 -1.04421 1.62866
endloop
endfacet
facet normal 0.0345796 0.486807 -0.872825
outer loop
vertex 6.21756 -1.04421 1.62866
vertex 5.16882 -0.925641 1.65324
vertex 6.21756 -0.939786 1.6869
endloop
endfacet
facet normal 0.0347492 0.433043 -0.900703
outer loop
vertex 5.16882 -0.925641 1.65324
vertex 5.16882 -0.822792 1.70269
vertex 6.21756 -0.939786 1.6869
endloop
endfacet
facet normal 0.0349577 0.434797 -0.89985
outer loop
vertex 6.21756 -0.939786 1.6869
vertex 5.16882 -0.822792 1.70269
vertex 6.21756 -0.835366 1.73735
endloop
endfacet
facet normal 0.0351073 0.381421 -0.923735
outer loop
vertex 5.16882 -0.822792 1.70269
vertex 5.16882 -0.719943 1.74515
vertex 6.21756 -0.835366 1.73735
endloop
endfacet
facet normal 0.0352913 0.383046 -0.923055
outer loop
vertex 6.21756 -0.835366 1.73735
vertex 5.16882 -0.719943 1.74515
vertex 6.21756 -0.730945 1.78068
endloop
endfacet
facet normal 0.0354212 0.330055 -0.943297
outer loop
vertex 5.16882 -0.719943 1.74515
vertex 5.16882 -0.617094 1.78114
vertex 6.21756 -0.730945 1.78068
endloop
endfacet
facet normal 0.0355807 0.331522 -0.942776
outer loop
vertex 6.21756 -0.730945 1.78068
vertex 5.16882 -0.617094 1.78114
vertex 6.21756 -0.626524 1.8174
endloop
endfacet
facet normal 0.0356912 0.278909 -0.959654
outer loop
vertex 5.16882 -0.617094 1.78114
vertex 5.16882 -0.514245 1.81103
vertex 6.21756 -0.626524 1.8174
endloop
endfacet
facet normal 0.0358264 0.280194 -0.959275
outer loop
vertex 6.21756 -0.626524 1.8174
vertex 5.16882 -0.514245 1.81103
vertex 6.21756 -0.522104 1.8479
endloop
endfacet
facet normal 0.0359179 0.227949 -0.97301
outer loop
vertex 5.16882 -0.514245 1.81103
vertex 5.16882 -0.411396 1.83513
vertex 6.21756 -0.522104 1.8479
endloop
endfacet
facet normal 0.0360287 0.229028 -0.972753
outer loop
vertex 6.21756 -0.522104 1.8479
vertex 5.16882 -0.411396 1.83513
vertex 6.21756 -0.417683 1.87249
endloop
endfacet
facet normal 0.0361014 0.177139 -0.983524
outer loop
vertex 5.16882 -0.411396 1.83513
vertex 5.16882 -0.308547 1.85365
vertex 6.21756 -0.417683 1.87249
endloop
endfacet
facet normal 0.0361878 0.177996 -0.983366
outer loop
vertex 6.21756 -0.417683 1.87249
vertex 5.16882 -0.308547 1.85365
vertex 6.21756 -0.313262 1.89139
endloop
endfacet
facet normal 0.0362419 0.126445 -0.991311
outer loop
vertex 5.16882 -0.308547 1.85365
vertex 5.16882 -0.205698 1.86677
vertex 6.21756 -0.313262 1.89139
endloop
endfacet
facet normal 0.0363038 0.127067 -0.99123
outer loop
vertex 6.21756 -0.313262 1.89139
vertex 5.16882 -0.205698 1.86677
vertex 6.21756 -0.208841 1.90478
endloop
endfacet
facet normal 0.0363397 0.0758338 -0.996458
outer loop
vertex 5.16882 -0.205698 1.86677
vertex 5.16882 -0.102849 1.8746
vertex 6.21756 -0.208841 1.90478
endloop
endfacet
facet normal 0.036377 0.0762108 -0.996428
outer loop
vertex 6.21756 -0.208841 1.90478
vertex 5.16882 -0.102849 1.8746
vertex 6.21756 -0.104421 1.91276
endloop
endfacet
facet normal 0.0363949 0.0252724 -0.999018
outer loop
vertex 5.16882 -0.102849 1.8746
vertex 5.16882 -3.16499e-16 1.8772
vertex 6.21756 -0.104421 1.91276
endloop
endfacet
facet normal 0.0364073 0.0253987 -0.999014
outer loop
vertex 6.21756 -0.104421 1.91276
vertex 5.16882 -3.16499e-16 1.8772
vertex 6.21756 -3.80716e-16 1.91542
endloop
endfacet
facet normal 0.0364074 -0.0252724 -0.999017
outer loop
vertex 5.16882 -3.16499e-16 1.8772
vertex 5.16882 0.102849 1.8746
vertex 6.21756 -3.80716e-16 1.91542
endloop
endfacet
facet normal 0.0363949 -0.0253988 -0.999015
outer loop
vertex 6.21756 -3.80716e-16 1.91542
vertex 5.16882 0.102849 1.8746
vertex 6.21756 0.104421 1.91276
endloop
endfacet
facet normal 0.0363774 -0.0758337 -0.996457
outer loop
vertex 5.16882 0.102849 1.8746
vertex 5.16882 0.205698 1.86677
vertex 6.21756 0.104421 1.91276
endloop
endfacet
facet normal 0.0363398 -0.0762109 -0.996429
outer loop
vertex 6.21756 0.104421 1.91276
vertex 5.16882 0.205698 1.86677
vertex 6.21756 0.208841 1.90478
endloop
endfacet
facet normal 0.0363048 -0.126444 -0.991309
outer loop
vertex 5.16882 0.205698 1.86677
vertex 5.16882 0.308547 1.85365
vertex 6.21756 0.208841 1.90478
endloop
endfacet
facet normal 0.0362419 -0.127067 -0.991232
outer loop
vertex 6.21756 0.208841 1.90478
vertex 5.16882 0.308547 1.85365
vertex 6.21756 0.313262 1.89139
endloop
endfacet
facet normal 0.0361895 -0.177138 -0.98352
outer loop
vertex 5.16882 0.308547 1.85365
vertex 5.16882 0.411396 1.83513
vertex 6.21756 0.313262 1.89139
endloop
endfacet
facet normal 0.036101 -0.177997 -0.983369
outer loop
vertex 6.21756 0.313262 1.89139
vertex 5.16882 0.411396 1.83513
vertex 6.21756 0.417683 1.87249
endloop
endfacet
facet normal 0.0360313 -0.227948 -0.973006
outer loop
vertex 5.16882 0.411396 1.83513
vertex 5.16882 0.514245 1.81103
vertex 6.21756 0.417683 1.87249
endloop
endfacet
facet normal 0.0359171 -0.229029 -0.972757
outer loop
vertex 6.21756 0.417683 1.87249
vertex 5.16882 0.514245 1.81103
vertex 6.21756 0.522104 1.8479
endloop
endfacet
facet normal 0.03583 -0.278908 -0.959649
outer loop
vertex 5.16882 0.514245 1.81103
vertex 5.16882 0.617094 1.78114
vertex 6.21756 0.522104 1.8479
endloop
endfacet
facet normal 0.0356898 -0.280195 -0.959279
outer loop
vertex 6.21756 0.522104 1.8479
vertex 5.16882 0.617094 1.78114
vertex 6.21756 0.626524 1.8174
endloop
endfacet
facet normal 0.0355853 -0.330053 -0.943291
outer loop
vertex 5.16882 0.617094 1.78114
vertex 5.16882 0.719943 1.74515
vertex 6.21756 0.626524 1.8174
endloop
endfacet
facet normal 0.0354191 -0.331524 -0.942782
outer loop
vertex 6.21756 0.626524 1.8174
vertex 5.16882 0.719943 1.74515
vertex 6.21756 0.730945 1.78068
endloop
endfacet
facet normal 0.035297 -0.381418 -0.923729
outer loop
vertex 5.16882 0.719943 1.74515
vertex 5.16882 0.822792 1.70269
vertex 6.21756 0.730945 1.78068
endloop
endfacet
facet normal 0.0351045 -0.383049 -0.923061
outer loop
vertex 6.21756 0.730945 1.78068
vertex 5.16882 0.822792 1.70269
vertex 6.21756 0.835366 1.73735
endloop
endfacet
facet normal 0.0349646 -0.43304 -0.900696
outer loop
vertex 5.16882 0.822792 1.70269
vertex 5.16882 0.925641 1.65324
vertex 6.21756 0.835366 1.73735
endloop
endfacet
facet normal 0.0347457 -0.4348 -0.899856
outer loop
vertex 6.21756 0.835366 1.73735
vertex 5.16882 0.925641 1.65324
vertex 6.21756 0.939786 1.6869
endloop
endfacet
facet normal 0.0345877 -0.484956 -0.873854
outer loop
vertex 5.16882 0.925641 1.65324
vertex 5.16882 1.02849 1.59616
vertex 6.21756 0.939786 1.6869
endloop
endfacet
facet normal 0.0343423 -0.486811 -0.872832
outer loop
vertex 6.21756 0.939786 1.6869
vertex 5.16882 1.02849 1.59616
vertex 6.21756 1.04421 1.62866
endloop
endfacet
facet normal 0.0341657 -0.537206 -0.842759
outer loop
vertex 5.16882 1.02849 1.59616
vertex 5.16882 1.13134 1.5306
vertex 6.21756 1.04421 1.62866
endloop
endfacet
facet normal 0.0338937 -0.539117 -0.841549
outer loop
vertex 6.21756 1.04421 1.62866
vertex 5.16882 1.13134 1.5306
vertex 6.21756 1.14863 1.56176
endloop
endfacet
facet normal 0.0336978 -0.589831 -0.806824
outer loop
vertex 5.16882 1.13134 1.5306
vertex 5.16882 1.23419 1.45541
vertex 6.21756 1.14863 1.56176
endloop
endfacet
facet normal 0.0333992 -0.591754 -0.805426
outer loop
vertex 6.21756 1.14863 1.56176
vertex 5.16882 1.23419 1.45541
vertex 6.21756 1.25305 1.48505
endloop
endfacet
facet normal 0.0331834 -0.642876 -0.765252
outer loop
vertex 5.16882 1.23419 1.45541
vertex 5.16882 1.33704 1.36901
vertex 6.21756 1.25305 1.48505
endloop
endfacet
facet normal 0.0328582 -0.644762 -0.763677
outer loop
vertex 6.21756 1.25305 1.48505
vertex 5.16882 1.33704 1.36901
vertex 6.21756 1.35747 1.39688
endloop
endfacet
facet normal 0.0326214 -0.696391 -0.716921
outer loop
vertex 5.16882 1.33704 1.36901
vertex 5.16882 1.43989 1.26911
vertex 6.21756 1.35747 1.39688
endloop
endfacet
facet normal 0.0322695 -0.698185 -0.71519
outer loop
vertex 6.21756 1.35747 1.39688
vertex 5.16882 1.43989 1.26911
vertex 6.21756 1.46189 1.29495
endloop
endfacet
facet normal 0.0320102 -0.750438 -0.660166
outer loop
vertex 5.16882 1.43989 1.26911
vertex 5.16882 1.54274 1.15219
vertex 6.21756 1.46189 1.29495
endloop
endfacet
facet normal 0.0316319 -0.752077 -0.658315
outer loop
vertex 6.21756 1.46189 1.29495
vertex 5.16882 1.54274 1.15219
vertex 6.21756 1.56631 1.17565
endloop
endfacet
facet normal 0.0313474 -0.805098 -0.592312
outer loop
vertex 5.16882 1.54274 1.15219
vertex 5.16882 1.64558 1.0124
vertex 6.21756 1.56631 1.17565
endloop
endfacet
facet normal 0.0309429 -0.806516 -0.590402
outer loop
vertex 6.21756 1.56631 1.17565
vertex 5.16882 1.64558 1.0124
vertex 6.21756 1.67073 1.03301
endloop
endfacet
facet normal 0.030628 -0.860523 -0.508489
outer loop
vertex 5.16882 1.64558 1.0124
vertex 5.16882 1.74843 0.838345
vertex 6.21756 1.67073 1.03301
endloop
endfacet
facet normal 0.0301974 -0.861642 -0.506617
outer loop
vertex 6.21756 1.67073 1.03301
vertex 5.16882 1.74843 0.838345
vertex 6.21756 1.77515 0.855413
endloop
endfacet
facet normal 0.0286097 -0.970796 -0.238196
outer loop
vertex 5.16882 1.74843 0.838345
vertex 5.16882 1.95413 3.16499e-16
vertex 6.21756 1.77515 0.855413
endloop
endfacet
facet normal 0.0276513 -0.971096 -0.237084
outer loop
vertex 6.21756 1.77515 0.855413
vertex 5.16882 1.95413 3.16499e-16
vertex 6.21756 1.98399 3.80716e-16
endloop
endfacet
facet normal 0.0283044 -0.994031 0.105361
outer loop
vertex 5.16882 1.95413 3.16499e-16
vertex 5.16882 1.85128 -0.970327
vertex 6.21756 1.98399 3.80716e-16
endloop
endfacet
facet normal 0.0271621 -0.993933 0.106583
outer loop
vertex 6.21756 1.98399 3.80716e-16
vertex 5.16882 1.85128 -0.970327
vertex 6.21756 1.87957 -0.973772
endloop
endfacet
facet normal 0.0268955 -0.965477 0.259094
outer loop
vertex 5.16882 1.85128 -0.970327
vertex 5.16882 1.74843 -1.35358
vertex 6.21756 1.87957 -0.973772
endloop
endfacet
facet normal 0.025779 -0.964744 0.261924
outer loop
vertex 6.21756 1.87957 -0.973772
vertex 5.16882 1.74843 -1.35358
vertex 6.21756 1.77515 -1.35838
endloop
endfacet
facet normal 0.0254916 -0.938779 0.343575
outer loop
vertex 5.16882 1.74843 -1.35358
vertex 5.16882 1.64558 -1.6346
vertex 6.21756 1.77515 -1.35838
endloop
endfacet
facet normal 0.0244005 -0.937503 0.347119
outer loop
vertex 6.21756 1.77515 -1.35838
vertex 5.16882 1.64558 -1.6346
vertex 6.21756 1.67073 -1.6404
endloop
endfacet
facet normal 0.0241073 -0.90972 0.414523
outer loop
vertex 5.16882 1.64558 -1.6346
vertex 5.16882 1.54274 -1.86032
vertex 6.21756 1.67073 -1.6404
endloop
endfacet
facet normal 0.0230452 -0.907909 0.418534
outer loop
vertex 6.21756 1.67073 -1.6404
vertex 5.16882 1.54274 -1.86032
vertex 6.21756 1.56631 -1.86692
endloop
endfacet
facet normal 0.0227469 -0.877891 0.47832
outer loop
vertex 5.16882 1.54274 -1.86032
vertex 5.16882 1.43989 -2.04908
vertex 6.21756 1.56631 -1.86692
endloop
endfacet
facet normal 0.0217178 -0.875558 0.482625
outer loop
vertex 6.21756 1.56631 -1.86692
vertex 5.16882 1.43989 -2.04908
vertex 6.21756 1.46189 -2.05636
endloop
endfacet
facet normal 0.0214152 -0.842991 0.537502
outer loop
vertex 5.16882 1.43989 -2.04908
vertex 5.16882 1.33704 -2.21038
vertex 6.21756 1.46189 -2.05636
endloop
endfacet
facet normal 0.0204235 -0.840158 0.541958
outer loop
vertex 6.21756 1.46189 -2.05636
vertex 5.16882 1.33704 -2.21038
vertex 6.21756 1.35747 -2.21823
endloop
endfacet
facet normal 0.0201175 -0.804735 0.593293
outer loop
vertex 5.16882 1.33704 -2.21038
vertex 5.16882 1.23419 -2.34989
vertex 6.21756 1.35747 -2.21823
endloop
endfacet
facet normal 0.019168 -0.801439 0.59777
outer loop
vertex 6.21756 1.35747 -2.21823
vertex 5.16882 1.23419 -2.34989
vertex 6.21756 1.25305 -2.35823
endloop
endfacet
facet normal 0.0188601 -0.762854 0.646296
outer loop
vertex 5.16882 1.23419 -2.34989
vertex 5.16882 1.13134 -2.47129
vertex 6.21756 1.25305 -2.35823
endloop
endfacet
facet normal 0.0179579 -0.759145 0.650673
outer loop
vertex 6.21756 1.25305 -2.35823
vertex 5.16882 1.13134 -2.47129
vertex 6.21756 1.14863 -2.48006
endloop
endfacet
facet normal 0.0176502 -0.717095 0.696752
outer loop
vertex 5.16882 1.13134 -2.47129
vertex 5.16882 1.02849 -2.57714
vertex 6.21756 1.14863 -2.48006
endloop
endfacet
facet normal 0.0168008 -0.713045 0.700917
outer loop
vertex 6.21756 1.14863 -2.48006
vertex 5.16882 1.02849 -2.57714
vertex 6.21756 1.04421 -2.58629
endloop
endfacet
facet normal 0.016496 -0.66724 0.74466
outer loop
vertex 5.16882 1.02849 -2.57714
vertex 5.16882 0.925641 -2.66929
vertex 6.21756 1.04421 -2.58629
endloop
endfacet
facet normal 0.0157051 -0.662939 0.748509
outer loop
vertex 6.21756 1.04421 -2.58629
vertex 5.16882 0.925641 -2.66929
vertex 6.21756 0.939786 -2.67877
endloop
endfacet
facet normal 0.0154066 -0.613123 0.789837
outer loop
vertex 5.16882 0.925641 -2.66929
vertex 5.16882 0.822792 -2.74913
vertex 6.21756 0.939786 -2.67877
endloop
endfacet
facet normal 0.01468 -0.60868 0.79328
outer loop
vertex 6.21756 0.939786 -2.67877
vertex 5.16882 0.822792 -2.74913
vertex 6.21756 0.835366 -2.75889
endloop
endfacet
facet normal 0.0143922 -0.554651 0.831959
outer loop
vertex 5.16882 0.822792 -2.74913
vertex 5.16882 0.719943 -2.8177
vertex 6.21756 0.835366 -2.75889
endloop
endfacet
facet normal 0.0137356 -0.550195 0.834923
outer loop
vertex 6.21756 0.835366 -2.75889
vertex 5.16882 0.719943 -2.8177
vertex 6.21756 0.730945 -2.8277
endloop
endfacet
facet normal 0.0134634 -0.491826 0.870589
outer loop
vertex 5.16882 0.719943 -2.8177
vertex 5.16882 0.617094 -2.8758
vertex 6.21756 0.730945 -2.8277
endloop
endfacet
facet normal 0.0128825 -0.487504 0.873026
outer loop
vertex 6.21756 0.730945 -2.8277
vertex 5.16882 0.617094 -2.8758
vertex 6.21756 0.626524 -2.88601
endloop
endfacet
facet normal 0.0126317 -0.424775 0.905211
outer loop
vertex 5.16882 0.617094 -2.8758
vertex 5.16882 0.514245 -2.92406
vertex 6.21756 0.626524 -2.88601
endloop
endfacet
facet normal 0.0121315 -0.420743 0.907099
outer loop
vertex 6.21756 0.626524 -2.88601
vertex 5.16882 0.514245 -2.92406
vertex 6.21756 0.522104 -2.93445
endloop
endfacet
facet normal 0.0119083 -0.353763 0.935259
outer loop
vertex 5.16882 0.514245 -2.92406
vertex 5.16882 0.411396 -2.96297
vertex 6.21756 0.522104 -2.93445
endloop
endfacet
facet normal 0.0114934 -0.350181 0.936612
outer loop
vertex 6.21756 0.522104 -2.93445
vertex 5.16882 0.411396 -2.96297
vertex 6.21756 0.417683 -2.97349
endloop
endfacet
facet normal 0.0113042 -0.279212 0.960163
outer loop
vertex 5.16882 0.411396 -2.96297
vertex 5.16882 0.308547 -2.99288
vertex 6.21756 0.417683 -2.97349
endloop
endfacet
facet normal 0.0109784 -0.276234 0.961028
outer loop
vertex 6.21756 0.417683 -2.97349
vertex 5.16882 0.308547 -2.99288
vertex 6.21756 0.313262 -3.0035
endloop
endfacet
facet normal 0.0108293 -0.2017 0.979387
outer loop
vertex 5.16882 0.308547 -2.99288
vertex 5.16882 0.205698 -3.01406
vertex 6.21756 0.313262 -3.0035
endloop
endfacet
facet normal 0.0105952 -0.199463 0.979848
outer loop
vertex 6.21756 0.313262 -3.0035
vertex 5.16882 0.205698 -3.01406
vertex 6.21756 0.208841 -3.02476
endloop
endfacet
facet normal 0.0104918 -0.121951 0.992481
outer loop
vertex 5.16882 0.205698 -3.01406
vertex 5.16882 0.102849 -3.02669
vertex 6.21756 0.208841 -3.02476
endloop
endfacet
facet normal 0.0103511 -0.120563 0.992652
outer loop
vertex 6.21756 0.208841 -3.02476
vertex 5.16882 0.102849 -3.02669
vertex 6.21756 0.104421 -3.03744
endloop
endfacet
facet normal 0.0102978 -0.0408084 0.999114
outer loop
vertex 5.16882 0.102849 -3.02669
vertex 5.16882 -3.16499e-16 -3.03089
vertex 6.21756 0.104421 -3.03744
endloop
endfacet
facet normal 0.0102511 -0.0403377 0.999134
outer loop
vertex 6.21756 0.104421 -3.03744
vertex 5.16882 -3.16499e-16 -3.03089
vertex 6.21756 -3.80716e-16 -3.04165
endloop
endfacet
facet normal 0.0102509 0.0408084 0.999114
outer loop
vertex 5.16882 -3.16499e-16 -3.03089
vertex 5.16882 -0.102849 -3.02669
vertex 6.21756 -3.80716e-16 -3.04165
endloop
endfacet
facet normal 0.0102973 0.0403376 0.999133
outer loop
vertex 6.21756 -3.80716e-16 -3.04165
vertex 5.16882 -0.102849 -3.02669
vertex 6.21756 -0.104421 -3.03744
endloop
endfacet
facet normal 0.0103515 0.121952 0.992482
outer loop
vertex 5.16882 -0.102849 -3.02669
vertex 5.16882 -0.205698 -3.01406
vertex 6.21756 -0.104421 -3.03744
endloop
endfacet
facet normal 0.0104893 0.120563 0.99265
outer loop
vertex 6.21756 -0.104421 -3.03744
vertex 5.16882 -0.205698 -3.01406
vertex 6.21756 -0.208841 -3.02476
endloop
endfacet
facet normal 0.0105972 0.201701 0.97939
outer loop
vertex 5.16882 -0.205698 -3.01406
vertex 5.16882 -0.308547 -2.99288
vertex 6.21756 -0.208841 -3.02476
endloop
endfacet
facet normal 0.0108239 0.199463 0.979846
outer loop
vertex 6.21756 -0.208841 -3.02476
vertex 5.16882 -0.308547 -2.99288
vertex 6.21756 -0.313262 -3.0035
endloop
endfacet
facet normal 0.010983 0.279213 0.960166
outer loop
vertex 5.16882 -0.308547 -2.99288
vertex 5.16882 -0.411396 -2.96297
vertex 6.21756 -0.313262 -3.0035
endloop
endfacet
facet normal 0.011295 0.276233 0.961024
outer loop
vertex 6.21756 -0.313262 -3.0035
vertex 5.16882 -0.411396 -2.96297
vertex 6.21756 -0.417683 -2.97349
endloop
endfacet
facet normal 0.0115014 0.353765 0.935264
outer loop
vertex 5.16882 -0.411396 -2.96297
vertex 5.16882 -0.514245 -2.92406
vertex 6.21756 -0.417683 -2.97349
endloop
endfacet
facet normal 0.0118948 0.350179 0.936607
outer loop
vertex 6.21756 -0.417683 -2.97349
vertex 5.16882 -0.514245 -2.92406
vertex 6.21756 -0.522104 -2.93445
endloop
endfacet
facet normal 0.0121431 0.424778 0.905216
outer loop
vertex 5.16882 -0.514245 -2.92406
vertex 5.16882 -0.617094 -2.8758
vertex 6.21756 -0.522104 -2.93445
endloop
endfacet
facet normal 0.0126138 0.42074 0.907094
outer loop
vertex 6.21756 -0.522104 -2.93445
vertex 5.16882 -0.617094 -2.8758
vertex 6.21756 -0.626524 -2.88601
endloop
endfacet
facet normal 0.0128977 0.49183 0.870596
outer loop
vertex 5.16882 -0.617094 -2.8758
vertex 5.16882 -0.719943 -2.8177
vertex 6.21756 -0.626524 -2.88601
endloop
endfacet
facet normal 0.0134412 0.4875 0.873019
outer loop
vertex 6.21756 -0.626524 -2.88601
vertex 5.16882 -0.719943 -2.8177
vertex 6.21756 -0.730945 -2.8277
endloop
endfacet
facet normal 0.0137542 0.554656 0.831966
outer loop
vertex 5.16882 -0.719943 -2.8177
vertex 5.16882 -0.822792 -2.74913
vertex 6.21756 -0.730945 -2.8277
endloop
endfacet
facet normal 0.0143662 0.55019 0.834916
outer loop
vertex 6.21756 -0.730945 -2.8277
vertex 5.16882 -0.822792 -2.74913
vertex 6.21756 -0.835366 -2.75889
endloop
endfacet
facet normal 0.0147014 0.61313 0.789845
outer loop
vertex 5.16882 -0.822792 -2.74913
vertex 5.16882 -0.925641 -2.66929
vertex 6.21756 -0.835366 -2.75889
endloop
endfacet
facet normal 0.0153776 0.608674 0.793271
outer loop
vertex 6.21756 -0.835366 -2.75889
vertex 5.16882 -0.925641 -2.66929
vertex 6.21756 -0.939786 -2.67877
endloop
endfacet
facet normal 0.0157285 0.667248 0.744669
outer loop
vertex 5.16882 -0.925641 -2.66929
vertex 5.16882 -1.02849 -2.57714
vertex 6.21756 -0.939786 -2.67877
endloop
endfacet
facet normal 0.0164649 0.662931 0.7485
outer loop
vertex 6.21756 -0.939786 -2.67877
vertex 5.16882 -1.02849 -2.57714
vertex 6.21756 -1.04421 -2.58629
endloop
endfacet
facet normal 0.0168254 0.717105 0.696762
outer loop
vertex 5.16882 -1.02849 -2.57714
vertex 5.16882 -1.13134 -2.47129
vertex 6.21756 -1.04421 -2.58629
endloop
endfacet
facet normal 0.017618 0.713035 0.700907
outer loop
vertex 6.21756 -1.04421 -2.58629
vertex 5.16882 -1.13134 -2.47129
vertex 6.21756 -1.14863 -2.48006
endloop
endfacet
facet normal 0.0179827 0.762866 0.646307
outer loop
vertex 5.16882 -1.13134 -2.47129
vertex 5.16882 -1.23419 -2.34989
vertex 6.21756 -1.14863 -2.48006
endloop
endfacet
facet normal 0.0188279 0.759133 0.650663
outer loop
vertex 6.21756 -1.14863 -2.48006
vertex 5.16882 -1.23419 -2.34989
vertex 6.21756 -1.25305 -2.35823
endloop
endfacet
facet normal 0.019192 0.80475 0.593304
outer loop
vertex 5.16882 -1.23419 -2.34989
vertex 5.16882 -1.33704 -2.21038
vertex 6.21756 -1.25305 -2.35823
endloop
endfacet
facet normal 0.0200864 0.801424 0.597759
outer loop
vertex 6.21756 -1.25305 -2.35823
vertex 5.16882 -1.33704 -2.21038
vertex 6.21756 -1.35747 -2.21823
endloop
endfacet
facet normal 0.0204457 0.843008 0.537513
outer loop
vertex 5.16882 -1.33704 -2.21038
vertex 5.16882 -1.43989 -2.04908
vertex 6.21756 -1.35747 -2.21823
endloop
endfacet
facet normal 0.0213862 0.840141 0.541947
outer loop
vertex 6.21756 -1.35747 -2.21823
vertex 5.16882 -1.43989 -2.04908
vertex 6.21756 -1.46189 -2.05636
endloop
endfacet
facet normal 0.0217374 0.877911 0.47833
outer loop
vertex 5.16882 -1.43989 -2.04908
vertex 5.16882 -1.54274 -1.86032
vertex 6.21756 -1.46189 -2.05636
endloop
endfacet
facet normal 0.0227211 0.875538 0.482614
outer loop
vertex 6.21756 -1.46189 -2.05636
vertex 5.16882 -1.54274 -1.86032
vertex 6.21756 -1.56631 -1.86692
endloop
endfacet
facet normal 0.0230612 0.909742 0.414533
outer loop
vertex 5.16882 -1.54274 -1.86032
vertex 5.16882 -1.64558 -1.6346
vertex 6.21756 -1.56631 -1.86692
endloop
endfacet
facet normal 0.0240855 0.907887 0.418523
outer loop
vertex 6.21756 -1.56631 -1.86692
vertex 5.16882 -1.64558 -1.6346
vertex 6.21756 -1.67073 -1.6404
endloop
endfacet
facet normal 0.0244122 0.938804 0.343584
outer loop
vertex 5.16882 -1.64558 -1.6346
vertex 5.16882 -1.74843 -1.35358
vertex 6.21756 -1.67073 -1.6404
endloop
endfacet
facet normal 0.0254746 0.937478 0.34711
outer loop
vertex 6.21756 -1.67073 -1.6404
vertex 5.16882 -1.74843 -1.35358
vertex 6.21756 -1.77515 -1.35838
endloop
endfacet
facet normal 0.0258676 0.988319 0.150191
outer loop
vertex 5.16882 -1.74843 -1.35358
vertex 5.16882 -1.95413 3.16499e-16
vertex 6.21756 -1.77515 -1.35838
endloop
endfacet
facet normal 0.0281325 0.987996 0.151897
outer loop
vertex 6.21756 -1.77515 -1.35838
vertex 5.16882 -1.95413 3.16499e-16
vertex 6.21756 -1.98399 3.80716e-16
endloop
endfacet
facet normal 1 0 0
outer loop
vertex 6.21756 -1.98399 3.80716e-16
vertex 6.21756 -1.87957 0.613212
vertex 6.21756 -1.98399 3.80716e-16
endloop
endfacet
facet normal 1 0 0
outer loop
vertex 6.21756 -1.98399 3.80716e-16
vertex 6.21756 -1.87957 0.613212
vertex 6.21756 -1.87957 0.613212
endloop
endfacet
facet normal 1 0 0
outer loop
vertex 6.21756 -1.87957 0.613212
vertex 6.21756 -1.77515 0.855413
vertex 6.21756 -1.87957 0.613212
endloop
endfacet
facet normal 1 0 0
outer loop
vertex 6.21756 -1.87957 0.613212
vertex 6.21756 -1.77515 0.855413
vertex 6.21756 -1.77515 0.855413
endloop
endfacet
facet normal 1 0 0
outer loop
vertex 6.21756 -1.77515 0.855413
vertex 6.21756 -1.67073 1.03301
vertex 6.21756 -1.77515 0.855413
endloop
endfacet
facet normal 1 0 0
outer loop
vertex 6.21756 -1.77515 0.855413
vertex 6.21756 -1.67073 1.03301
vertex 6.21756 -1.67073 1.03301
endloop
endfacet
facet normal 1 0 0
outer loop
vertex 6.21756 -1.67073 1.03301
vertex 6.21756 -1.56631 1.17565
vertex 6.21756 -1.67073 1.03301
endloop
endfacet
facet normal 1 0 0
outer loop
vertex 6.21756 -1.67073 1.03301
vertex 6.21756 -1.56631 1.17565
vertex 6.21756 -1.56631 1.17565
endloop
endfacet
facet normal 1 0 0
outer loop
vertex 6.21756 -1.56631 1.17565
vertex 6.21756 -1.46189 1.29495
vertex 6.21756 -1.56631 1.17565
endloop
endfacet
facet normal 1 0 0
outer loop
vertex 6.21756 -1.56631 1.17565
vertex 6.21756 -1.46189 1.29495
vertex 6.21756 -1.46189 1.29495
endloop
endfacet
facet normal 1 0 0
outer loop
vertex 6.21756 -1.46189 1.29495
vertex 6.21756 -1.35747 1.39688
vertex 6.21756 -1.46189 1.29495
endloop
endfacet
facet normal 1 0 0
outer loop
vertex 6.21756 -1.46189 1.29495
vertex 6.21756 -1.35747 1.39688
vertex 6.21756 -1.35747 1.39688
endloop
endfacet
facet normal 1 0 0
outer loop
vertex 6.21756 -1.35747 1.39688
vertex 6.21756 -1.25305 1.48505
vertex 6.21756 -1.35747 1.39688
endloop
endfacet
facet normal 1 0 0
outer loop
vertex 6.21756 -1.35747 1.39688
vertex 6.21756 -1.25305 1.48505
vertex 6.21756 -1.25305 1.48505
endloop
endfacet
facet normal 1 0 0
outer loop
vertex 6.21756 -1.25305 1.48505
vertex 6.21756 -1.14863 1.56176
vertex 6.21756 -1.25305 1.48505
endloop
endfacet
facet normal 1 0 0
outer loop
vertex 6.21756 -1.25305 1.48505
vertex 6.21756 -1.14863 1.56176
vertex 6.21756 -1.14863 1.56176
endloop
endfacet
facet normal 1 0 0
outer loop
vertex 6.21756 -1.14863 1.56176
vertex 6.21756 -1.04421 1.62866
vertex 6.21756 -1.14863 1.56176
endloop
endfacet
facet normal 1 0 0
outer loop
vertex 6.21756 -1.14863 1.56176
vertex 6.21756 -1.04421 1.62866
vertex 6.21756 -1.04421 1.62866
endloop
endfacet
facet normal 1 0 0
outer loop
vertex 6.21756 -1.04421 1.62866
vertex 6.21756 -0.939786 1.6869
vertex 6.21756 -1.04421 1.62866
endloop
endfacet
facet normal 1 0 0
outer loop
vertex 6.21756 -1.04421 1.62866
vertex 6.21756 -0.939786 1.6869
vertex 6.21756 -0.939786 1.6869
endloop
endfacet
facet normal 1 0 0
outer loop
vertex 6.21756 -0.939786 1.6869
vertex 6.21756 -0.835366 1.73735
vertex 6.21756 -0.939786 1.6869
endloop
endfacet
facet normal 1 0 0
outer loop
vertex 6.21756 -0.939786 1.6869
vertex 6.21756 -0.835366 1.73735
vertex 6.21756 -0.835366 1.73735
endloop
endfacet
facet normal 1 0 0
outer loop
vertex 6.21756 -0.835366 1.73735
vertex 6.21756 -0.730945 1.78068
vertex 6.21756 -0.835366 1.73735
endloop
endfacet
facet normal 1 0 0
outer loop
vertex 6.21756 -0.835366 1.73735
vertex 6.21756 -0.730945 1.78068
vertex 6.21756 -0.730945 1.78068
endloop
endfacet
facet normal 1 0 0
outer loop
vertex 6.21756 -0.730945 1.78068
vertex 6.21756 -0.626524 1.8174
vertex 6.21756 -0.730945 1.78068
endloop
endfacet
facet normal 1 0 0
outer loop
vertex 6.21756 -0.730945 1.78068
vertex 6.21756 -0.626524 1.8174
vertex 6.21756 -0.626524 1.8174
endloop
endfacet
facet normal 1 0 0
outer loop
vertex 6.21756 -0.626524 1.8174
vertex 6.21756 -0.522104 1.8479
vertex 6.21756 -0.626524 1.8174
endloop
endfacet
facet normal 1 0 0
outer loop
vertex 6.21756 -0.626524 1.8174
vertex 6.21756 -0.522104 1.8479
vertex 6.21756 -0.522104 1.8479
endloop
endfacet
facet normal 1 0 0
outer loop
vertex 6.21756 -0.522104 1.8479
vertex 6.21756 -0.417683 1.87249
vertex 6.21756 -0.522104 1.8479
endloop
endfacet
facet normal 1 0 0
outer loop
vertex 6.21756 -0.522104 1.8479
vertex 6.21756 -0.417683 1.87249
vertex 6.21756 -0.417683 1.87249
endloop
endfacet
facet normal 1 0 0
outer loop
vertex 6.21756 -0.417683 1.87249
vertex 6.21756 -0.313262 1.89139
vertex 6.21756 -0.417683 1.87249
endloop
endfacet
facet normal 1 0 0
outer loop
vertex 6.21756 -0.417683 1.87249
vertex 6.21756 -0.313262 1.89139
vertex 6.21756 -0.313262 1.89139
endloop
endfacet
facet normal 1 0 0
outer loop
vertex 6.21756 -0.313262 1.89139
vertex 6.21756 -0.208841 1.90478
vertex 6.21756 -0.313262 1.89139
endloop
endfacet
facet normal 1 0 0
outer loop
vertex 6.21756 -0.313262 1.89139
vertex 6.21756 -0.208841 1.90478
vertex 6.21756 -0.208841 1.90478
endloop
endfacet
facet normal 1 0 0
outer loop
vertex 6.21756 -0.208841 1.90478
vertex 6.21756 -0.104421 1.91276
vertex 6.21756 -0.208841 1.90478
endloop
endfacet
facet normal 1 0 0
outer loop
vertex 6.21756 -0.208841 1.90478
vertex 6.21756 -0.104421 1.91276
vertex 6.21756 -0.104421 1.91276
endloop
endfacet
facet normal 1 0 0
outer loop
vertex 6.21756 -0.104421 1.91276
vertex 6.21756 -3.80716e-16 1.91542
vertex 6.21756 -0.104421 1.91276
endloop
endfacet
facet normal 1 0 0
outer loop
vertex 6.21756 -0.104421 1.91276
vertex 6.21756 -3.80716e-16 1.91542
vertex 6.21756 -3.80716e-16 1.91542
endloop
endfacet
facet normal 1 0 0
outer loop
vertex 6.21756 -3.80716e-16 1.91542
vertex 6.21756 0.104421 1.91276
vertex 6.21756 -3.80716e-16 1.91542
endloop
endfacet
facet normal 1 0 0
outer loop
vertex 6.21756 -3.80716e-16 1.91542
vertex 6.21756 0.104421 1.91276
vertex 6.21756 0.104421 1.91276
endloop
endfacet
facet normal 1 0 0
outer loop
vertex 6.21756 0.104421 1.91276
vertex 6.21756 0.208841 1.90478
vertex 6.21756 0.104421 1.91276
endloop
endfacet
facet normal 1 0 0
outer loop
vertex 6.21756 0.104421 1.91276
vertex 6.21756 0.208841 1.90478
vertex 6.21756 0.208841 1.90478
endloop
endfacet
facet normal 1 0 0
outer loop
vertex 6.21756 0.208841 1.90478
vertex 6.21756 0.313262 1.89139
vertex 6.21756 0.208841 1.90478
endloop
endfacet
facet normal 1 0 0
outer loop
vertex 6.21756 0.208841 1.90478
vertex 6.21756 0.313262 1.89139
vertex 6.21756 0.313262 1.89139
endloop
endfacet
facet normal 1 0 0
outer loop
vertex 6.21756 0.313262 1.89139
vertex 6.21756 0.417683 1.87249
vertex 6.21756 0.313262 1.89139
endloop
endfacet
facet normal 1 0 0
outer loop
vertex 6.21756 0.313262 1.89139
vertex 6.21756 0.417683 1.87249
vertex 6.21756 0.417683 1.87249
endloop
endfacet
facet normal 1 0 0
outer loop
vertex 6.21756 0.417683 1.87249
vertex 6.21756 0.522104 1.8479
vertex 6.21756 0.417683 1.87249
endloop
endfacet
facet normal 1 0 0
outer loop
vertex 6.21756 0.417683 1.87249
vertex 6.21756 0.522104 1.8479
vertex 6.21756 0.522104 1.8479
endloop
endfacet
facet normal 1 0 0
outer loop
vertex 6.21756 0.522104 1.8479
vertex 6.21756 0.626524 1.8174
vertex 6.21756 0.522104 1.8479
endloop
endfacet
facet normal 1 0 0
outer loop
vertex 6.21756 0.522104 1.8479
vertex 6.21756 0.626524 1.8174
vertex 6.21756 0.626524 1.8174
endloop
endfacet
facet normal 1 0 0
outer loop
vertex 6.21756 0.626524 1.8174
vertex 6.21756 0.730945 1.78068
vertex 6.21756 0.626524 1.8174
endloop
endfacet
facet normal 1 0 0
outer loop
vertex 6.21756 0.626524 1.8174
vertex 6.21756 0.730945 1.78068
vertex 6.21756 0.730945 1.78068
endloop
endfacet
facet normal 1 0 0
outer loop
vertex 6.21756 0.730945 1.78068
vertex 6.21756 0.835366 1.73735
vertex 6.21756 0.730945 1.78068
endloop
endfacet
facet normal 1 0 0
outer loop
vertex 6.21756 0.730945 1.78068
vertex 6.21756 0.835366 1.73735
vertex 6.21756 0.835366 1.73735
endloop
endfacet
facet normal 1 0 0
outer loop
vertex 6.21756 0.835366 1.73735
vertex 6.21756 0.939786 1.6869
vertex 6.21756 0.835366 1.73735
endloop
endfacet
facet normal 1 0 0
outer loop
vertex 6.21756 0.835366 1.73735
vertex 6.21756 0.939786 1.6869
vertex 6.21756 0.939786 1.6869
endloop
endfacet
facet normal 1 0 0
outer loop
vertex 6.21756 0.939786 1.6869
vertex 6.21756 1.04421 1.62866
vertex 6.21756 0.939786 1.6869
endloop
endfacet
facet normal 1 0 0
outer loop
vertex 6.21756 0.939786 1.6869
vertex 6.21756 1.04421 1.62866
vertex 6.21756 1.04421 1.62866
endloop
endfacet
facet normal 1 0 0
outer loop
vertex 6.21756 1.04421 1.62866
vertex 6.21756 1.14863 1.56176
vertex 6.21756 1.04421 1.62866
endloop
endfacet
facet normal 1 0 0
outer loop
vertex 6.21756 1.04421 1.62866
vertex 6.21756 1.14863 1.56176
vertex 6.21756 1.14863 1.56176
endloop
endfacet
facet normal 1 0 0
outer loop
vertex 6.21756 1.14863 1.56176
vertex 6.21756 1.25305 1.48505
vertex 6.21756 1.14863 1.56176
endloop
endfacet
facet normal 1 0 0
outer loop
vertex 6.21756 1.14863 1.56176
vertex 6.21756 1.25305 1.48505
vertex 6.21756 1.25305 1.48505
endloop
endfacet
facet normal 1 0 0
outer loop
vertex 6.21756 1.25305 1.48505
vertex 6.21756 1.35747 1.39688
vertex 6.21756 1.25305 1.48505
endloop
endfacet
facet normal 1 0 0
outer loop
vertex 6.21756 1.25305 1.48505
vertex 6.21756 1.35747 1.39688
vertex 6.21756 1.35747 1.39688
endloop
endfacet
facet normal 1 0 0
outer loop
vertex 6.21756 1.35747 1.39688
vertex 6.21756 1.46189 1.29495
vertex 6.21756 1.35747 1.39688
endloop
endfacet
facet normal 1 0 0
outer loop
vertex 6.21756 1.35747 1.39688
vertex 6.21756 1.46189 1.29495
vertex 6.21756 1.46189 1.29495
endloop
endfacet
facet normal 1 0 0
outer loop
vertex 6.21756 1.46189 1.29495
vertex 6.21756 1.56631 1.17565
vertex 6.21756 1.46189 1.29495
endloop
endfacet
facet normal 1 0 0
outer loop
vertex 6.21756 1.46189 1.29495
vertex 6.21756 1.56631 1.17565
vertex 6.21756 1.56631 1.17565
endloop
endfacet
facet normal 1 0 0
outer loop
vertex 6.21756 1.56631 1.17565
vertex 6.21756 1.67073 1.03301
vertex 6.21756 1.56631 1.17565
endloop
endfacet
facet normal 1 0 0
outer loop
vertex 6.21756 1.56631 1.17565
vertex 6.21756 1.67073 1.03301
vertex 6.21756 1.67073 1.03301
endloop
endfacet
facet normal 1 0 0
outer loop
vertex 6.21756 1.67073 1.03301
vertex 6.21756 1.77515 0.855413
vertex 6.21756 1.67073 1.03301
endloop
endfacet
facet normal 1 0 0
outer loop
vertex 6.21756 1.67073 1.03301
vertex 6.21756 1.77515 0.855413
vertex 6.21756 1.77515 0.855413
endloop
endfacet
facet normal 1 0 0
outer loop
vertex 6.21756 1.77515 0.855413
vertex 6.21756 1.98399 3.80716e-16
vertex 6.21756 1.77515 0.855413
endloop
endfacet
facet normal 1 0 0
outer loop
vertex 6.21756 1.77515 0.855413
vertex 6.21756 1.98399 3.80716e-16
vertex 6.21756 1.98399 3.80716e-16
endloop
endfacet
facet normal 1 0 0
outer loop
vertex 6.21756 1.98399 3.80716e-16
vertex 6.21756 1.87957 -0.973772
vertex 6.21756 1.98399 3.80716e-16
endloop
endfacet
facet normal 1 0 0
outer loop
vertex 6.21756 1.98399 3.80716e-16
vertex 6.21756 1.87957 -0.973772
vertex 6.21756 1.87957 -0.973772
endloop
endfacet
facet normal 1 0 0
outer loop
vertex 6.21756 1.87957 -0.973772
vertex 6.21756 1.77515 -1.35838
vertex 6.21756 1.87957 -0.973772
endloop
endfacet
facet normal 1 0 0
outer loop
vertex 6.21756 1.87957 -0.973772
vertex 6.21756 1.77515 -1.35838
vertex 6.21756 1.77515 -1.35838
endloop
endfacet
facet normal 1 0 0
outer loop
vertex 6.21756 1.77515 -1.35838
vertex 6.21756 1.67073 -1.6404
vertex 6.21756 1.77515 -1.35838
endloop
endfacet
facet normal 1 0 0
outer loop
vertex 6.21756 1.77515 -1.35838
vertex 6.21756 1.67073 -1.6404
vertex 6.21756 1.67073 -1.6404
endloop
endfacet
facet normal 1 0 0
outer loop
vertex 6.21756 1.67073 -1.6404
vertex 6.21756 1.56631 -1.86692
vertex 6.21756 1.67073 -1.6404
endloop
endfacet
facet normal 1 0 0
outer loop
vertex 6.21756 1.67073 -1.6404
vertex 6.21756 1.56631 -1.86692
vertex 6.21756 1.56631 -1.86692
endloop
endfacet
facet normal 1 0 0
outer loop
vertex 6.21756 1.56631 -1.86692
vertex 6.21756 1.46189 -2.05636
vertex 6.21756 1.56631 -1.86692
endloop
endfacet
facet normal 1 0 0
outer loop
vertex 6.21756 1.56631 -1.86692
vertex 6.21756 1.46189 -2.05636
vertex 6.21756 1.46189 -2.05636
endloop
endfacet
facet normal 1 0 0
outer loop
vertex 6.21756 1.46189 -2.05636
vertex 6.21756 1.35747 -2.21823
vertex 6.21756 1.46189 -2.05636
endloop
endfacet
facet normal 1 0 0
outer loop
vertex 6.21756 1.46189 -2.05636
vertex 6.21756 1.35747 -2.21823
vertex 6.21756 1.35747 -2.21823
endloop
endfacet
facet normal 1 0 0
outer loop
vertex 6.21756 1.35747 -2.21823
vertex 6.21756 1.25305 -2.35823
vertex 6.21756 1.35747 -2.21823
endloop
endfacet
facet normal 1 0 0
outer loop
vertex 6.21756 1.35747 -2.21823
vertex 6.21756 1.25305 -2.35823
vertex 6.21756 1.25305 -2.35823
endloop
endfacet
facet normal 1 0 0
outer loop
vertex 6.21756 1.25305 -2.35823
vertex 6.21756 1.14863 -2.48006
vertex 6.21756 1.25305 -2.35823
endloop
endfacet
facet normal 1 0 0
outer loop
vertex 6.21756 1.25305 -2.35823
vertex 6.21756 1.14863 -2.48006
vertex 6.21756 1.14863 -2.48006
endloop
endfacet
facet normal 1 0 0
outer loop
vertex 6.21756 1.14863 -2.48006
vertex 6.21756 1.04421 -2.58629
vertex 6.21756 1.14863 -2.48006
endloop
endfacet
facet normal 1 0 0
outer loop
vertex 6.21756 1.14863 -2.48006
vertex 6.21756 1.04421 -2.58629
vertex 6.21756 1.04421 -2.58629
endloop
endfacet
facet normal 1 0 0
outer loop
vertex 6.21756 1.04421 -2.58629
vertex 6.21756 0.939786 -2.67877
vertex 6.21756 1.04421 -2.58629
endloop
endfacet
facet normal 1 0 0
outer loop
vertex 6.21756 1.04421 -2.58629
vertex 6.21756 0.939786 -2.67877
vertex 6.21756 0.939786 -2.67877
endloop
endfacet
facet normal 1 0 0
outer loop
vertex 6.21756 0.939786 -2.67877
vertex 6.21756 0.835366 -2.75889
vertex 6.21756 0.939786 -2.67877
endloop
endfacet
facet normal 1 0 0
outer loop
vertex 6.21756 0.939786 -2.67877
vertex 6.21756 0.835366 -2.75889
vertex 6.21756 0.835366 -2.75889
endloop
endfacet
facet normal 1 0 0
outer loop
vertex 6.21756 0.835366 -2.75889
vertex 6.21756 0.730945 -2.8277
vertex 6.21756 0.835366 -2.75889
endloop
endfacet
facet normal 1 0 0
outer loop
vertex 6.21756 0.835366 -2.75889
vertex 6.21756 0.730945 -2.8277
vertex 6.21756 0.730945 -2.8277
endloop
endfacet
facet normal 1 0 0
outer loop
vertex 6.21756 0.730945 -2.8277
vertex 6.21756 0.626524 -2.88601
vertex 6.21756 0.730945 -2.8277
endloop
endfacet
facet normal 1 0 0
outer loop
vertex 6.21756 0.730945 -2.8277
vertex 6.21756 0.626524 -2.88601
vertex 6.21756 0.626524 -2.88601
endloop
endfacet
facet normal 1 0 0
outer loop
vertex 6.21756 0.626524 -2.88601
vertex 6.21756 0.522104 -2.93445
vertex 6.21756 0.626524 -2.88601
endloop
endfacet
facet normal 1 0 0
outer loop
vertex 6.21756 0.626524 -2.88601
vertex 6.21756 0.522104 -2.93445
vertex 6.21756 0.522104 -2.93445
endloop
endfacet
facet normal 1 0 0
outer loop
vertex 6.21756 0.522104 -2.93445
vertex 6.21756 0.417683 -2.97349
vertex 6.21756 0.522104 -2.93445
endloop
endfacet
facet normal 1 0 0
outer loop
vertex 6.21756 0.522104 -2.93445
vertex 6.21756 0.417683 -2.97349
vertex 6.21756 0.417683 -2.97349
endloop
endfacet
facet normal 1 0 0
outer loop
vertex 6.21756 0.417683 -2.97349
vertex 6.21756 0.313262 -3.0035
vertex 6.21756 0.417683 -2.97349
endloop
endfacet
facet normal 1 0 0
outer loop
vertex 6.21756 0.417683 -2.97349
vertex 6.21756 0.313262 -3.0035
vertex 6.21756 0.313262 -3.0035
endloop
endfacet
facet normal 1 0 0
outer loop
vertex 6.21756 0.313262 -3.0035
vertex 6.21756 0.208841 -3.02476
vertex 6.21756 0.313262 -3.0035
endloop
endfacet
facet normal 1 0 0
outer loop
vertex 6.21756 0.313262 -3.0035
vertex 6.21756 0.208841 -3.02476
vertex 6.21756 0.208841 -3.02476
endloop
endfacet
facet normal 1 0 0
outer loop
vertex 6.21756 0.208841 -3.02476
vertex 6.21756 0.104421 -3.03744
vertex 6.21756 0.208841 -3.02476
endloop
endfacet
facet normal 1 0 0
outer loop
vertex 6.21756 0.208841 -3.02476
vertex 6.21756 0.104421 -3.03744
vertex 6.21756 0.104421 -3.03744
endloop
endfacet
facet normal 1 0 0
outer loop
vertex 6.21756 0.104421 -3.03744
vertex 6.21756 -3.80716e-16 -3.04165
vertex 6.21756 0.104421 -3.03744
endloop
endfacet
facet normal 1 0 0
outer loop
vertex 6.21756 0.104421 -3.03744
vertex 6.21756 -3.80716e-16 -3.04165
vertex 6.21756 -3.80716e-16 -3.04165
endloop
endfacet
facet normal 1 0 0
outer loop
vertex 6.21756 -3.80716e-16 -3.04165
vertex 6.21756 -0.104421 -3.03744
vertex 6.21756 -3.80716e-16 -3.04165
endloop
endfacet
facet normal 1 0 0
outer loop
vertex 6.21756 -3.80716e-16 -3.04165
vertex 6.21756 -0.104421 -3.03744
vertex 6.21756 -0.104421 -3.03744
endloop
endfacet
facet normal 1 0 0
outer loop
vertex 6.21756 -0.104421 -3.03744
vertex 6.21756 -0.208841 -3.02476
vertex 6.21756 -0.104421 -3.03744
endloop
endfacet
facet normal 1 0 0
outer loop
vertex 6.21756 -0.104421 -3.03744
vertex 6.21756 -0.208841 -3.02476
vertex 6.21756 -0.208841 -3.02476
endloop
endfacet
facet normal 1 0 0
outer loop
vertex 6.21756 -0.208841 -3.02476
vertex 6.21756 -0.313262 -3.0035
vertex 6.21756 -0.208841 -3.02476
endloop
endfacet
facet normal 1 0 0
outer loop
vertex 6.21756 -0.208841 -3.02476
vertex 6.21756 -0.313262 -3.0035
vertex 6.21756 -0.313262 -3.0035
endloop
endfacet
facet normal 1 0 0
outer loop
vertex 6.21756 -0.313262 -3.0035
vertex 6.21756 -0.417683 -2.97349
vertex 6.21756 -0.313262 -3.0035
endloop
endfacet
facet normal 1 0 0
outer loop
vertex 6.21756 -0.313262 -3.0035
vertex 6.21756 -0.417683 -2.97349
vertex 6.21756 -0.417683 -2.97349
endloop
endfacet
facet normal 1 0 0
outer loop
vertex 6.21756 -0.417683 -2.97349
vertex 6.21756 -0.522104 -2.93445
vertex 6.21756 -0.417683 -2.97349
endloop
endfacet
facet normal 1 0 0
outer loop
vertex 6.21756 -0.417683 -2.97349
vertex 6.21756 -0.522104 -2.93445
vertex 6.21756 -0.522104 -2.93445
endloop
endfacet
facet normal 1 0 0
outer loop
vertex 6.21756 -0.522104 -2.93445
vertex 6.21756 -0.626524 -2.88601
vertex 6.21756 -0.522104 -2.93445
endloop
endfacet
facet normal 1 0 0
outer loop
vertex 6.21756 -0.522104 -2.93445
vertex 6.21756 -0.626524 -2.88601
vertex 6.21756 -0.626524 -2.88601
endloop
endfacet
facet normal 1 0 0
outer loop
vertex 6.21756 -0.626524 -2.88601
vertex 6.21756 -0.730945 -2.8277
vertex 6.21756 -0.626524 -2.88601
endloop
endfacet
facet normal 1 0 0
outer loop
vertex 6.21756 -0.626524 -2.88601
vertex 6.21756 -0.730945 -2.8277
vertex 6.21756 -0.730945 -2.8277
endloop
endfacet
facet normal 1 0 0
outer loop
vertex 6.21756 -0.730945 -2.8277
vertex 6.21756 -0.835366 -2.75889
vertex 6.21756 -0.730945 -2.8277
endloop
endfacet
facet normal 1 0 0
outer loop
vertex 6.21756 -0.730945 -2.8277
vertex 6.21756 -0.835366 -2.75889
vertex 6.21756 -0.835366 -2.75889
endloop
endfacet
facet normal 1 0 0
outer loop
vertex 6.21756 -0.835366 -2.75889
vertex 6.21756 -0.939786 -2.67877
vertex 6.21756 -0.835366 -2.75889
endloop
endfacet
facet normal 1 0 0
outer loop
vertex 6.21756 -0.835366 -2.75889
vertex 6.21756 -0.939786 -2.67877
vertex 6.21756 -0.939786 -2.67877
endloop
endfacet
facet normal 1 0 0
outer loop
vertex 6.21756 -0.939786 -2.67877
vertex 6.21756 -1.04421 -2.58629
vertex 6.21756 -0.939786 -2.67877
endloop
endfacet
facet normal 1 0 0
outer loop
vertex 6.21756 -0.939786 -2.67877
vertex 6.21756 -1.04421 -2.58629
vertex 6.21756 -1.04421 -2.58629
endloop
endfacet
facet normal 1 0 0
outer loop
vertex 6.21756 -1.04421 -2.58629
vertex 6.21756 -1.14863 -2.48006
vertex 6.21756 -1.04421 -2.58629
endloop
endfacet
facet normal 1 0 0
outer loop
vertex 6.21756 -1.04421 -2.58629
vertex 6.21756 -1.14863 -2.48006
vertex 6.21756 -1.14863 -2.48006
endloop
endfacet
facet normal 1 0 0
outer loop
vertex 6.21756 -1.14863 -2.48006
vertex 6.21756 -1.25305 -2.35823
vertex 6.21756 -1.14863 -2.48006
endloop
endfacet
facet normal 1 0 0
outer loop
vertex 6.21756 -1.14863 -2.48006
vertex 6.21756 -1.25305 -2.35823
vertex 6.21756 -1.25305 -2.35823
endloop
endfacet
facet normal 1 0 0
outer loop
vertex 6.21756 -1.25305 -2.35823
vertex 6.21756 -1.35747 -2.21823
vertex 6.21756 -1.25305 -2.35823
endloop
endfacet
facet normal 1 0 0
outer loop
vertex 6.21756 -1.25305 -2.35823
vertex 6.21756 -1.35747 -2.21823
vertex 6.21756 -1.35747 -2.21823
endloop
endfacet
facet normal 1 0 0
outer loop
vertex 6.21756 -1.35747 -2.21823
vertex 6.21756 -1.46189 -2.05636
vertex 6.21756 -1.35747 -2.21823
endloop
endfacet
facet normal 1 0 0
outer loop
vertex 6.21756 -1.35747 -2.21823
vertex 6.21756 -1.46189 -2.05636
vertex 6.21756 -1.46189 -2.05636
endloop
endfacet
facet normal 1 0 0
outer loop
vertex 6.21756 -1.46189 -2.05636
vertex 6.21756 -1.56631 -1.86692
vertex 6.21756 -1.46189 -2.05636
endloop
endfacet
facet normal 1 0 0
outer loop
vertex 6.21756 -1.46189 -2.05636
vertex 6.21756 -1.56631 -1.86692
vertex 6.21756 -1.56631 -1.86692
endloop
endfacet
facet normal 1 0 0
outer loop
vertex 6.21756 -1.56631 -1.86692
vertex 6.21756 -1.67073 -1.6404
vertex 6.21756 -1.56631 -1.86692
endloop
endfacet
facet normal 1 0 0
outer loop
vertex 6.21756 -1.56631 -1.86692
vertex 6.21756 -1.67073 -1.6404
vertex 6.21756 -1.67073 -1.6404
endloop
endfacet
facet normal 1 0 0
outer loop
vertex 6.21756 -1.67073 -1.6404
vertex 6.21756 -1.77515 -1.35838
vertex 6.21756 -1.67073 -1.6404
endloop
endfacet
facet normal 1 0 0
outer loop
vertex 6.21756 -1.67073 -1.6404
vertex 6.21756 -1.77515 -1.35838
vertex 6.21756 -1.77515 -1.35838
endloop
endfacet
facet normal 1 0 0
outer loop
vertex 6.21756 -1.77515 -1.35838
vertex 6.21756 -1.98399 3.80716e-16
vertex 6.21756 -1.77515 -1.35838
endloop
endfacet
facet normal 1 0 0
outer loop
vertex 6.21756 -1.77515 -1.35838
vertex 6.21756 -1.98399 3.80716e-16
vertex 6.21756 -1.98399 3.80716e-16
endloop
endfacet
facet normal 7.22007e-17 0.985809 -0.167868
outer loop
vertex 6.21756 -1.98399 3.80716e-16
vertex 6.21756 -1.87957 0.613212
vertex 27.4276 -1.98399 1.67946e-15
endloop
endfacet
facet normal -8.09302e-09 0.985809 -0.167869
outer loop
vertex 27.4276 -1.98399 1.67946e-15
vertex 6.21756 -1.87957 0.613212
vertex 27.4276 -1.87957 0.613211
endloop
endfacet
facet normal -1.90867e-08 0.918292 -0.395905
outer loop
vertex 6.21756 -1.87957 0.613212
vertex 6.21756 -1.77515 0.855413
vertex 27.4276 -1.87957 0.613211
endloop
endfacet
facet normal -2.66255e-08 0.918291 -0.395905
outer loop
vertex 27.4276 -1.87957 0.613211
vertex 6.21756 -1.77515 0.855413
vertex 27.4276 -1.77515 0.855412
endloop
endfacet
facet normal -3.40866e-08 0.862036 -0.506848
outer loop
vertex 6.21756 -1.77515 0.855413
vertex 6.21756 -1.67073 1.03301
vertex 27.4276 -1.77515 0.855412
endloop
endfacet
facet normal -4.11636e-08 0.862035 -0.506848
outer loop
vertex 27.4276 -1.77515 0.855412
vertex 6.21756 -1.67073 1.03301
vertex 27.4276 -1.67073 1.03301
endloop
endfacet
facet normal -4.79723e-08 0.806902 -0.590685
outer loop
vertex 6.21756 -1.67073 1.03301
vertex 6.21756 -1.56631 1.17565
vertex 27.4276 -1.67073 1.03301
endloop
endfacet
facet normal -5.45966e-08 0.806902 -0.590685
outer loop
vertex 27.4276 -1.67073 1.03301
vertex 6.21756 -1.56631 1.17565
vertex 27.4276 -1.56631 1.17565
endloop
endfacet
facet normal -6.08781e-08 0.752454 -0.658645
outer loop
vertex 6.21756 -1.56631 1.17565
vertex 6.21756 -1.46189 1.29495
vertex 27.4276 -1.56631 1.17565
endloop
endfacet
facet normal -6.70554e-08 0.752453 -0.658646
outer loop
vertex 27.4276 -1.56631 1.17565
vertex 6.21756 -1.46189 1.29495
vertex 27.4276 -1.46189 1.29494
endloop
endfacet
facet normal -7.285e-08 0.698549 -0.715563
outer loop
vertex 6.21756 -1.46189 1.29495
vertex 6.21756 -1.35747 1.39688
vertex 27.4276 -1.46189 1.29494
endloop
endfacet
facet normal -7.85848e-08 0.698548 -0.715563
outer loop
vertex 27.4276 -1.46189 1.29494
vertex 6.21756 -1.35747 1.39688
vertex 27.4276 -1.35747 1.39688
endloop
endfacet
facet normal -8.39141e-08 0.64511 -0.76409
outer loop
vertex 6.21756 -1.35747 1.39688
vertex 6.21756 -1.25305 1.48505
vertex 27.4276 -1.35747 1.39688
endloop
endfacet
facet normal -8.92102e-08 0.64511 -0.76409
outer loop
vertex 27.4276 -1.35747 1.39688
vertex 6.21756 -1.25305 1.48505
vertex 27.4276 -1.25305 1.48504
endloop
endfacet
facet normal -9.40888e-08 0.592084 -0.805876
outer loop
vertex 6.21756 -1.25305 1.48505
vertex 6.21756 -1.14863 1.56176
vertex 27.4276 -1.25305 1.48504
endloop
endfacet
facet normal -9.89496e-08 0.592084 -0.805876
outer loop
vertex 27.4276 -1.25305 1.48504
vertex 6.21756 -1.14863 1.56176
vertex 27.4276 -1.14863 1.56176
endloop
endfacet
facet normal -1.03389e-07 0.539427 -0.842032
outer loop
vertex 6.21756 -1.14863 1.56176
vertex 6.21756 -1.04421 1.62866
vertex 27.4276 -1.14863 1.56176
endloop
endfacet
facet normal -1.07817e-07 0.539426 -0.842033
outer loop
vertex 27.4276 -1.14863 1.56176
vertex 6.21756 -1.04421 1.62866
vertex 27.4276 -1.04421 1.62866
endloop
endfacet
facet normal -1.11827e-07 0.487099 -0.873347
outer loop
vertex 6.21756 -1.04421 1.62866
vertex 6.21756 -0.939786 1.6869
vertex 27.4276 -1.04421 1.62866
endloop
endfacet
facet normal -1.15826e-07 0.487098 -0.873347
outer loop
vertex 27.4276 -1.04421 1.62866
vertex 6.21756 -0.939786 1.6869
vertex 27.4276 -0.939786 1.6869
endloop
endfacet
facet normal -1.19414e-07 0.435063 -0.9004
outer loop
vertex 6.21756 -0.939786 1.6869
vertex 6.21756 -0.835366 1.73735
vertex 27.4276 -0.939786 1.6869
endloop
endfacet
facet normal -1.22986e-07 0.435062 -0.9004
outer loop
vertex 27.4276 -0.939786 1.6869
vertex 6.21756 -0.835366 1.73735
vertex 27.4276 -0.835366 1.73735
endloop
endfacet
facet normal -1.26158e-07 0.383285 -0.92363
outer loop
vertex 6.21756 -0.835366 1.73735
vertex 6.21756 -0.730945 1.78068
vertex 27.4276 -0.835366 1.73735
endloop
endfacet
facet normal -1.29305e-07 0.383284 -0.92363
outer loop
vertex 27.4276 -0.835366 1.73735
vertex 6.21756 -0.730945 1.78068
vertex 27.4276 -0.730945 1.78068
endloop
endfacet
facet normal -1.32069e-07 0.331733 -0.943373
outer loop
vertex 6.21756 -0.730945 1.78068
vertex 6.21756 -0.626524 1.8174
vertex 27.4276 -0.730945 1.78068
endloop
endfacet
facet normal -1.34792e-07 0.331732 -0.943374
outer loop
vertex 27.4276 -0.730945 1.78068
vertex 6.21756 -0.626524 1.8174
vertex 27.4276 -0.626524 1.8174
endloop
endfacet
facet normal -1.37152e-07 0.280374 -0.959891
outer loop
vertex 6.21756 -0.626524 1.8174
vertex 6.21756 -0.522104 1.8479
vertex 27.4276 -0.626524 1.8174
endloop
endfacet
facet normal -1.39454e-07 0.280373 -0.959891
outer loop
vertex 27.4276 -0.626524 1.8174
vertex 6.21756 -0.522104 1.8479
vertex 27.4276 -0.522104 1.8479
endloop
endfacet
facet normal -1.41415e-07 0.229177 -0.973385
outer loop
vertex 6.21756 -0.522104 1.8479
vertex 6.21756 -0.417683 1.87249
vertex 27.4276 -0.522104 1.8479
endloop
endfacet
facet normal -1.43296e-07 0.229177 -0.973385
outer loop
vertex 27.4276 -0.522104 1.8479
vertex 6.21756 -0.417683 1.87249
vertex 27.4276 -0.417683 1.87249
endloop
endfacet
facet normal -1.4486e-07 0.178113 -0.98401
outer loop
vertex 6.21756 -0.417683 1.87249
vertex 6.21756 -0.313262 1.89139
vertex 27.4276 -0.417683 1.87249
endloop
endfacet
facet normal -1.46322e-07 0.178112 -0.98401
outer loop
vertex 27.4276 -0.417683 1.87249
vertex 6.21756 -0.313262 1.89139
vertex 27.4276 -0.313262 1.89139
endloop
endfacet
facet normal -1.47493e-07 0.127151 -0.991883
outer loop
vertex 6.21756 -0.313262 1.89139
vertex 6.21756 -0.208841 1.90478
vertex 27.4276 -0.313262 1.89139
endloop
endfacet
facet normal -1.48537e-07 0.12715 -0.991883
outer loop
vertex 27.4276 -0.313262 1.89139
vertex 6.21756 -0.208841 1.90478
vertex 27.4276 -0.208841 1.90477
endloop
endfacet
facet normal -1.49316e-07 0.0762613 -0.997088
outer loop
vertex 6.21756 -0.208841 1.90478
vertex 6.21756 -0.104421 1.91276
vertex 27.4276 -0.208841 1.90477
endloop
endfacet
facet normal -1.49942e-07 0.0762612 -0.997088
outer loop
vertex 27.4276 -0.208841 1.90477
vertex 6.21756 -0.104421 1.91276
vertex 27.4276 -0.104421 1.91276
endloop
endfacet
facet normal -1.50332e-07 0.0254156 -0.999677
outer loop
vertex 6.21756 -0.104421 1.91276
vertex 6.21756 -3.80716e-16 1.91542
vertex 27.4276 -0.104421 1.91276
endloop
endfacet
facet normal -1.5054e-07 0.0254156 -0.999677
outer loop
vertex 27.4276 -0.104421 1.91276
vertex 6.21756 -3.80716e-16 1.91542
vertex 27.4276 -1.67946e-15 1.91541
endloop
endfacet
facet normal -1.5054e-07 -0.0254156 -0.999677
outer loop
vertex 6.21756 -3.80716e-16 1.91542
vertex 6.21756 0.104421 1.91276
vertex 27.4276 -1.67946e-15 1.91541
endloop
endfacet
facet normal -1.50332e-07 -0.0254156 -0.999677
outer loop
vertex 27.4276 -1.67946e-15 1.91541
vertex 6.21756 0.104421 1.91276
vertex 27.4276 0.104421 1.91276
endloop
endfacet
facet normal -1.49942e-07 -0.0762613 -0.997088
outer loop
vertex 6.21756 0.104421 1.91276
vertex 6.21756 0.208841 1.90478
vertex 27.4276 0.104421 1.91276
endloop
endfacet
facet normal -1.49316e-07 -0.0762612 -0.997088
outer loop
vertex 27.4276 0.104421 1.91276
vertex 6.21756 0.208841 1.90478
vertex 27.4276 0.208841 1.90477
endloop
endfacet
facet normal -1.48537e-07 -0.127151 -0.991883
outer loop
vertex 6.21756 0.208841 1.90478
vertex 6.21756 0.313262 1.89139
vertex 27.4276 0.208841 1.90477
endloop
endfacet
facet normal -1.47493e-07 -0.12715 -0.991883
outer loop
vertex 27.4276 0.208841 1.90477
vertex 6.21756 0.313262 1.89139
vertex 27.4276 0.313262 1.89139
endloop
endfacet
facet normal -1.46322e-07 -0.178113 -0.98401
outer loop
vertex 6.21756 0.313262 1.89139
vertex 6.21756 0.417683 1.87249
vertex 27.4276 0.313262 1.89139
endloop
endfacet
facet normal -1.4486e-07 -0.178112 -0.98401
outer loop
vertex 27.4276 0.313262 1.89139
vertex 6.21756 0.417683 1.87249
vertex 27.4276 0.417683 1.87249
endloop
endfacet
facet normal -1.43296e-07 -0.229177 -0.973385
outer loop
vertex 6.21756 0.417683 1.87249
vertex 6.21756 0.522104 1.8479
vertex 27.4276 0.417683 1.87249
endloop
endfacet
facet normal -1.41415e-07 -0.229177 -0.973385
outer loop
vertex 27.4276 0.417683 1.87249
vertex 6.21756 0.522104 1.8479
vertex 27.4276 0.522104 1.8479
endloop
endfacet
facet normal -1.39454e-07 -0.280374 -0.959891
outer loop
vertex 6.21756 0.522104 1.8479
vertex 6.21756 0.626524 1.8174
vertex 27.4276 0.522104 1.8479
endloop
endfacet
facet normal -1.37152e-07 -0.280373 -0.959891
outer loop
vertex 27.4276 0.522104 1.8479
vertex 6.21756 0.626524 1.8174
vertex 27.4276 0.626524 1.8174
endloop
endfacet
facet normal -1.34792e-07 -0.331733 -0.943373
outer loop
vertex 6.21756 0.626524 1.8174
vertex 6.21756 0.730945 1.78068
vertex 27.4276 0.626524 1.8174
endloop
endfacet
facet normal -1.32069e-07 -0.331732 -0.943374
outer loop
vertex 27.4276 0.626524 1.8174
vertex 6.21756 0.730945 1.78068
vertex 27.4276 0.730945 1.78068
endloop
endfacet
facet normal -1.29305e-07 -0.383285 -0.92363
outer loop
vertex 6.21756 0.730945 1.78068
vertex 6.21756 0.835366 1.73735
vertex 27.4276 0.730945 1.78068
endloop
endfacet
facet normal -1.26158e-07 -0.383284 -0.92363
outer loop
vertex 27.4276 0.730945 1.78068
vertex 6.21756 0.835366 1.73735
vertex 27.4276 0.835366 1.73735
endloop
endfacet
facet normal -1.22985e-07 -0.435063 -0.9004
outer loop
vertex 6.21756 0.835366 1.73735
vertex 6.21756 0.939786 1.6869
vertex 27.4276 0.835366 1.73735
endloop
endfacet
facet normal -1.19414e-07 -0.435062 -0.9004
outer loop
vertex 27.4276 0.835366 1.73735
vertex 6.21756 0.939786 1.6869
vertex 27.4276 0.939786 1.6869
endloop
endfacet
facet normal -1.15826e-07 -0.487099 -0.873347
outer loop
vertex 6.21756 0.939786 1.6869
vertex 6.21756 1.04421 1.62866
vertex 27.4276 0.939786 1.6869
endloop
endfacet
facet normal -1.11827e-07 -0.487098 -0.873347
outer loop
vertex 27.4276 0.939786 1.6869
vertex 6.21756 1.04421 1.62866
vertex 27.4276 1.04421 1.62866
endloop
endfacet
facet normal -1.07817e-07 -0.539427 -0.842032
outer loop
vertex 6.21756 1.04421 1.62866
vertex 6.21756 1.14863 1.56176
vertex 27.4276 1.04421 1.62866
endloop
endfacet
facet normal -1.03389e-07 -0.539426 -0.842033
outer loop
vertex 27.4276 1.04421 1.62866
vertex 6.21756 1.14863 1.56176
vertex 27.4276 1.14863 1.56176
endloop
endfacet
facet normal -9.89495e-08 -0.592084 -0.805876
outer loop
vertex 6.21756 1.14863 1.56176
vertex 6.21756 1.25305 1.48505
vertex 27.4276 1.14863 1.56176
endloop
endfacet
facet normal -9.40889e-08 -0.592084 -0.805876
outer loop
vertex 27.4276 1.14863 1.56176
vertex 6.21756 1.25305 1.48505
vertex 27.4276 1.25305 1.48504
endloop
endfacet
facet normal -8.92101e-08 -0.64511 -0.76409
outer loop
vertex 6.21756 1.25305 1.48505
vertex 6.21756 1.35747 1.39688
vertex 27.4276 1.25305 1.48504
endloop
endfacet
facet normal -8.39142e-08 -0.64511 -0.76409
outer loop
vertex 27.4276 1.25305 1.48504
vertex 6.21756 1.35747 1.39688
vertex 27.4276 1.35747 1.39688
endloop
endfacet
facet normal -7.85848e-08 -0.698549 -0.715563
outer loop
vertex 6.21756 1.35747 1.39688
vertex 6.21756 1.46189 1.29495
vertex 27.4276 1.35747 1.39688
endloop
endfacet
facet normal -7.28501e-08 -0.698548 -0.715563
outer loop
vertex 27.4276 1.35747 1.39688
vertex 6.21756 1.46189 1.29495
vertex 27.4276 1.46189 1.29494
endloop
endfacet
facet normal -6.70553e-08 -0.752454 -0.658645
outer loop
vertex 6.21756 1.46189 1.29495
vertex 6.21756 1.56631 1.17565
vertex 27.4276 1.46189 1.29494
endloop
endfacet
facet normal -6.08781e-08 -0.752453 -0.658646
outer loop
vertex 27.4276 1.46189 1.29494
vertex 6.21756 1.56631 1.17565
vertex 27.4276 1.56631 1.17565
endloop
endfacet
facet normal -5.45966e-08 -0.806902 -0.590685
outer loop
vertex 6.21756 1.56631 1.17565
vertex 6.21756 1.67073 1.03301
vertex 27.4276 1.56631 1.17565
endloop
endfacet
facet normal -4.79723e-08 -0.806902 -0.590685
outer loop
vertex 27.4276 1.56631 1.17565
vertex 6.21756 1.67073 1.03301
vertex 27.4276 1.67073 1.03301
endloop
endfacet
facet normal -4.11635e-08 -0.862036 -0.506848
outer loop
vertex 6.21756 1.67073 1.03301
vertex 6.21756 1.77515 0.855413
vertex 27.4276 1.67073 1.03301
endloop
endfacet
facet normal -3.40867e-08 -0.862035 -0.506848
outer loop
vertex 27.4276 1.67073 1.03301
vertex 6.21756 1.77515 0.855413
vertex 27.4276 1.77515 0.855412
endloop
endfacet
facet normal -1.59505e-08 -0.971467 -0.237175
outer loop
vertex 6.21756 1.77515 0.855413
vertex 6.21756 1.98399 3.80716e-16
vertex 27.4276 1.77515 0.855412
endloop
endfacet
facet normal -4.6498e-17 -0.971467 -0.237175
outer loop
vertex 27.4276 1.77515 0.855412
vertex 6.21756 1.98399 3.80716e-16
vertex 27.4276 1.98399 1.67946e-15
endloop
endfacet
facet normal -6.89838e-17 -0.9943 0.106622
outer loop
vertex 6.21756 1.98399 3.80716e-16
vertex 6.21756 1.87957 -0.973772
vertex 27.4276 1.98399 1.67946e-15
endloop
endfacet
facet normal -8.16429e-09 -0.9943 0.106622
outer loop
vertex 27.4276 1.98399 1.67946e-15
vertex 6.21756 1.87957 -0.973772
vertex 27.4276 1.87957 -0.97377
endloop
endfacet
facet normal -2.00628e-08 -0.965065 0.262011
outer loop
vertex 6.21756 1.87957 -0.973772
vertex 6.21756 1.77515 -1.35838
vertex 27.4276 1.87957 -0.97377
endloop
endfacet
facet normal -2.7987e-08 -0.965065 0.262012
outer loop
vertex 27.4276 1.87957 -0.97377
vertex 6.21756 1.77515 -1.35838
vertex 27.4276 1.77515 -1.35838
endloop
endfacet
facet normal -3.70889e-08 -0.937783 0.347223
outer loop
vertex 6.21756 1.77515 -1.35838
vertex 6.21756 1.67073 -1.6404
vertex 27.4276 1.77515 -1.35838
endloop
endfacet
facet normal -4.47892e-08 -0.937783 0.347223
outer loop
vertex 27.4276 1.77515 -1.35838
vertex 6.21756 1.67073 -1.6404
vertex 27.4276 1.67073 -1.6404
endloop
endfacet
facet normal -5.40021e-08 -0.90815 0.418645
outer loop
vertex 6.21756 1.67073 -1.6404
vertex 6.21756 1.56631 -1.86692
vertex 27.4276 1.67073 -1.6404
endloop
endfacet
facet normal -6.14591e-08 -0.90815 0.418646
outer loop
vertex 27.4276 1.67073 -1.6404
vertex 6.21756 1.56631 -1.86692
vertex 27.4276 1.56631 -1.86692
endloop
endfacet
facet normal -7.08682e-08 -0.875764 0.482739
outer loop
vertex 6.21756 1.56631 -1.86692
vertex 6.21756 1.46189 -2.05636
vertex 27.4276 1.56631 -1.86692
endloop
endfacet
facet normal -7.80593e-08 -0.875764 0.482739
outer loop
vertex 27.4276 1.56631 -1.86692
vertex 6.21756 1.46189 -2.05636
vertex 27.4276 1.46189 -2.05635
endloop
endfacet
facet normal -8.76532e-08 -0.840333 0.542071
outer loop
vertex 6.21756 1.46189 -2.05636
vertex 6.21756 1.35747 -2.21823
vertex 27.4276 1.46189 -2.05635
endloop
endfacet
facet normal -9.45534e-08 -0.840333 0.542071
outer loop
vertex 27.4276 1.46189 -2.05635
vertex 6.21756 1.35747 -2.21823
vertex 27.4276 1.35747 -2.21823
endloop
endfacet
facet normal -1.04288e-07 -0.801586 0.59788
outer loop
vertex 6.21756 1.35747 -2.21823
vertex 6.21756 1.25305 -2.35823
vertex 27.4276 1.35747 -2.21823
endloop
endfacet
facet normal -1.1087e-07 -0.801585 0.59788
outer loop
vertex 27.4276 1.35747 -2.21823
vertex 6.21756 1.25305 -2.35823
vertex 27.4276 1.25305 -2.35823
endloop
endfacet
facet normal -1.20679e-07 -0.759268 0.650778
outer loop
vertex 6.21756 1.25305 -2.35823
vertex 6.21756 1.14863 -2.48006
vertex 27.4276 1.25305 -2.35823
endloop
endfacet
facet normal -1.26914e-07 -0.759267 0.650779
outer loop
vertex 27.4276 1.25305 -2.35823
vertex 6.21756 1.14863 -2.48006
vertex 27.4276 1.14863 -2.48005
endloop
endfacet
facet normal -1.36711e-07 -0.713146 0.701016
outer loop
vertex 6.21756 1.14863 -2.48006
vertex 6.21756 1.04421 -2.58629
vertex 27.4276 1.14863 -2.48005
endloop
endfacet
facet normal -1.42567e-07 -0.713145 0.701016
outer loop
vertex 27.4276 1.14863 -2.48005
vertex 6.21756 1.04421 -2.58629
vertex 27.4276 1.04421 -2.58628
endloop
endfacet
facet normal -1.52244e-07 -0.663021 0.748601
outer loop
vertex 6.21756 1.04421 -2.58629
vertex 6.21756 0.939786 -2.67877
vertex 27.4276 1.04421 -2.58628
endloop
endfacet
facet normal -1.57688e-07 -0.66302 0.748602
outer loop
vertex 27.4276 1.04421 -2.58628
vertex 6.21756 0.939786 -2.67877
vertex 27.4276 0.939786 -2.67877
endloop
endfacet
facet normal -1.67118e-07 -0.608746 0.793365
outer loop
vertex 6.21756 0.939786 -2.67877
vertex 6.21756 0.835366 -2.75889
vertex 27.4276 0.939786 -2.67877
endloop
endfacet
facet normal -1.72116e-07 -0.608745 0.793366
outer loop
vertex 27.4276 0.939786 -2.67877
vertex 6.21756 0.835366 -2.75889
vertex 27.4276 0.835366 -2.75889
endloop
endfacet
facet normal -1.81149e-07 -0.550247 0.835002
outer loop
vertex 6.21756 0.835366 -2.75889
vertex 6.21756 0.730945 -2.8277
vertex 27.4276 0.835366 -2.75889
endloop
endfacet
facet normal -1.85667e-07 -0.550246 0.835002
outer loop
vertex 27.4276 0.835366 -2.75889
vertex 6.21756 0.730945 -2.8277
vertex 27.4276 0.730945 -2.8277
endloop
endfacet
facet normal -1.94138e-07 -0.487544 0.873098
outer loop
vertex 6.21756 0.730945 -2.8277
vertex 6.21756 0.626524 -2.88601
vertex 27.4276 0.730945 -2.8277
endloop
endfacet
facet normal -1.98141e-07 -0.487544 0.873099
outer loop
vertex 27.4276 0.730945 -2.8277
vertex 6.21756 0.626524 -2.88601
vertex 27.4276 0.626524 -2.88601
endloop
endfacet
facet normal -2.05872e-07 -0.420773 0.907166
outer loop
vertex 6.21756 0.626524 -2.88601
vertex 6.21756 0.522104 -2.93445
vertex 27.4276 0.626524 -2.88601
endloop
endfacet
facet normal -2.09328e-07 -0.420773 0.907166
outer loop
vertex 27.4276 0.626524 -2.88601
vertex 6.21756 0.522104 -2.93445
vertex 27.4276 0.522104 -2.93444
endloop
endfacet
facet normal -2.16136e-07 -0.350204 0.936673
outer loop
vertex 6.21756 0.522104 -2.93445
vertex 6.21756 0.417683 -2.97349
vertex 27.4276 0.522104 -2.93444
endloop
endfacet
facet normal -2.19012e-07 -0.350204 0.936674
outer loop
vertex 27.4276 0.522104 -2.93444
vertex 6.21756 0.417683 -2.97349
vertex 27.4276 0.417683 -2.97348
endloop
endfacet
facet normal -2.2472e-07 -0.276251 0.961086
outer loop
vertex 6.21756 0.417683 -2.97349
vertex 6.21756 0.313262 -3.0035
vertex 27.4276 0.417683 -2.97348
endloop
endfacet
facet normal -2.26988e-07 -0.276251 0.961086
outer loop
vertex 27.4276 0.417683 -2.97348
vertex 6.21756 0.313262 -3.0035
vertex 27.4276 0.313262 -3.0035
endloop
endfacet
facet normal -2.31433e-07 -0.199475 0.979903
outer loop
vertex 6.21756 0.313262 -3.0035
vertex 6.21756 0.208841 -3.02476
vertex 27.4276 0.313262 -3.0035
endloop
endfacet
facet normal -2.3307e-07 -0.199474 0.979903
outer loop
vertex 27.4276 0.313262 -3.0035
vertex 6.21756 0.208841 -3.02476
vertex 27.4276 0.208841 -3.02475
endloop
endfacet
facet normal -2.36115e-07 -0.12057 0.992705
outer loop
vertex 6.21756 0.208841 -3.02476
vertex 6.21756 0.104421 -3.03744
vertex 27.4276 0.208841 -3.02475
endloop
endfacet
facet normal -2.37105e-07 -0.120569 0.992705
outer loop
vertex 27.4276 0.208841 -3.02475
vertex 6.21756 0.104421 -3.03744
vertex 27.4276 0.104421 -3.03743
endloop
endfacet
facet normal -2.38653e-07 -0.0403398 0.999186
outer loop
vertex 6.21756 0.104421 -3.03744
vertex 6.21756 -3.80716e-16 -3.04165
vertex 27.4276 0.104421 -3.03743
endloop
endfacet
facet normal -2.38985e-07 -0.0403397 0.999186
outer loop
vertex 27.4276 0.104421 -3.03743
vertex 6.21756 -3.80716e-16 -3.04165
vertex 27.4276 -1.67946e-15 -3.04165
endloop
endfacet
facet normal -2.38985e-07 0.0403398 0.999186
outer loop
vertex 6.21756 -3.80716e-16 -3.04165
vertex 6.21756 -0.104421 -3.03744
vertex 27.4276 -1.67946e-15 -3.04165
endloop
endfacet
facet normal -2.38653e-07 0.0403397 0.999186
outer loop
vertex 27.4276 -1.67946e-15 -3.04165
vertex 6.21756 -0.104421 -3.03744
vertex 27.4276 -0.104421 -3.03743
endloop
endfacet
facet normal -2.37105e-07 0.12057 0.992705
outer loop
vertex 6.21756 -0.104421 -3.03744
vertex 6.21756 -0.208841 -3.02476
vertex 27.4276 -0.104421 -3.03743
endloop
endfacet
facet normal -2.36115e-07 0.120569 0.992705
outer loop
vertex 27.4276 -0.104421 -3.03743
vertex 6.21756 -0.208841 -3.02476
vertex 27.4276 -0.208841 -3.02475
endloop
endfacet
facet normal -2.3307e-07 0.199475 0.979903
outer loop
vertex 6.21756 -0.208841 -3.02476
vertex 6.21756 -0.313262 -3.0035
vertex 27.4276 -0.208841 -3.02475
endloop
endfacet
facet normal -2.31433e-07 0.199474 0.979903
outer loop
vertex 27.4276 -0.208841 -3.02475
vertex 6.21756 -0.313262 -3.0035
vertex 27.4276 -0.313262 -3.0035
endloop
endfacet
facet normal -2.26988e-07 0.276251 0.961086
outer loop
vertex 6.21756 -0.313262 -3.0035
vertex 6.21756 -0.417683 -2.97349
vertex 27.4276 -0.313262 -3.0035
endloop
endfacet
facet normal -2.2472e-07 0.276251 0.961086
outer loop
vertex 27.4276 -0.313262 -3.0035
vertex 6.21756 -0.417683 -2.97349
vertex 27.4276 -0.417683 -2.97348
endloop
endfacet
facet normal -2.19012e-07 0.350204 0.936673
outer loop
vertex 6.21756 -0.417683 -2.97349
vertex 6.21756 -0.522104 -2.93445
vertex 27.4276 -0.417683 -2.97348
endloop
endfacet
facet normal -2.16136e-07 0.350204 0.936674
outer loop
vertex 27.4276 -0.417683 -2.97348
vertex 6.21756 -0.522104 -2.93445
vertex 27.4276 -0.522104 -2.93444
endloop
endfacet
facet normal -2.09327e-07 0.420773 0.907166
outer loop
vertex 6.21756 -0.522104 -2.93445
vertex 6.21756 -0.626524 -2.88601
vertex 27.4276 -0.522104 -2.93444
endloop
endfacet
facet normal -2.05873e-07 0.420773 0.907166
outer loop
vertex 27.4276 -0.522104 -2.93444
vertex 6.21756 -0.626524 -2.88601
vertex 27.4276 -0.626524 -2.88601
endloop
endfacet
facet normal -1.98141e-07 0.487544 0.873098
outer loop
vertex 6.21756 -0.626524 -2.88601
vertex 6.21756 -0.730945 -2.8277
vertex 27.4276 -0.626524 -2.88601
endloop
endfacet
facet normal -1.94138e-07 0.487544 0.873099
outer loop
vertex 27.4276 -0.626524 -2.88601
vertex 6.21756 -0.730945 -2.8277
vertex 27.4276 -0.730945 -2.8277
endloop
endfacet
facet normal -1.85667e-07 0.550247 0.835002
outer loop
vertex 6.21756 -0.730945 -2.8277
vertex 6.21756 -0.835366 -2.75889
vertex 27.4276 -0.730945 -2.8277
endloop
endfacet
facet normal -1.81149e-07 0.550246 0.835002
outer loop
vertex 27.4276 -0.730945 -2.8277
vertex 6.21756 -0.835366 -2.75889
vertex 27.4276 -0.835366 -2.75889
endloop
endfacet
facet normal -1.72116e-07 0.608746 0.793365
outer loop
vertex 6.21756 -0.835366 -2.75889
vertex 6.21756 -0.939786 -2.67877
vertex 27.4276 -0.835366 -2.75889
endloop
endfacet
facet normal -1.67118e-07 0.608745 0.793366
outer loop
vertex 27.4276 -0.835366 -2.75889
vertex 6.21756 -0.939786 -2.67877
vertex 27.4276 -0.939786 -2.67877
endloop
endfacet
facet normal -1.57688e-07 0.663021 0.748601
outer loop
vertex 6.21756 -0.939786 -2.67877
vertex 6.21756 -1.04421 -2.58629
vertex 27.4276 -0.939786 -2.67877
endloop
endfacet
facet normal -1.52244e-07 0.66302 0.748602
outer loop
vertex 27.4276 -0.939786 -2.67877
vertex 6.21756 -1.04421 -2.58629
vertex 27.4276 -1.04421 -2.58628
endloop
endfacet
facet normal -1.42567e-07 0.713146 0.701016
outer loop
vertex 6.21756 -1.04421 -2.58629
vertex 6.21756 -1.14863 -2.48006
vertex 27.4276 -1.04421 -2.58628
endloop
endfacet
facet normal -1.36711e-07 0.713145 0.701016
outer loop
vertex 27.4276 -1.04421 -2.58628
vertex 6.21756 -1.14863 -2.48006
vertex 27.4276 -1.14863 -2.48005
endloop
endfacet
facet normal -1.26914e-07 0.759268 0.650778
outer loop
vertex 6.21756 -1.14863 -2.48006
vertex 6.21756 -1.25305 -2.35823
vertex 27.4276 -1.14863 -2.48005
endloop
endfacet
facet normal -1.20679e-07 0.759267 0.650779
outer loop
vertex 27.4276 -1.14863 -2.48005
vertex 6.21756 -1.25305 -2.35823
vertex 27.4276 -1.25305 -2.35823
endloop
endfacet
facet normal -1.1087e-07 0.801586 0.59788
outer loop
vertex 6.21756 -1.25305 -2.35823
vertex 6.21756 -1.35747 -2.21823
vertex 27.4276 -1.25305 -2.35823
endloop
endfacet
facet normal -1.04288e-07 0.801585 0.59788
outer loop
vertex 27.4276 -1.25305 -2.35823
vertex 6.21756 -1.35747 -2.21823
vertex 27.4276 -1.35747 -2.21823
endloop
endfacet
facet normal -9.45532e-08 0.840333 0.542071
outer loop
vertex 6.21756 -1.35747 -2.21823
vertex 6.21756 -1.46189 -2.05636
vertex 27.4276 -1.35747 -2.21823
endloop
endfacet
facet normal -8.76533e-08 0.840333 0.542071
outer loop
vertex 27.4276 -1.35747 -2.21823
vertex 6.21756 -1.46189 -2.05636
vertex 27.4276 -1.46189 -2.05635
endloop
endfacet
facet normal -7.80592e-08 0.875764 0.482739
outer loop
vertex 6.21756 -1.46189 -2.05636
vertex 6.21756 -1.56631 -1.86692
vertex 27.4276 -1.46189 -2.05635
endloop
endfacet
facet normal -7.08683e-08 0.875764 0.482739
outer loop
vertex 27.4276 -1.46189 -2.05635
vertex 6.21756 -1.56631 -1.86692
vertex 27.4276 -1.56631 -1.86692
endloop
endfacet
facet normal -6.1459e-08 0.90815 0.418645
outer loop
vertex 6.21756 -1.56631 -1.86692
vertex 6.21756 -1.67073 -1.6404
vertex 27.4276 -1.56631 -1.86692
endloop
endfacet
facet normal -5.40022e-08 0.90815 0.418646
outer loop
vertex 27.4276 -1.56631 -1.86692
vertex 6.21756 -1.67073 -1.6404
vertex 27.4276 -1.67073 -1.6404
endloop
endfacet
facet normal -4.47891e-08 0.937783 0.347223
outer loop
vertex 6.21756 -1.67073 -1.6404
vertex 6.21756 -1.77515 -1.35838
vertex 27.4276 -1.67073 -1.6404
endloop
endfacet
facet normal -3.7089e-08 0.937783 0.347223
outer loop
vertex 27.4276 -1.67073 -1.6404
vertex 6.21756 -1.77515 -1.35838
vertex 27.4276 -1.77515 -1.35838
endloop
endfacet
facet normal -1.62315e-08 0.988387 0.151957
outer loop
vertex 6.21756 -1.77515 -1.35838
vertex 6.21756 -1.98399 3.80716e-16
vertex 27.4276 -1.77515 -1.35838
endloop
endfacet
facet normal 5.27789e-17 0.988387 0.151957
outer loop
vertex 27.4276 -1.77515 -1.35838
vertex 6.21756 -1.98399 3.80716e-16
vertex 27.4276 -1.98399 1.67946e-15
endloop
endfacet
facet normal 1 0 0
outer loop
vertex 27.4276 -1.98399 1.67946e-15
vertex 27.4276 -1.87957 0.613211
vertex 27.4276 -1.98399 1.67946e-15
endloop
endfacet
facet normal 1 0 0
outer loop
vertex 27.4276 -1.98399 1.67946e-15
vertex 27.4276 -1.87957 0.613211
vertex 27.4276 -1.87957 0.613211
endloop
endfacet
facet normal 1 0 0
outer loop
vertex 27.4276 -1.87957 0.613211
vertex 27.4276 -1.77515 0.855412
vertex 27.4276 -1.87957 0.613211
endloop
endfacet
facet normal 1 0 0
outer loop
vertex 27.4276 -1.87957 0.613211
vertex 27.4276 -1.77515 0.855412
vertex 27.4276 -1.77515 0.855412
endloop
endfacet
facet normal 1 0 0
outer loop
vertex 27.4276 -1.77515 0.855412
vertex 27.4276 -1.67073 1.03301
vertex 27.4276 -1.77515 0.855412
endloop
endfacet
facet normal 1 0 0
outer loop
vertex 27.4276 -1.77515 0.855412
vertex 27.4276 -1.67073 1.03301
vertex 27.4276 -1.67073 1.03301
endloop
endfacet
facet normal 1 0 0
outer loop
vertex 27.4276 -1.67073 1.03301
vertex 27.4276 -1.56631 1.17565
vertex 27.4276 -1.67073 1.03301
endloop
endfacet
facet normal 1 0 0
outer loop
vertex 27.4276 -1.67073 1.03301
vertex 27.4276 -1.56631 1.17565
vertex 27.4276 -1.56631 1.17565
endloop
endfacet
facet normal 1 0 0
outer loop
vertex 27.4276 -1.56631 1.17565
vertex 27.4276 -1.46189 1.29494
vertex 27.4276 -1.56631 1.17565
endloop
endfacet
facet normal 1 0 0
outer loop
vertex 27.4276 -1.56631 1.17565
vertex 27.4276 -1.46189 1.29494
vertex 27.4276 -1.46189 1.29494
endloop
endfacet
facet normal 1 0 0
outer loop
vertex 27.4276 -1.46189 1.29494
vertex 27.4276 -1.35747 1.39688
vertex 27.4276 -1.46189 1.29494
endloop
endfacet
facet normal 1 0 0
outer loop
vertex 27.4276 -1.46189 1.29494
vertex 27.4276 -1.35747 1.39688
vertex 27.4276 -1.35747 1.39688
endloop
endfacet
facet normal 1 0 0
outer loop
vertex 27.4276 -1.35747 1.39688
vertex 27.4276 -1.25305 1.48504
vertex 27.4276 -1.35747 1.39688
endloop
endfacet
facet normal 1 0 0
outer loop
vertex 27.4276 -1.35747 1.39688
vertex 27.4276 -1.25305 1.48504
vertex 27.4276 -1.25305 1.48504
endloop
endfacet
facet normal 1 0 0
outer loop
vertex 27.4276 -1.25305 1.48504
vertex 27.4276 -1.14863 1.56176
vertex 27.4276 -1.25305 1.48504
endloop
endfacet
facet normal 1 0 0
outer loop
vertex 27.4276 -1.25305 1.48504
vertex 27.4276 -1.14863 1.56176
vertex 27.4276 -1.14863 1.56176
endloop
endfacet
facet normal 1 0 0
outer loop
vertex 27.4276 -1.14863 1.56176
vertex 27.4276 -1.04421 1.62866
vertex 27.4276 -1.14863 1.56176
endloop
endfacet
facet normal 1 0 0
outer loop
vertex 27.4276 -1.14863 1.56176
vertex 27.4276 -1.04421 1.62866
vertex 27.4276 -1.04421 1.62866
endloop
endfacet
facet normal 1 0 0
outer loop
vertex 27.4276 -1.04421 1.62866
vertex 27.4276 -0.939786 1.6869
vertex 27.4276 -1.04421 1.62866
endloop
endfacet
facet normal 1 0 0
outer loop
vertex 27.4276 -1.04421 1.62866
vertex 27.4276 -0.939786 1.6869
vertex 27.4276 -0.939786 1.6869
endloop
endfacet
facet normal 1 0 0
outer loop
vertex 27.4276 -0.939786 1.6869
vertex 27.4276 -0.835366 1.73735
vertex 27.4276 -0.939786 1.6869
endloop
endfacet
facet normal 1 0 0
outer loop
vertex 27.4276 -0.939786 1.6869
vertex 27.4276 -0.835366 1.73735
vertex 27.4276 -0.835366 1.73735
endloop
endfacet
facet normal 1 0 0
outer loop
vertex 27.4276 -0.835366 1.73735
vertex 27.4276 -0.730945 1.78068
vertex 27.4276 -0.835366 1.73735
endloop
endfacet
facet normal 1 0 0
outer loop
vertex 27.4276 -0.835366 1.73735
vertex 27.4276 -0.730945 1.78068
vertex 27.4276 -0.730945 1.78068
endloop
endfacet
facet normal 1 0 0
outer loop
vertex 27.4276 -0.730945 1.78068
vertex 27.4276 -0.626524 1.8174
vertex 27.4276 -0.730945 1.78068
endloop
endfacet
facet normal 1 0 0
outer loop
vertex 27.4276 -0.730945 1.78068
vertex 27.4276 -0.626524 1.8174
vertex 27.4276 -0.626524 1.8174
endloop
endfacet
facet normal 1 0 0
outer loop
vertex 27.4276 -0.626524 1.8174
vertex 27.4276 -0.522104 1.8479
vertex 27.4276 -0.626524 1.8174
endloop
endfacet
facet normal 1 0 0
outer loop
vertex 27.4276 -0.626524 1.8174
vertex 27.4276 -0.522104 1.8479
vertex 27.4276 -0.522104 1.8479
endloop
endfacet
facet normal 1 0 0
outer loop
vertex 27.4276 -0.522104 1.8479
vertex 27.4276 -0.417683 1.87249
vertex 27.4276 -0.522104 1.8479
endloop
endfacet
facet normal 1 0 0
outer loop
vertex 27.4276 -0.522104 1.8479
vertex 27.4276 -0.417683 1.87249
vertex 27.4276 -0.417683 1.87249
endloop
endfacet
facet normal 1 0 0
outer loop
vertex 27.4276 -0.417683 1.87249
vertex 27.4276 -0.313262 1.89139
vertex 27.4276 -0.417683 1.87249
endloop
endfacet
facet normal 1 0 0
outer loop
vertex 27.4276 -0.417683 1.87249
vertex 27.4276 -0.313262 1.89139
vertex 27.4276 -0.313262 1.89139
endloop
endfacet
facet normal 1 0 0
outer loop
vertex 27.4276 -0.313262 1.89139
vertex 27.4276 -0.208841 1.90477
vertex 27.4276 -0.313262 1.89139
endloop
endfacet
facet normal 1 0 0
outer loop
vertex 27.4276 -0.313262 1.89139
vertex 27.4276 -0.208841 1.90477
vertex 27.4276 -0.208841 1.90477
endloop
endfacet
facet normal 1 0 0
outer loop
vertex 27.4276 -0.208841 1.90477
vertex 27.4276 -0.104421 1.91276
vertex 27.4276 -0.208841 1.90477
endloop
endfacet
facet normal 1 0 0
outer loop
vertex 27.4276 -0.208841 1.90477
vertex 27.4276 -0.104421 1.91276
vertex 27.4276 -0.104421 1.91276
endloop
endfacet
facet normal 1 0 0
outer loop
vertex 27.4276 -0.104421 1.91276
vertex 27.4276 -1.67946e-15 1.91541
vertex 27.4276 -0.104421 1.91276
endloop
endfacet
facet normal 1 0 0
outer loop
vertex 27.4276 -0.104421 1.91276
vertex 27.4276 -1.67946e-15 1.91541
vertex 27.4276 -1.67946e-15 1.91541
endloop
endfacet
facet normal 1 0 0
outer loop
vertex 27.4276 -1.67946e-15 1.91541
vertex 27.4276 0.104421 1.91276
vertex 27.4276 -1.67946e-15 1.91541
endloop
endfacet
facet normal 1 0 0
outer loop
vertex 27.4276 -1.67946e-15 1.91541
vertex 27.4276 0.104421 1.91276
vertex 27.4276 0.104421 1.91276
endloop
endfacet
facet normal 1 0 0
outer loop
vertex 27.4276 0.104421 1.91276
vertex 27.4276 0.208841 1.90477
vertex 27.4276 0.104421 1.91276
endloop
endfacet
facet normal 1 0 0
outer loop
vertex 27.4276 0.104421 1.91276
vertex 27.4276 0.208841 1.90477
vertex 27.4276 0.208841 1.90477
endloop
endfacet
facet normal 1 0 0
outer loop
vertex 27.4276 0.208841 1.90477
vertex 27.4276 0.313262 1.89139
vertex 27.4276 0.208841 1.90477
endloop
endfacet
facet normal 1 0 0
outer loop
vertex 27.4276 0.208841 1.90477
vertex 27.4276 0.313262 1.89139
vertex 27.4276 0.313262 1.89139
endloop
endfacet
facet normal 1 0 0
outer loop
vertex 27.4276 0.313262 1.89139
vertex 27.4276 0.417683 1.87249
vertex 27.4276 0.313262 1.89139
endloop
endfacet
facet normal 1 0 0
outer loop
vertex 27.4276 0.313262 1.89139
vertex 27.4276 0.417683 1.87249
vertex 27.4276 0.417683 1.87249
endloop
endfacet
facet normal 1 0 0
outer loop
vertex 27.4276 0.417683 1.87249
vertex 27.4276 0.522104 1.8479
vertex 27.4276 0.417683 1.87249
endloop
endfacet
facet normal 1 0 0
outer loop
vertex 27.4276 0.417683 1.87249
vertex 27.4276 0.522104 1.8479
vertex 27.4276 0.522104 1.8479
endloop
endfacet
facet normal 1 0 0
outer loop
vertex 27.4276 0.522104 1.8479
vertex 27.4276 0.626524 1.8174
vertex 27.4276 0.522104 1.8479
endloop
endfacet
facet normal 1 0 0
outer loop
vertex 27.4276 0.522104 1.8479
vertex 27.4276 0.626524 1.8174
vertex 27.4276 0.626524 1.8174
endloop
endfacet
facet normal 1 0 0
outer loop
vertex 27.4276 0.626524 1.8174
vertex 27.4276 0.730945 1.78068
vertex 27.4276 0.626524 1.8174
endloop
endfacet
facet normal 1 0 0
outer loop
vertex 27.4276 0.626524 1.8174
vertex 27.4276 0.730945 1.78068
vertex 27.4276 0.730945 1.78068
endloop
endfacet
facet normal 1 0 0
outer loop
vertex 27.4276 0.730945 1.78068
vertex 27.4276 0.835366 1.73735
vertex 27.4276 0.730945 1.78068
endloop
endfacet
facet normal 1 0 0
outer loop
vertex 27.4276 0.730945 1.78068
vertex 27.4276 0.835366 1.73735
vertex 27.4276 0.835366 1.73735
endloop
endfacet
facet normal 1 0 0
outer loop
vertex 27.4276 0.835366 1.73735
vertex 27.4276 0.939786 1.6869
vertex 27.4276 0.835366 1.73735
endloop
endfacet
facet normal 1 0 0
outer loop
vertex 27.4276 0.835366 1.73735
vertex 27.4276 0.939786 1.6869
vertex 27.4276 0.939786 1.6869
endloop
endfacet
facet normal 1 0 0
outer loop
vertex 27.4276 0.939786 1.6869
vertex 27.4276 1.04421 1.62866
vertex 27.4276 0.939786 1.6869
endloop
endfacet
facet normal 1 0 0
outer loop
vertex 27.4276 0.939786 1.6869
vertex 27.4276 1.04421 1.62866
vertex 27.4276 1.04421 1.62866
endloop
endfacet
facet normal 1 0 0
outer loop
vertex 27.4276 1.04421 1.62866
vertex 27.4276 1.14863 1.56176
vertex 27.4276 1.04421 1.62866
endloop
endfacet
facet normal 1 0 0
outer loop
vertex 27.4276 1.04421 1.62866
vertex 27.4276 1.14863 1.56176
vertex 27.4276 1.14863 1.56176
endloop
endfacet
facet normal 1 0 0
outer loop
vertex 27.4276 1.14863 1.56176
vertex 27.4276 1.25305 1.48504
vertex 27.4276 1.14863 1.56176
endloop
endfacet
facet normal 1 0 0
outer loop
vertex 27.4276 1.14863 1.56176
vertex 27.4276 1.25305 1.48504
vertex 27.4276 1.25305 1.48504
endloop
endfacet
facet normal 1 0 0
outer loop
vertex 27.4276 1.25305 1.48504
vertex 27.4276 1.35747 1.39688
vertex 27.4276 1.25305 1.48504
endloop
endfacet
facet normal 1 0 0
outer loop
vertex 27.4276 1.25305 1.48504
vertex 27.4276 1.35747 1.39688
vertex 27.4276 1.35747 1.39688
endloop
endfacet
facet normal 1 0 0
outer loop
vertex 27.4276 1.35747 1.39688
vertex 27.4276 1.46189 1.29494
vertex 27.4276 1.35747 1.39688
endloop
endfacet
facet normal 1 0 0
outer loop
vertex 27.4276 1.35747 1.39688
vertex 27.4276 1.46189 1.29494
vertex 27.4276 1.46189 1.29494
endloop
endfacet
facet normal 1 0 0
outer loop
vertex 27.4276 1.46189 1.29494
vertex 27.4276 1.56631 1.17565
vertex 27.4276 1.46189 1.29494
endloop
endfacet
facet normal 1 0 0
outer loop
vertex 27.4276 1.46189 1.29494
vertex 27.4276 1.56631 1.17565
vertex 27.4276 1.56631 1.17565
endloop
endfacet
facet normal 1 0 0
outer loop
vertex 27.4276 1.56631 1.17565
vertex 27.4276 1.67073 1.03301
vertex 27.4276 1.56631 1.17565
endloop
endfacet
facet normal 1 0 0
outer loop
vertex 27.4276 1.56631 1.17565
vertex 27.4276 1.67073 1.03301
vertex 27.4276 1.67073 1.03301
endloop
endfacet
facet normal 1 0 0
outer loop
vertex 27.4276 1.67073 1.03301
vertex 27.4276 1.77515 0.855412
vertex 27.4276 1.67073 1.03301
endloop
endfacet
facet normal 1 0 0
outer loop
vertex 27.4276 1.67073 1.03301
vertex 27.4276 1.77515 0.855412
vertex 27.4276 1.77515 0.855412
endloop
endfacet
facet normal 1 0 0
outer loop
vertex 27.4276 1.77515 0.855412
vertex 27.4276 1.98399 1.67946e-15
vertex 27.4276 1.77515 0.855412
endloop
endfacet
facet normal 1 0 0
outer loop
vertex 27.4276 1.77515 0.855412
vertex 27.4276 1.98399 1.67946e-15
vertex 27.4276 1.98399 1.67946e-15
endloop
endfacet
facet normal 1 0 0
outer loop
vertex 27.4276 1.98399 1.67946e-15
vertex 27.4276 1.87957 -0.97377
vertex 27.4276 1.98399 1.67946e-15
endloop
endfacet
facet normal 1 0 0
outer loop
vertex 27.4276 1.98399 1.67946e-15
vertex 27.4276 1.87957 -0.97377
vertex 27.4276 1.87957 -0.97377
endloop
endfacet
facet normal 1 0 0
outer loop
vertex 27.4276 1.87957 -0.97377
vertex 27.4276 1.77515 -1.35838
vertex 27.4276 1.87957 -0.97377
endloop
endfacet
facet normal 1 0 0
outer loop
vertex 27.4276 1.87957 -0.97377
vertex 27.4276 1.77515 -1.35838
vertex 27.4276 1.77515 -1.35838
endloop
endfacet
facet normal 1 0 0
outer loop
vertex 27.4276 1.77515 -1.35838
vertex 27.4276 1.67073 -1.6404
vertex 27.4276 1.77515 -1.35838
endloop
endfacet
facet normal 1 0 0
outer loop
vertex 27.4276 1.77515 -1.35838
vertex 27.4276 1.67073 -1.6404
vertex 27.4276 1.67073 -1.6404
endloop
endfacet
facet normal 1 0 0
outer loop
vertex 27.4276 1.67073 -1.6404
vertex 27.4276 1.56631 -1.86692
vertex 27.4276 1.67073 -1.6404
endloop
endfacet
facet normal 1 0 0
outer loop
vertex 27.4276 1.67073 -1.6404
vertex 27.4276 1.56631 -1.86692
vertex 27.4276 1.56631 -1.86692
endloop
endfacet
facet normal 1 0 0
outer loop
vertex 27.4276 1.56631 -1.86692
vertex 27.4276 1.46189 -2.05635
vertex 27.4276 1.56631 -1.86692
endloop
endfacet
facet normal 1 0 0
outer loop
vertex 27.4276 1.56631 -1.86692
vertex 27.4276 1.46189 -2.05635
vertex 27.4276 1.46189 -2.05635
endloop
endfacet
facet normal 1 0 0
outer loop
vertex 27.4276 1.46189 -2.05635
vertex 27.4276 1.35747 -2.21823
vertex 27.4276 1.46189 -2.05635
endloop
endfacet
facet normal 1 0 0
outer loop
vertex 27.4276 1.46189 -2.05635
vertex 27.4276 1.35747 -2.21823
vertex 27.4276 1.35747 -2.21823
endloop
endfacet
facet normal 1 0 0
outer loop
vertex 27.4276 1.35747 -2.21823
vertex 27.4276 1.25305 -2.35823
vertex 27.4276 1.35747 -2.21823
endloop
endfacet
facet normal 1 0 0
outer loop
vertex 27.4276 1.35747 -2.21823
vertex 27.4276 1.25305 -2.35823
vertex 27.4276 1.25305 -2.35823
endloop
endfacet
facet normal 1 0 0
outer loop
vertex 27.4276 1.25305 -2.35823
vertex 27.4276 1.14863 -2.48005
vertex 27.4276 1.25305 -2.35823
endloop
endfacet
facet normal 1 0 0
outer loop
vertex 27.4276 1.25305 -2.35823
vertex 27.4276 1.14863 -2.48005
vertex 27.4276 1.14863 -2.48005
endloop
endfacet
facet normal 1 0 0
outer loop
vertex 27.4276 1.14863 -2.48005
vertex 27.4276 1.04421 -2.58628
vertex 27.4276 1.14863 -2.48005
endloop
endfacet
facet normal 1 0 0
outer loop
vertex 27.4276 1.14863 -2.48005
vertex 27.4276 1.04421 -2.58628
vertex 27.4276 1.04421 -2.58628
endloop
endfacet
facet normal 1 0 0
outer loop
vertex 27.4276 1.04421 -2.58628
vertex 27.4276 0.939786 -2.67877
vertex 27.4276 1.04421 -2.58628
endloop
endfacet
facet normal 1 0 0
outer loop
vertex 27.4276 1.04421 -2.58628
vertex 27.4276 0.939786 -2.67877
vertex 27.4276 0.939786 -2.67877
endloop
endfacet
facet normal 1 0 0
outer loop
vertex 27.4276 0.939786 -2.67877
vertex 27.4276 0.835366 -2.75889
vertex 27.4276 0.939786 -2.67877
endloop
endfacet
facet normal 1 0 0
outer loop
vertex 27.4276 0.939786 -2.67877
vertex 27.4276 0.835366 -2.75889
vertex 27.4276 0.835366 -2.75889
endloop
endfacet
facet normal 1 0 0
outer loop
vertex 27.4276 0.835366 -2.75889
vertex 27.4276 0.730945 -2.8277
vertex 27.4276 0.835366 -2.75889
endloop
endfacet
facet normal 1 0 0
outer loop
vertex 27.4276 0.835366 -2.75889
vertex 27.4276 0.730945 -2.8277
vertex 27.4276 0.730945 -2.8277
endloop
endfacet
facet normal 1 0 0
outer loop
vertex 27.4276 0.730945 -2.8277
vertex 27.4276 0.626524 -2.88601
vertex 27.4276 0.730945 -2.8277
endloop
endfacet
facet normal 1 0 0
outer loop
vertex 27.4276 0.730945 -2.8277
vertex 27.4276 0.626524 -2.88601
vertex 27.4276 0.626524 -2.88601
endloop
endfacet
facet normal 1 0 0
outer loop
vertex 27.4276 0.626524 -2.88601
vertex 27.4276 0.522104 -2.93444
vertex 27.4276 0.626524 -2.88601
endloop
endfacet
facet normal 1 0 0
outer loop
vertex 27.4276 0.626524 -2.88601
vertex 27.4276 0.522104 -2.93444
vertex 27.4276 0.522104 -2.93444
endloop
endfacet
facet normal 1 0 0
outer loop
vertex 27.4276 0.522104 -2.93444
vertex 27.4276 0.417683 -2.97348
vertex 27.4276 0.522104 -2.93444
endloop
endfacet
facet normal 1 0 0
outer loop
vertex 27.4276 0.522104 -2.93444
vertex 27.4276 0.417683 -2.97348
vertex 27.4276 0.417683 -2.97348
endloop
endfacet
facet normal 1 0 0
outer loop
vertex 27.4276 0.417683 -2.97348
vertex 27.4276 0.313262 -3.0035
vertex 27.4276 0.417683 -2.97348
endloop
endfacet
facet normal 1 0 0
outer loop
vertex 27.4276 0.417683 -2.97348
vertex 27.4276 0.313262 -3.0035
vertex 27.4276 0.313262 -3.0035
endloop
endfacet
facet normal 1 0 0
outer loop
vertex 27.4276 0.313262 -3.0035
vertex 27.4276 0.208841 -3.02475
vertex 27.4276 0.313262 -3.0035
endloop
endfacet
facet normal 1 0 0
outer loop
vertex 27.4276 0.313262 -3.0035
vertex 27.4276 0.208841 -3.02475
vertex 27.4276 0.208841 -3.02475
endloop
endfacet
facet normal 1 0 0
outer loop
vertex 27.4276 0.208841 -3.02475
vertex 27.4276 0.104421 -3.03743
vertex 27.4276 0.208841 -3.02475
endloop
endfacet
facet normal 1 0 0
outer loop
vertex 27.4276 0.208841 -3.02475
vertex 27.4276 0.104421 -3.03743
vertex 27.4276 0.104421 -3.03743
endloop
endfacet
facet normal 1 0 0
outer loop
vertex 27.4276 0.104421 -3.03743
vertex 27.4276 -1.67946e-15 -3.04165
vertex 27.4276 0.104421 -3.03743
endloop
endfacet
facet normal 1 0 0
outer loop
vertex 27.4276 0.104421 -3.03743
vertex 27.4276 -1.67946e-15 -3.04165
vertex 27.4276 -1.67946e-15 -3.04165
endloop
endfacet
facet normal 1 0 0
outer loop
vertex 27.4276 -1.67946e-15 -3.04165
vertex 27.4276 -0.104421 -3.03743
vertex 27.4276 -1.67946e-15 -3.04165
endloop
endfacet
facet normal 1 0 0
outer loop
vertex 27.4276 -1.67946e-15 -3.04165
vertex 27.4276 -0.104421 -3.03743
vertex 27.4276 -0.104421 -3.03743
endloop
endfacet
facet normal 1 0 0
outer loop
vertex 27.4276 -0.104421 -3.03743
vertex 27.4276 -0.208841 -3.02475
vertex 27.4276 -0.104421 -3.03743
endloop
endfacet
facet normal 1 0 0
outer loop
vertex 27.4276 -0.104421 -3.03743
vertex 27.4276 -0.208841 -3.02475
vertex 27.4276 -0.208841 -3.02475
endloop
endfacet
facet normal 1 0 0
outer loop
vertex 27.4276 -0.208841 -3.02475
vertex 27.4276 -0.313262 -3.0035
vertex 27.4276 -0.208841 -3.02475
endloop
endfacet
facet normal 1 0 0
outer loop
vertex 27.4276 -0.208841 -3.02475
vertex 27.4276 -0.313262 -3.0035
vertex 27.4276 -0.313262 -3.0035
endloop
endfacet
facet normal 1 0 0
outer loop
vertex 27.4276 -0.313262 -3.0035
vertex 27.4276 -0.417683 -2.97348
vertex 27.4276 -0.313262 -3.0035
endloop
endfacet
facet normal 1 0 0
outer loop
vertex 27.4276 -0.313262 -3.0035
vertex 27.4276 -0.417683 -2.97348
vertex 27.4276 -0.417683 -2.97348
endloop
endfacet
facet normal 1 0 0
outer loop
vertex 27.4276 -0.417683 -2.97348
vertex 27.4276 -0.522104 -2.93444
vertex 27.4276 -0.417683 -2.97348
endloop
endfacet
facet normal 1 0 0
outer loop
vertex 27.4276 -0.417683 -2.97348
vertex 27.4276 -0.522104 -2.93444
vertex 27.4276 -0.522104 -2.93444
endloop
endfacet
facet normal 1 0 0
outer loop
vertex 27.4276 -0.522104 -2.93444
vertex 27.4276 -0.626524 -2.88601
vertex 27.4276 -0.522104 -2.93444
endloop
endfacet
facet normal 1 0 0
outer loop
vertex 27.4276 -0.522104 -2.93444
vertex 27.4276 -0.626524 -2.88601
vertex 27.4276 -0.626524 -2.88601
endloop
endfacet
facet normal 1 0 0
outer loop
vertex 27.4276 -0.626524 -2.88601
vertex 27.4276 -0.730945 -2.8277
vertex 27.4276 -0.626524 -2.88601
endloop
endfacet
facet normal 1 0 0
outer loop
vertex 27.4276 -0.626524 -2.88601
vertex 27.4276 -0.730945 -2.8277
vertex 27.4276 -0.730945 -2.8277
endloop
endfacet
facet normal 1 0 0
outer loop
vertex 27.4276 -0.730945 -2.8277
vertex 27.4276 -0.835366 -2.75889
vertex 27.4276 -0.730945 -2.8277
endloop
endfacet
facet normal 1 0 0
outer loop
vertex 27.4276 -0.730945 -2.8277
vertex 27.4276 -0.835366 -2.75889
vertex 27.4276 -0.835366 -2.75889
endloop
endfacet
facet normal 1 0 0
outer loop
vertex 27.4276 -0.835366 -2.75889
vertex 27.4276 -0.939786 -2.67877
vertex 27.4276 -0.835366 -2.75889
endloop
endfacet
facet normal 1 0 0
outer loop
vertex 27.4276 -0.835366 -2.75889
vertex 27.4276 -0.939786 -2.67877
vertex 27.4276 -0.939786 -2.67877
endloop
endfacet
facet normal 1 0 0
outer loop
vertex 27.4276 -0.939786 -2.67877
vertex 27.4276 -1.04421 -2.58628
vertex 27.4276 -0.939786 -2.67877
endloop
endfacet
facet normal 1 0 0
outer loop
vertex 27.4276 -0.939786 -2.67877
vertex 27.4276 -1.04421 -2.58628
vertex 27.4276 -1.04421 -2.58628
endloop
endfacet
facet normal 1 0 0
outer loop
vertex 27.4276 -1.04421 -2.58628
vertex 27.4276 -1.14863 -2.48005
vertex 27.4276 -1.04421 -2.58628
endloop
endfacet
facet normal 1 0 0
outer loop
vertex 27.4276 -1.04421 -2.58628
vertex 27.4276 -1.14863 -2.48005
vertex 27.4276 -1.14863 -2.48005
endloop
endfacet
facet normal 1 0 0
outer loop
vertex 27.4276 -1.14863 -2.48005
vertex 27.4276 -1.25305 -2.35823
vertex 27.4276 -1.14863 -2.48005
endloop
endfacet
facet normal 1 0 0
outer loop
vertex 27.4276 -1.14863 -2.48005
vertex 27.4276 -1.25305 -2.35823
vertex 27.4276 -1.25305 -2.35823
endloop
endfacet
facet normal 1 0 0
outer loop
vertex 27.4276 -1.25305 -2.35823
vertex 27.4276 -1.35747 -2.21823
vertex 27.4276 -1.25305 -2.35823
endloop
endfacet
facet normal 1 0 0
outer loop
vertex 27.4276 -1.25305 -2.35823
vertex 27.4276 -1.35747 -2.21823
vertex 27.4276 -1.35747 -2.21823
endloop
endfacet
facet normal 1 0 0
outer loop
vertex 27.4276 -1.35747 -2.21823
vertex 27.4276 -1.46189 -2.05635
vertex 27.4276 -1.35747 -2.21823
endloop
endfacet
facet normal 1 0 0
outer loop
vertex 27.4276 -1.35747 -2.21823
vertex 27.4276 -1.46189 -2.05635
vertex 27.4276 -1.46189 -2.05635
endloop
endfacet
facet normal 1 0 0
outer loop
vertex 27.4276 -1.46189 -2.05635
vertex 27.4276 -1.56631 -1.86692
vertex 27.4276 -1.46189 -2.05635
endloop
endfacet
facet normal 1 0 0
outer loop
vertex 27.4276 -1.46189 -2.05635
vertex 27.4276 -1.56631 -1.86692
vertex 27.4276 -1.56631 -1.86692
endloop
endfacet
facet normal 1 0 0
outer loop
vertex 27.4276 -1.56631 -1.86692
vertex 27.4276 -1.67073 -1.6404
vertex 27.4276 -1.56631 -1.86692
endloop
endfacet
facet normal 1 0 0
outer loop
vertex 27.4276 -1.56631 -1.86692
vertex 27.4276 -1.67073 -1.6404
vertex 27.4276 -1.67073 -1.6404
endloop
endfacet
facet normal 1 0 0
outer loop
vertex 27.4276 -1.67073 -1.6404
vertex 27.4276 -1.77515 -1.35838
vertex 27.4276 -1.67073 -1.6404
endloop
endfacet
facet normal 1 0 0
outer loop
vertex 27.4276 -1.67073 -1.6404
vertex 27.4276 -1.77515 -1.35838
vertex 27.4276 -1.77515 -1.35838
endloop
endfacet
facet normal 1 0 0
outer loop
vertex 27.4276 -1.77515 -1.35838
vertex 27.4276 -1.98399 1.67946e-15
vertex 27.4276 -1.77515 -1.35838
endloop
endfacet
facet normal 1 0 0
outer loop
vertex 27.4276 -1.77515 -1.35838
vertex 27.4276 -1.98399 1.67946e-15
vertex 27.4276 -1.98399 1.67946e-15
endloop
endfacet
facet normal -0.071004 0.983321 -0.167445
outer loop
vertex 27.4276 -1.98399 1.67946e-15
vertex 27.4276 -1.87957 0.613211
vertex 31.8532 -1.66442 1.95045e-15
endloop
endfacet
facet normal -0.069855 0.984867 -0.15861
outer loop
vertex 31.8532 -1.66442 1.95045e-15
vertex 27.4276 -1.87957 0.613211
vertex 31.8532 -1.57682 0.543947
endloop
endfacet
facet normal -0.0688508 0.916112 -0.394966
outer loop
vertex 27.4276 -1.87957 0.613211
vertex 27.4276 -1.77515 0.855412
vertex 31.8532 -1.57682 0.543947
endloop
endfacet
facet normal -0.0679113 0.923846 -0.376693
outer loop
vertex 31.8532 -1.57682 0.543947
vertex 27.4276 -1.77515 0.855412
vertex 31.8532 -1.48922 0.758791
endloop
endfacet
facet normal -0.0666112 0.860121 -0.505723
outer loop
vertex 27.4276 -1.77515 0.855412
vertex 27.4276 -1.67073 1.03301
vertex 31.8532 -1.48922 0.758791
endloop
endfacet
facet normal -0.0658132 0.872071 -0.484933
outer loop
vertex 31.8532 -1.48922 0.758791
vertex 27.4276 -1.67073 1.03301
vertex 31.8532 -1.40162 0.916327
endloop
endfacet
facet normal -0.064504 0.805221 -0.589455
outer loop
vertex 27.4276 -1.67073 1.03301
vertex 27.4276 -1.56631 1.17565
vertex 31.8532 -1.40162 0.916327
endloop
endfacet
facet normal -0.0638192 0.820508 -0.568062
outer loop
vertex 31.8532 -1.40162 0.916327
vertex 27.4276 -1.56631 1.17565
vertex 31.8532 -1.31402 1.04286
endloop
endfacet
facet normal -0.062535 0.750981 -0.657356
outer loop
vertex 27.4276 -1.56631 1.17565
vertex 27.4276 -1.46189 1.29494
vertex 31.8532 -1.31402 1.04286
endloop
endfacet
facet normal -0.0619408 0.768817 -0.636462
outer loop
vertex 31.8532 -1.31402 1.04286
vertex 27.4276 -1.46189 1.29494
vertex 31.8532 -1.22642 1.14868
endloop
endfacet
facet normal -0.0607042 0.69726 -0.714244
outer loop
vertex 27.4276 -1.46189 1.29494
vertex 27.4276 -1.35747 1.39688
vertex 31.8532 -1.22642 1.14868
endloop
endfacet
facet normal -0.0601819 0.716925 -0.694548
outer loop
vertex 31.8532 -1.22642 1.14868
vertex 27.4276 -1.35747 1.39688
vertex 31.8532 -1.13882 1.2391
endloop
endfacet
facet normal -0.0590101 0.643985 -0.762759
outer loop
vertex 27.4276 -1.35747 1.39688
vertex 27.4276 -1.25305 1.48504
vertex 31.8532 -1.13882 1.2391
endloop
endfacet
facet normal -0.0585448 0.664814 -0.744712
outer loop
vertex 31.8532 -1.13882 1.2391
vertex 27.4276 -1.25305 1.48504
vertex 31.8532 -1.05122 1.3173
endloop
endfacet
facet normal -0.0574512 0.591106 -0.804545
outer loop
vertex 27.4276 -1.25305 1.48504
vertex 27.4276 -1.14863 1.56176
vertex 31.8532 -1.05122 1.3173
endloop
endfacet
facet normal -0.0570311 0.612486 -0.788421
outer loop
vertex 31.8532 -1.05122 1.3173
vertex 27.4276 -1.14863 1.56176
vertex 31.8532 -0.963614 1.38536
endloop
endfacet
facet normal -0.0560257 0.538579 -0.84071
outer loop
vertex 27.4276 -1.14863 1.56176
vertex 27.4276 -1.04421 1.62866
vertex 31.8532 -0.963614 1.38536
endloop
endfacet
facet normal -0.0556422 0.559952 -0.826655
outer loop
vertex 31.8532 -0.963614 1.38536
vertex 27.4276 -1.04421 1.62866
vertex 31.8532 -0.876013 1.44469
endloop
endfacet
facet normal -0.0547321 0.486368 -0.872038
outer loop
vertex 27.4276 -1.04421 1.62866
vertex 27.4276 -0.939786 1.6869
vertex 31.8532 -0.876013 1.44469
endloop
endfacet
facet normal -0.0543792 0.507224 -0.860097
outer loop
vertex 31.8532 -0.876013 1.44469
vertex 27.4276 -0.939786 1.6869
vertex 31.8532 -0.788412 1.49636
endloop
endfacet
facet normal -0.0535691 0.434437 -0.899108
outer loop
vertex 27.4276 -0.939786 1.6869
vertex 27.4276 -0.835366 1.73735
vertex 31.8532 -0.788412 1.49636
endloop
endfacet
facet normal -0.0532431 0.454319 -0.889247
outer loop
vertex 31.8532 -0.788412 1.49636
vertex 27.4276 -0.835366 1.73735
vertex 31.8532 -0.70081 1.54111
endloop
endfacet
facet normal -0.0525354 0.382755 -0.922355
outer loop
vertex 27.4276 -0.835366 1.73735
vertex 27.4276 -0.730945 1.78068
vertex 31.8532 -0.70081 1.54111
endloop
endfacet
facet normal -0.0522348 0.401253 -0.914477
outer loop
vertex 31.8532 -0.70081 1.54111
vertex 27.4276 -0.730945 1.78068
vertex 31.8532 -0.613209 1.57955
endloop
endfacet
facet normal -0.0516297 0.33129 -0.942115
outer loop
vertex 27.4276 -0.730945 1.78068
vertex 27.4276 -0.626524 1.8174
vertex 31.8532 -0.613209 1.57955
endloop
endfacet
facet normal -0.0513552 0.348045 -0.93607
outer loop
vertex 31.8532 -0.613209 1.57955
vertex 27.4276 -0.626524 1.8174
vertex 31.8532 -0.525608 1.61212
endloop
endfacet
facet normal -0.0508512 0.28001 -0.958649
outer loop
vertex 27.4276 -0.626524 1.8174
vertex 27.4276 -0.522104 1.8479
vertex 31.8532 -0.525608 1.61212
endloop
endfacet
facet normal -0.0506049 0.294712 -0.954245
outer loop
vertex 31.8532 -0.525608 1.61212
vertex 27.4276 -0.522104 1.8479
vertex 31.8532 -0.438006 1.63918
endloop
endfacet
facet normal -0.0501989 0.228888 -0.972158
outer loop
vertex 27.4276 -0.522104 1.8479
vertex 27.4276 -0.417683 1.87249
vertex 31.8532 -0.438006 1.63918
endloop
endfacet
facet normal -0.0499845 0.241273 -0.969169
outer loop
vertex 31.8532 -0.438006 1.63918
vertex 27.4276 -0.417683 1.87249
vertex 31.8532 -0.350405 1.66098
endloop
endfacet
facet normal -0.0496722 0.177893 -0.982795
outer loop
vertex 27.4276 -0.417683 1.87249
vertex 27.4276 -0.313262 1.89139
vertex 31.8532 -0.350405 1.66098
endloop
endfacet
facet normal -0.0494944 0.187747 -0.98097
outer loop
vertex 31.8532 -0.350405 1.66098
vertex 27.4276 -0.313262 1.89139
vertex 31.8532 -0.262804 1.67775
endloop
endfacet
facet normal -0.0492705 0.126996 -0.990679
outer loop
vertex 27.4276 -0.313262 1.89139
vertex 27.4276 -0.208841 1.90477
vertex 31.8532 -0.262804 1.67775
endloop
endfacet
facet normal -0.0491351 0.134153 -0.989742
outer loop
vertex 31.8532 -0.262804 1.67775
vertex 27.4276 -0.208841 1.90477
vertex 31.8532 -0.175203 1.68962
endloop
endfacet
facet normal -0.0489933 0.0761696 -0.99589
outer loop
vertex 27.4276 -0.208841 1.90477
vertex 27.4276 -0.104421 1.91276
vertex 31.8532 -0.175203 1.68962
endloop
endfacet
facet normal -0.0489069 0.0805114 -0.995553
outer loop
vertex 31.8532 -0.175203 1.68962
vertex 27.4276 -0.104421 1.91276
vertex 31.8532 -0.0876013 1.69671
endloop
endfacet
facet normal -0.0488404 0.0253852 -0.998484
outer loop
vertex 27.4276 -0.104421 1.91276
vertex 27.4276 -1.67946e-15 1.91541
vertex 31.8532 -0.0876013 1.69671
endloop
endfacet
facet normal -0.0488098 0.0268403 -0.998447
outer loop
vertex 31.8532 -0.0876013 1.69671
vertex 27.4276 -1.67946e-15 1.91541
vertex 31.8532 -1.95045e-15 1.69906
endloop
endfacet
facet normal -0.0488117 -0.0253853 -0.998485
outer loop
vertex 27.4276 -1.67946e-15 1.91541
vertex 27.4276 0.104421 1.91276
vertex 31.8532 -1.95045e-15 1.69906
endloop
endfacet
facet normal -0.0488441 -0.0268403 -0.998446
outer loop
vertex 31.8532 -1.95045e-15 1.69906
vertex 27.4276 0.104421 1.91276
vertex 31.8532 0.0876013 1.69671
endloop
endfacet
facet normal -0.048907 -0.0761699 -0.995895
outer loop
vertex 27.4276 0.104421 1.91276
vertex 27.4276 0.208841 1.90477
vertex 31.8532 0.0876013 1.69671
endloop
endfacet
facet normal -0.0490097 -0.080511 -0.995548
outer loop
vertex 31.8532 0.0876013 1.69671
vertex 27.4276 0.208841 1.90477
vertex 31.8532 0.175203 1.68962
endloop
endfacet
facet normal -0.0491266 -0.126997 -0.990686
outer loop
vertex 27.4276 0.208841 1.90477
vertex 27.4276 0.313262 1.89139
vertex 31.8532 0.175203 1.68962
endloop
endfacet
facet normal -0.0493064 -0.134152 -0.989733
outer loop
vertex 31.8532 0.175203 1.68962
vertex 27.4276 0.313262 1.89139
vertex 31.8532 0.262804 1.67775
endloop
endfacet
facet normal -0.0494707 -0.177894 -0.982805
outer loop
vertex 27.4276 0.313262 1.89139
vertex 27.4276 0.417683 1.87249
vertex 31.8532 0.262804 1.67775
endloop
endfacet
facet normal -0.0497341 -0.187745 -0.980958
outer loop
vertex 31.8532 0.262804 1.67775
vertex 27.4276 0.417683 1.87249
vertex 31.8532 0.350405 1.66098
endloop
endfacet
facet normal -0.0499397 -0.228891 -0.97217
outer loop
vertex 27.4276 0.417683 1.87249
vertex 27.4276 0.522104 1.8479
vertex 31.8532 0.350405 1.66098
endloop
endfacet
facet normal -0.0502925 -0.241269 -0.969154
outer loop
vertex 31.8532 0.350405 1.66098
vertex 27.4276 0.522104 1.8479
vertex 31.8532 0.438006 1.63918
endloop
endfacet
facet normal -0.0505341 -0.280015 -0.958665
outer loop
vertex 27.4276 0.522104 1.8479
vertex 27.4276 0.626524 1.8174
vertex 31.8532 0.438006 1.63918
endloop
endfacet
facet normal -0.0509811 -0.294706 -0.954227
outer loop
vertex 31.8532 0.438006 1.63918
vertex 27.4276 0.626524 1.8174
vertex 31.8532 0.525608 1.61212
endloop
endfacet
facet normal -0.0512546 -0.331296 -0.942134
outer loop
vertex 27.4276 0.626524 1.8174
vertex 27.4276 0.730945 1.78068
vertex 31.8532 0.525608 1.61212
endloop
endfacet
facet normal -0.0517995 -0.348037 -0.936049
outer loop
vertex 31.8532 0.525608 1.61212
vertex 27.4276 0.730945 1.78068
vertex 31.8532 0.613209 1.57955
endloop
endfacet
facet normal -0.052102 -0.382764 -0.922376
outer loop
vertex 27.4276 0.730945 1.78068
vertex 27.4276 0.835366 1.73735
vertex 31.8532 0.613209 1.57955
endloop
endfacet
facet normal -0.052747 -0.401242 -0.914452
outer loop
vertex 31.8532 0.613209 1.57955
vertex 27.4276 0.835366 1.73735
vertex 31.8532 0.70081 1.54111
endloop
endfacet
facet normal -0.0530773 -0.434449 -0.899131
outer loop
vertex 27.4276 0.835366 1.73735
vertex 27.4276 0.939786 1.6869
vertex 31.8532 0.70081 1.54111
endloop
endfacet
facet normal -0.0538229 -0.454305 -0.889219
outer loop
vertex 31.8532 0.70081 1.54111
vertex 27.4276 0.939786 1.6869
vertex 31.8532 0.788412 1.49636
endloop
endfacet
facet normal -0.0541816 -0.486383 -0.872064
outer loop
vertex 27.4276 0.939786 1.6869
vertex 27.4276 1.04421 1.62866
vertex 31.8532 0.788412 1.49636
endloop
endfacet
facet normal -0.0550264 -0.507206 -0.860066
outer loop
vertex 31.8532 0.788412 1.49636
vertex 27.4276 1.04421 1.62866
vertex 31.8532 0.876013 1.44469
endloop
endfacet
facet normal -0.0554161 -0.538598 -0.840739
outer loop
vertex 27.4276 1.04421 1.62866
vertex 27.4276 1.14863 1.56176
vertex 31.8532 0.876013 1.44469
endloop
endfacet
facet normal -0.0563566 -0.559929 -0.826622
outer loop
vertex 31.8532 0.876013 1.44469
vertex 27.4276 1.14863 1.56176
vertex 31.8532 0.963614 1.38536
endloop
endfacet
facet normal -0.0567822 -0.591129 -0.804576
outer loop
vertex 27.4276 1.14863 1.56176
vertex 27.4276 1.25305 1.48504
vertex 31.8532 0.963614 1.38536
endloop
endfacet
facet normal -0.0578125 -0.612458 -0.788386
outer loop
vertex 31.8532 0.963614 1.38536
vertex 27.4276 1.25305 1.48504
vertex 31.8532 1.05122 1.3173
endloop
endfacet
facet normal -0.0582815 -0.644013 -0.762791
outer loop
vertex 27.4276 1.25305 1.48504
vertex 27.4276 1.35747 1.39688
vertex 31.8532 1.05122 1.3173
endloop
endfacet
facet normal -0.0593928 -0.66478 -0.744674
outer loop
vertex 31.8532 1.05122 1.3173
vertex 27.4276 1.35747 1.39688
vertex 31.8532 1.13882 1.2391
endloop
endfacet
facet normal -0.0599154 -0.697293 -0.714278
outer loop
vertex 27.4276 1.35747 1.39688
vertex 27.4276 1.46189 1.29494
vertex 31.8532 1.13882 1.2391
endloop
endfacet
facet normal -0.0610962 -0.716885 -0.69451
outer loop
vertex 31.8532 1.13882 1.2391
vertex 27.4276 1.46189 1.29494
vertex 31.8532 1.22642 1.14868
endloop
endfacet
facet normal -0.0616856 -0.75102 -0.657391
outer loop
vertex 27.4276 1.46189 1.29494
vertex 27.4276 1.56631 1.17565
vertex 31.8532 1.22642 1.14868
endloop
endfacet
facet normal -0.062921 -0.76877 -0.636423
outer loop
vertex 31.8532 1.22642 1.14868
vertex 27.4276 1.56631 1.17565
vertex 31.8532 1.31402 1.04286
endloop
endfacet
facet normal -0.0635935 -0.805269 -0.58949
outer loop
vertex 27.4276 1.56631 1.17565
vertex 27.4276 1.67073 1.03301
vertex 31.8532 1.31402 1.04286
endloop
endfacet
facet normal -0.0648651 -0.820452 -0.568023
outer loop
vertex 31.8532 1.31402 1.04286
vertex 27.4276 1.67073 1.03301
vertex 31.8532 1.40162 0.916327
endloop
endfacet
facet normal -0.0656389 -0.860176 -0.505755
outer loop
vertex 27.4276 1.67073 1.03301
vertex 27.4276 1.77515 0.855412
vertex 31.8532 1.40162 0.916327
endloop
endfacet
facet normal -0.0669245 -0.872007 -0.484898
outer loop
vertex 31.8532 1.40162 0.916327
vertex 27.4276 1.77515 0.855412
vertex 31.8532 1.48922 0.758791
endloop
endfacet
facet normal -0.0677858 -0.969232 -0.23663
outer loop
vertex 27.4276 1.77515 0.855412
vertex 27.4276 1.98399 1.67946e-15
vertex 31.8532 1.48922 0.758791
endloop
endfacet
facet normal -0.0701837 -0.971961 -0.224423
outer loop
vertex 31.8532 1.48922 0.758791
vertex 27.4276 1.98399 1.67946e-15
vertex 31.8532 1.66442 1.95045e-15
endloop
endfacet
facet normal -0.0716124 -0.991747 0.106348
outer loop
vertex 27.4276 1.98399 1.67946e-15
vertex 27.4276 1.87957 -0.97377
vertex 31.8532 1.66442 1.95045e-15
endloop
endfacet
facet normal -0.0733129 -0.990737 0.1143
outer loop
vertex 31.8532 1.66442 1.95045e-15
vertex 27.4276 1.87957 -0.97377
vertex 31.8532 1.57682 -0.759316
endloop
endfacet
facet normal -0.0784717 -0.962089 0.261204
outer loop
vertex 27.4276 1.87957 -0.97377
vertex 27.4276 1.77515 -1.35838
vertex 31.8532 1.57682 -0.759316
endloop
endfacet
facet normal -0.0807044 -0.956759 0.279463
outer loop
vertex 31.8532 1.57682 -0.759316
vertex 27.4276 1.77515 -1.35838
vertex 31.8532 1.48922 -1.05923
endloop
endfacet
facet normal -0.0837633 -0.934487 0.346003
outer loop
vertex 27.4276 1.77515 -1.35838
vertex 27.4276 1.67073 -1.6404
vertex 31.8532 1.48922 -1.05923
endloop
endfacet
facet normal -0.0863747 -0.925533 0.368685
outer loop
vertex 31.8532 1.48922 -1.05923
vertex 27.4276 1.67073 -1.6404
vertex 31.8532 1.40162 -1.27914
endloop
endfacet
facet normal -0.0890409 -0.904543 0.416983
outer loop
vertex 27.4276 1.67073 -1.6404
vertex 27.4276 1.56631 -1.86692
vertex 31.8532 1.40162 -1.27914
endloop
endfacet
facet normal -0.0919571 -0.892074 0.442433
outer loop
vertex 31.8532 1.40162 -1.27914
vertex 27.4276 1.56631 -1.86692
vertex 31.8532 1.31402 -1.45577
endloop
endfacet
facet normal -0.094349 -0.871857 0.480586
outer loop
vertex 27.4276 1.56631 -1.86692
vertex 27.4276 1.46189 -2.05635
vertex 31.8532 1.31402 -1.45577
endloop
endfacet
facet normal -0.0974937 -0.856026 0.507656
outer loop
vertex 31.8532 1.31402 -1.45577
vertex 27.4276 1.46189 -2.05635
vertex 31.8532 1.22642 -1.60348
endloop
endfacet
facet normal -0.0996814 -0.836147 0.539371
outer loop
vertex 27.4276 1.46189 -2.05635
vertex 27.4276 1.35747 -2.21823
vertex 31.8532 1.22642 -1.60348
endloop
endfacet
facet normal -0.102974 -0.817172 0.567121
outer loop
vertex 31.8532 1.22642 -1.60348
vertex 27.4276 1.35747 -2.21823
vertex 31.8532 1.13882 -1.72971
endloop
endfacet
facet normal -0.105015 -0.797153 0.594574
outer loop
vertex 27.4276 1.35747 -2.21823
vertex 27.4276 1.25305 -2.35823
vertex 31.8532 1.13882 -1.72971
endloop
endfacet
facet normal -0.108372 -0.775339 0.622177
outer loop
vertex 31.8532 1.13882 -1.72971
vertex 27.4276 1.25305 -2.35823
vertex 31.8532 1.05122 -1.83887
endloop
endfacet
facet normal -0.110318 -0.754633 0.646807
outer loop
vertex 27.4276 1.25305 -2.35823
vertex 27.4276 1.14863 -2.48005
vertex 31.8532 1.05122 -1.83887
endloop
endfacet
facet normal -0.113654 -0.730384 0.673515
outer loop
vertex 31.8532 1.05122 -1.83887
vertex 27.4276 1.14863 -2.48005
vertex 31.8532 0.963614 -1.93387
endloop
endfacet
facet normal -0.115548 -0.708368 0.696321
outer loop
vertex 27.4276 1.14863 -2.48005
vertex 27.4276 1.04421 -2.58628
vertex 31.8532 0.963614 -1.93387
endloop
endfacet
facet normal -0.118778 -0.682191 0.721462
outer loop
vertex 31.8532 0.963614 -1.93387
vertex 27.4276 1.04421 -2.58628
vertex 31.8532 0.876013 -2.0167
endloop
endfacet
facet normal -0.120654 -0.658176 0.743133
outer loop
vertex 27.4276 1.04421 -2.58628
vertex 27.4276 0.939786 -2.67877
vertex 31.8532 0.876013 -2.0167
endloop
endfacet
facet normal -0.123696 -0.630686 0.766116
outer loop
vertex 31.8532 0.876013 -2.0167
vertex 27.4276 0.939786 -2.67877
vertex 31.8532 0.788412 -2.08882
endloop
endfacet
facet normal -0.125576 -0.603926 0.787085
outer loop
vertex 27.4276 0.939786 -2.67877
vertex 27.4276 0.835366 -2.75889
vertex 31.8532 0.788412 -2.08882
endloop
endfacet
facet normal -0.128357 -0.575844 0.807421
outer loop
vertex 31.8532 0.788412 -2.08882
vertex 27.4276 0.835366 -2.75889
vertex 31.8532 0.70081 -2.1513
endloop
endfacet
facet normal -0.130247 -0.545559 0.827889
outer loop
vertex 27.4276 0.835366 -2.75889
vertex 27.4276 0.730945 -2.8277
vertex 31.8532 0.70081 -2.1513
endloop
endfacet
facet normal -0.132704 -0.517698 0.845209
outer loop
vertex 31.8532 0.70081 -2.1513
vertex 27.4276 0.730945 -2.8277
vertex 31.8532 0.613209 -2.20495
endloop
endfacet
facet normal -0.13459 -0.483108 0.865155
outer loop
vertex 27.4276 0.730945 -2.8277
vertex 27.4276 0.626524 -2.88601
vertex 31.8532 0.613209 -2.20495
endloop
endfacet
facet normal -0.136677 -0.456352 0.87924
outer loop
vertex 31.8532 0.613209 -2.20495
vertex 27.4276 0.626524 -2.88601
vertex 31.8532 0.525608 -2.25042
endloop
endfacet
facet normal -0.138528 -0.416716 0.89842
outer loop
vertex 27.4276 0.626524 -2.88601
vertex 27.4276 0.522104 -2.93444
vertex 31.8532 0.525608 -2.25042
endloop
endfacet
facet normal -0.140217 -0.391988 0.909222
outer loop
vertex 31.8532 0.525608 -2.25042
vertex 27.4276 0.522104 -2.93444
vertex 31.8532 0.438006 -2.28819
endloop
endfacet
facet normal -0.141979 -0.346656 0.927185
outer loop
vertex 27.4276 0.522104 -2.93444
vertex 27.4276 0.417683 -2.97348
vertex 31.8532 0.438006 -2.28819
endloop
endfacet
facet normal -0.143265 -0.324873 0.934844
outer loop
vertex 31.8532 0.438006 -2.28819
vertex 27.4276 0.417683 -2.97348
vertex 31.8532 0.350405 -2.31863
endloop
endfacet
facet normal -0.144864 -0.273337 0.950948
outer loop
vertex 27.4276 0.417683 -2.97348
vertex 27.4276 0.313262 -3.0035
vertex 31.8532 0.350405 -2.31863
endloop
endfacet
facet normal -0.145765 -0.255357 0.955795
outer loop
vertex 31.8532 0.350405 -2.31863
vertex 27.4276 0.313262 -3.0035
vertex 31.8532 0.262804 -2.34203
endloop
endfacet
facet normal -0.147113 -0.197304 0.969241
outer loop
vertex 27.4276 0.313262 -3.0035
vertex 27.4276 0.208841 -3.02475
vertex 31.8532 0.262804 -2.34203
endloop
endfacet
facet normal -0.147671 -0.183874 0.971794
outer loop
vertex 31.8532 0.262804 -2.34203
vertex 27.4276 0.208841 -3.02475
vertex 31.8532 0.175203 -2.35861
endloop
endfacet
facet normal -0.148666 -0.119229 0.981673
outer loop
vertex 27.4276 0.208841 -3.02475
vertex 27.4276 0.104421 -3.03743
vertex 31.8532 0.175203 -2.35861
endloop
endfacet
facet normal -0.148942 -0.110927 0.982604
outer loop
vertex 31.8532 0.175203 -2.35861
vertex 27.4276 0.104421 -3.03743
vertex 31.8532 0.0876013 -2.3685
endloop
endfacet
facet normal -0.149481 -0.0398865 0.98796
outer loop
vertex 27.4276 0.104421 -3.03743
vertex 27.4276 -1.67946e-15 -3.04165
vertex 31.8532 0.0876013 -2.3685
endloop
endfacet
facet normal -0.149552 -0.0370776 0.988058
outer loop
vertex 31.8532 0.0876013 -2.3685
vertex 27.4276 -1.67946e-15 -3.04165
vertex 31.8532 -1.95045e-15 -2.37179
endloop
endfacet
facet normal -0.149536 0.0398861 0.987951
outer loop
vertex 27.4276 -1.67946e-15 -3.04165
vertex 27.4276 -0.104421 -3.03743
vertex 31.8532 -1.95045e-15 -2.37179
endloop
endfacet
facet normal -0.149487 0.037078 0.988068
outer loop
vertex 31.8532 -1.95045e-15 -2.37179
vertex 27.4276 -0.104421 -3.03743
vertex 31.8532 -0.0876013 -2.3685
endloop
endfacet
facet normal -0.148829 0.119227 0.981649
outer loop
vertex 27.4276 -0.104421 -3.03743
vertex 27.4276 -0.208841 -3.02475
vertex 31.8532 -0.0876013 -2.3685
endloop
endfacet
facet normal -0.148748 0.11093 0.982633
outer loop
vertex 31.8532 -0.0876013 -2.3685
vertex 27.4276 -0.208841 -3.02475
vertex 31.8532 -0.175203 -2.35861
endloop
endfacet
facet normal -0.147382 0.197296 0.969202
outer loop
vertex 27.4276 -0.208841 -3.02475
vertex 27.4276 -0.313262 -3.0035
vertex 31.8532 -0.175203 -2.35861
endloop
endfacet
facet normal -0.147349 0.183883 0.971841
outer loop
vertex 31.8532 -0.175203 -2.35861
vertex 27.4276 -0.313262 -3.0035
vertex 31.8532 -0.262804 -2.34203
endloop
endfacet
facet normal -0.145238 0.273321 0.950895
outer loop
vertex 27.4276 -0.313262 -3.0035
vertex 27.4276 -0.417683 -2.97348
vertex 31.8532 -0.262804 -2.34203
endloop
endfacet
facet normal -0.145318 0.255374 0.955859
outer loop
vertex 31.8532 -0.262804 -2.34203
vertex 27.4276 -0.417683 -2.97348
vertex 31.8532 -0.350405 -2.31863
endloop
endfacet
facet normal -0.142453 0.346632 0.927121
outer loop
vertex 27.4276 -0.417683 -2.97348
vertex 27.4276 -0.522104 -2.93444
vertex 31.8532 -0.350405 -2.31863
endloop
endfacet
facet normal -0.142695 0.3249 0.934921
outer loop
vertex 31.8532 -0.350405 -2.31863
vertex 27.4276 -0.522104 -2.93444
vertex 31.8532 -0.438006 -2.28819
endloop
endfacet
facet normal -0.139098 0.416682 0.898347
outer loop
vertex 27.4276 -0.522104 -2.93444
vertex 27.4276 -0.626524 -2.88601
vertex 31.8532 -0.438006 -2.28819
endloop
endfacet
facet normal -0.139529 0.392027 0.909311
outer loop
vertex 31.8532 -0.438006 -2.28819
vertex 27.4276 -0.626524 -2.88601
vertex 31.8532 -0.525608 -2.25042
endloop
endfacet
facet normal -0.135252 0.483064 0.865076
outer loop
vertex 27.4276 -0.626524 -2.88601
vertex 27.4276 -0.730945 -2.8277
vertex 31.8532 -0.525608 -2.25042
endloop
endfacet
facet normal -0.135876 0.456403 0.879337
outer loop
vertex 31.8532 -0.525608 -2.25042
vertex 27.4276 -0.730945 -2.8277
vertex 31.8532 -0.613209 -2.20495
endloop
endfacet
facet normal -0.130995 0.545505 0.827807
outer loop
vertex 27.4276 -0.730945 -2.8277
vertex 27.4276 -0.835366 -2.75889
vertex 31.8532 -0.613209 -2.20495
endloop
endfacet
facet normal -0.131793 0.517761 0.845313
outer loop
vertex 31.8532 -0.613209 -2.20495
vertex 27.4276 -0.835366 -2.75889
vertex 31.8532 -0.70081 -2.1513
endloop
endfacet
facet normal -0.126406 0.603862 0.787002
outer loop
vertex 27.4276 -0.835366 -2.75889
vertex 27.4276 -0.939786 -2.67877
vertex 31.8532 -0.70081 -2.1513
endloop
endfacet
facet normal -0.127343 0.57592 0.807527
outer loop
vertex 31.8532 -0.70081 -2.1513
vertex 27.4276 -0.939786 -2.67877
vertex 31.8532 -0.788412 -2.08882
endloop
endfacet
facet normal -0.121559 0.658103 0.74305
outer loop
vertex 27.4276 -0.939786 -2.67877
vertex 27.4276 -1.04421 -2.58628
vertex 31.8532 -0.788412 -2.08882
endloop
endfacet
facet normal -0.122584 0.630774 0.766223
outer loop
vertex 31.8532 -0.788412 -2.08882
vertex 27.4276 -1.04421 -2.58628
vertex 31.8532 -0.876013 -2.0167
endloop
endfacet
facet normal -0.116524 0.708287 0.696241
outer loop
vertex 27.4276 -1.04421 -2.58628
vertex 27.4276 -1.14863 -2.48005
vertex 31.8532 -0.876013 -2.0167
endloop
endfacet
facet normal -0.117574 0.682289 0.721566
outer loop
vertex 31.8532 -0.876013 -2.0167
vertex 27.4276 -1.14863 -2.48005
vertex 31.8532 -0.963614 -1.93387
endloop
endfacet
facet normal -0.111359 0.754545 0.646731
outer loop
vertex 27.4276 -1.14863 -2.48005
vertex 27.4276 -1.25305 -2.35823
vertex 31.8532 -0.963614 -1.93387
endloop
endfacet
facet normal -0.112363 0.730492 0.673614
outer loop
vertex 31.8532 -0.963614 -1.93387
vertex 27.4276 -1.25305 -2.35823
vertex 31.8532 -1.05122 -1.83887
endloop
endfacet
facet normal -0.106116 0.797059 0.594505
outer loop
vertex 27.4276 -1.25305 -2.35823
vertex 27.4276 -1.35747 -2.21823
vertex 31.8532 -1.05122 -1.83887
endloop
endfacet
facet normal -0.107001 0.775455 0.62227
outer loop
vertex 31.8532 -1.05122 -1.83887
vertex 27.4276 -1.35747 -2.21823
vertex 31.8532 -1.13882 -1.72971
endloop
endfacet
facet normal -0.100837 0.836049 0.539308
outer loop
vertex 27.4276 -1.35747 -2.21823
vertex 27.4276 -1.46189 -2.05635
vertex 31.8532 -1.13882 -1.72971
endloop
endfacet
facet normal -0.101527 0.817294 0.567206
outer loop
vertex 31.8532 -1.13882 -1.72971
vertex 27.4276 -1.46189 -2.05635
vertex 31.8532 -1.22642 -1.60348
endloop
endfacet
facet normal -0.0955549 0.871757 0.48053
outer loop
vertex 27.4276 -1.46189 -2.05635
vertex 27.4276 -1.56631 -1.86692
vertex 31.8532 -1.22642 -1.60348
endloop
endfacet
facet normal -0.0959757 0.856153 0.507732
outer loop
vertex 31.8532 -1.22642 -1.60348
vertex 27.4276 -1.56631 -1.86692
vertex 31.8532 -1.31402 -1.45577
endloop
endfacet
facet normal -0.0902932 0.90444 0.416935
outer loop
vertex 27.4276 -1.56631 -1.86692
vertex 27.4276 -1.67073 -1.6404
vertex 31.8532 -1.31402 -1.45577
endloop
endfacet
facet normal -0.0903734 0.892204 0.442498
outer loop
vertex 31.8532 -1.31402 -1.45577
vertex 27.4276 -1.67073 -1.6404
vertex 31.8532 -1.40162 -1.27914
endloop
endfacet
facet normal -0.0850583 0.934384 0.345965
outer loop
vertex 27.4276 -1.67073 -1.6404
vertex 27.4276 -1.77515 -1.35838
vertex 31.8532 -1.40162 -1.27914
endloop
endfacet
facet normal -0.0847301 0.925664 0.368738
outer loop
vertex 31.8532 -1.40162 -1.27914
vertex 27.4276 -1.77515 -1.35838
vertex 31.8532 -1.48922 -1.05923
endloop
endfacet
facet normal -0.0739261 0.985683 0.151542
outer loop
vertex 27.4276 -1.77515 -1.35838
vertex 27.4276 -1.98399 1.67946e-15
vertex 31.8532 -1.48922 -1.05923
endloop
endfacet
facet normal -0.0710603 0.984101 0.162777
outer loop
vertex 31.8532 -1.48922 -1.05923
vertex 27.4276 -1.98399 1.67946e-15
vertex 31.8532 -1.66442 1.95045e-15
endloop
endfacet
facet normal -0.134358 0.978327 -0.157557
outer loop
vertex 31.8532 -1.66442 1.95045e-15
vertex 31.8532 -1.57682 0.543947
vertex 32.7016 -1.54791 2.0024e-15
endloop
endfacet
facet normal -0.129893 0.980039 -0.150502
outer loop
vertex 32.7016 -1.54791 2.0024e-15
vertex 31.8532 -1.57682 0.543947
vertex 32.7016 -1.46645 0.53051
endloop
endfacet
facet normal -0.125458 0.918667 -0.374581
outer loop
vertex 31.8532 -1.57682 0.543947
vertex 31.8532 -1.48922 0.758791
vertex 32.7016 -1.46645 0.53051
endloop
endfacet
facet normal -0.121624 0.925111 -0.35969
outer loop
vertex 32.7016 -1.46645 0.53051
vertex 31.8532 -1.48922 0.758791
vertex 32.7016 -1.38498 0.740046
endloop
endfacet
facet normal -0.117314 0.867931 -0.482631
outer loop
vertex 31.8532 -1.48922 0.758791
vertex 31.8532 -1.40162 0.916327
vertex 32.7016 -1.38498 0.740046
endloop
endfacet
facet normal -0.113928 0.877731 -0.465412
outer loop
vertex 32.7016 -1.38498 0.740046
vertex 31.8532 -1.40162 0.916327
vertex 32.7016 -1.30351 0.893691
endloop
endfacet
facet normal -0.109609 0.81723 -0.565792
outer loop
vertex 31.8532 -1.40162 0.916327
vertex 31.8532 -1.31402 1.04286
vertex 32.7016 -1.30351 0.893691
endloop
endfacet
facet normal -0.106602 0.829787 -0.547804
outer loop
vertex 32.7016 -1.30351 0.893691
vertex 31.8532 -1.31402 1.04286
vertex 32.7016 -1.22204 1.0171
endloop
endfacet
facet normal -0.102341 0.766252 -0.634338
outer loop
vertex 31.8532 -1.31402 1.04286
vertex 31.8532 -1.22642 1.14868
vertex 32.7016 -1.22204 1.0171
endloop
endfacet
facet normal -0.0996542 0.781005 -0.616523
outer loop
vertex 32.7016 -1.22204 1.0171
vertex 31.8532 -1.22642 1.14868
vertex 32.7016 -1.14057 1.1203
endloop
endfacet
facet normal -0.0955147 0.714943 -0.692628
outer loop
vertex 31.8532 -1.22642 1.14868
vertex 31.8532 -1.13882 1.2391
vertex 32.7016 -1.14057 1.1203
endloop
endfacet
facet normal -0.0930987 0.731351 -0.675617
outer loop
vertex 32.7016 -1.14057 1.1203
vertex 31.8532 -1.13882 1.2391
vertex 32.7016 -1.0591 1.20849
endloop
endfacet
facet normal -0.0891366 0.663305 -0.743022
outer loop
vertex 31.8532 -1.13882 1.2391
vertex 31.8532 -1.05122 1.3173
vertex 32.7016 -1.0591 1.20849
endloop
endfacet
facet normal -0.0869505 0.680845 -0.727248
outer loop
vertex 32.7016 -1.0591 1.20849
vertex 31.8532 -1.05122 1.3173
vertex 32.7016 -0.97763 1.28476
endloop
endfacet
facet normal -0.0832139 0.611357 -0.786968
outer loop
vertex 31.8532 -1.05122 1.3173
vertex 31.8532 -0.963614 1.38536
vertex 32.7016 -0.97763 1.28476
endloop
endfacet
facet normal -0.0812244 0.629527 -0.772721
outer loop
vertex 32.7016 -0.97763 1.28476
vertex 31.8532 -0.963614 1.38536
vertex 32.7016 -0.896161 1.35113
endloop
endfacet
facet normal -0.0777528 0.559123 -0.825431
outer loop
vertex 31.8532 -0.963614 1.38536
vertex 31.8532 -0.876013 1.44469
vertex 32.7016 -0.896161 1.35113
endloop
endfacet
facet normal -0.0759345 0.577447 -0.812889
outer loop
vertex 32.7016 -0.896161 1.35113
vertex 31.8532 -0.876013 1.44469
vertex 32.7016 -0.814692 1.40901
endloop
endfacet
facet normal -0.0727592 0.506629 -0.859088
outer loop
vertex 31.8532 -0.876013 1.44469
vertex 31.8532 -0.788412 1.49636
vertex 32.7016 -0.814692 1.40901
endloop
endfacet
facet normal -0.071094 0.524658 -0.848339
outer loop
vertex 32.7016 -0.814692 1.40901
vertex 31.8532 -0.788412 1.49636
vertex 32.7016 -0.733223 1.45939
endloop
endfacet
facet normal -0.0682382 0.453904 -0.888434
outer loop
vertex 31.8532 -0.788412 1.49636
vertex 31.8532 -0.70081 1.54111
vertex 32.7016 -0.733223 1.45939
endloop
endfacet
facet normal -0.066715 0.471219 -0.879489
outer loop
vertex 32.7016 -0.733223 1.45939
vertex 31.8532 -0.70081 1.54111
vertex 32.7016 -0.651753 1.50304
endloop
endfacet
facet normal -0.0641943 0.400973 -0.913838
outer loop
vertex 31.8532 -0.70081 1.54111
vertex 31.8532 -0.613209 1.57955
vertex 32.7016 -0.651753 1.50304
endloop
endfacet
facet normal -0.0628087 0.417193 -0.906645
outer loop
vertex 32.7016 -0.651753 1.50304
vertex 31.8532 -0.613209 1.57955
vertex 32.7016 -0.570284 1.54053
endloop
endfacet
facet normal -0.0606318 0.347863 -0.935583
outer loop
vertex 31.8532 -0.613209 1.57955
vertex 31.8532 -0.525608 1.61212
vertex 32.7016 -0.570284 1.54053
endloop
endfacet
facet normal -0.0593852 0.362643 -0.930034
outer loop
vertex 32.7016 -0.570284 1.54053
vertex 31.8532 -0.525608 1.61212
vertex 32.7016 -0.488815 1.5723
endloop
endfacet
facet normal -0.0575539 0.294601 -0.953886
outer loop
vertex 31.8532 -0.525608 1.61212
vertex 31.8532 -0.438006 1.63918
vertex 32.7016 -0.488815 1.5723
endloop
endfacet
facet normal -0.0564534 0.307636 -0.949828
outer loop
vertex 32.7016 -0.488815 1.5723
vertex 31.8532 -0.438006 1.63918
vertex 32.7016 -0.407346 1.59868
endloop
endfacet
facet normal -0.0549638 0.24121 -0.968915
outer loop
vertex 31.8532 -0.438006 1.63918
vertex 31.8532 -0.350405 1.66098
vertex 32.7016 -0.407346 1.59868
endloop
endfacet
facet normal -0.054021 0.252238 -0.966156
outer loop
vertex 32.7016 -0.407346 1.59868
vertex 31.8532 -0.350405 1.66098
vertex 32.7016 -0.325877 1.61995
endloop
endfacet
facet normal -0.0528637 0.187715 -0.9808
outer loop
vertex 31.8532 -0.350405 1.66098
vertex 31.8532 -0.262804 1.67775
vertex 32.7016 -0.325877 1.61995
endloop
endfacet
facet normal -0.0520943 0.196519 -0.979115
outer loop
vertex 32.7016 -0.325877 1.61995
vertex 31.8532 -0.262804 1.67775
vertex 32.7016 -0.244408 1.6363
endloop
endfacet
facet normal -0.0512556 0.134139 -0.989636
outer loop
vertex 31.8532 -0.262804 1.67775
vertex 31.8532 -0.175203 1.68962
vertex 32.7016 -0.244408 1.6363
endloop
endfacet
facet normal -0.0506785 0.14055 -0.988776
outer loop
vertex 32.7016 -0.244408 1.6363
vertex 31.8532 -0.175203 1.68962
vertex 32.7016 -0.162938 1.64788
endloop
endfacet
facet normal -0.0501409 0.0805065 -0.995492
outer loop
vertex 31.8532 -0.175203 1.68962
vertex 31.8532 -0.0876013 1.69671
vertex 32.7016 -0.162938 1.64788
endloop
endfacet
facet normal -0.0497775 0.0844019 -0.995188
outer loop
vertex 32.7016 -0.162938 1.64788
vertex 31.8532 -0.0876013 1.69671
vertex 32.7016 -0.0814692 1.65479
endloop
endfacet
facet normal -0.0495207 0.0268394 -0.998412
outer loop
vertex 31.8532 -0.0876013 1.69671
vertex 31.8532 -1.95045e-15 1.69906
vertex 32.7016 -0.0814692 1.65479
endloop
endfacet
facet normal -0.0493937 0.0281458 -0.998383
outer loop
vertex 32.7016 -0.0814692 1.65479
vertex 31.8532 -1.95045e-15 1.69906
vertex 32.7016 -2.0024e-15 1.65709
endloop
endfacet
facet normal -0.0493955 -0.0268396 -0.998419
outer loop
vertex 31.8532 -1.95045e-15 1.69906
vertex 31.8532 0.0876013 1.69671
vertex 32.7016 -2.0024e-15 1.65709
endloop
endfacet
facet normal -0.0495284 -0.0281456 -0.998376
outer loop
vertex 32.7016 -2.0024e-15 1.65709
vertex 31.8532 0.0876013 1.69671
vertex 32.7016 0.0814692 1.65479
endloop
endfacet
facet normal -0.0497653 -0.080508 -0.995511
outer loop
vertex 31.8532 0.0876013 1.69671
vertex 31.8532 0.175203 1.68962
vertex 32.7016 0.0814692 1.65479
endloop
endfacet
facet normal -0.0501813 -0.0844002 -0.995168
outer loop
vertex 32.7016 0.0814692 1.65479
vertex 31.8532 0.175203 1.68962
vertex 32.7016 0.162938 1.64788
endloop
endfacet
facet normal -0.0506298 -0.134143 -0.989668
outer loop
vertex 31.8532 0.175203 1.68962
vertex 31.8532 0.262804 1.67775
vertex 32.7016 0.162938 1.64788
endloop
endfacet
facet normal -0.0513508 -0.140545 -0.988742
outer loop
vertex 32.7016 0.162938 1.64788
vertex 31.8532 0.262804 1.67775
vertex 32.7016 0.244408 1.6363
endloop
endfacet
facet normal -0.0519881 -0.187723 -0.980845
outer loop
vertex 31.8532 0.262804 1.67775
vertex 31.8532 0.350405 1.66098
vertex 32.7016 0.244408 1.6363
endloop
endfacet
facet normal -0.0530341 -0.19651 -0.979067
outer loop
vertex 32.7016 0.244408 1.6363
vertex 31.8532 0.350405 1.66098
vertex 32.7016 0.325877 1.61995
endloop
endfacet
facet normal -0.0538388 -0.241224 -0.968975
outer loop
vertex 31.8532 0.350405 1.66098
vertex 31.8532 0.438006 1.63918
vertex 32.7016 0.325877 1.61995
endloop
endfacet
facet normal -0.055227 -0.252221 -0.966092
outer loop
vertex 32.7016 0.325877 1.61995
vertex 31.8532 0.438006 1.63918
vertex 32.7016 0.407346 1.59868
endloop
endfacet
facet normal -0.0561804 -0.294624 -0.95396
outer loop
vertex 31.8532 0.438006 1.63918
vertex 31.8532 0.525608 1.61212
vertex 32.7016 0.407346 1.59868
endloop
endfacet
facet normal -0.0579239 -0.30761 -0.949748
outer loop
vertex 32.7016 0.407346 1.59868
vertex 31.8532 0.525608 1.61212
vertex 32.7016 0.488815 1.5723
endloop
endfacet
facet normal -0.0590105 -0.347897 -0.935674
outer loop
vertex 31.8532 0.525608 1.61212
vertex 31.8532 0.613209 1.57955
vertex 32.7016 0.488815 1.5723
endloop
endfacet
facet normal -0.061118 -0.362605 -0.929937
outer loop
vertex 32.7016 0.488815 1.5723
vertex 31.8532 0.613209 1.57955
vertex 32.7016 0.570284 1.54053
endloop
endfacet
facet normal -0.0623263 -0.401021 -0.913946
outer loop
vertex 31.8532 0.613209 1.57955
vertex 31.8532 0.70081 1.54111
vertex 32.7016 0.570284 1.54053
endloop
endfacet
facet normal -0.0648012 -0.41714 -0.906529
outer loop
vertex 32.7016 0.570284 1.54053
vertex 31.8532 0.70081 1.54111
vertex 32.7016 0.651753 1.50304
endloop
endfacet
facet normal -0.0661245 -0.453968 -0.888561
outer loop
vertex 31.8532 0.70081 1.54111
vertex 31.8532 0.788412 1.49636
vertex 32.7016 0.651753 1.50304
endloop
endfacet
facet normal -0.0689643 -0.471147 -0.879354
outer loop
vertex 32.7016 0.651753 1.50304
vertex 31.8532 0.788412 1.49636
vertex 32.7016 0.733223 1.45939
endloop
endfacet
facet normal -0.0704014 -0.506715 -0.859234
outer loop
vertex 31.8532 0.788412 1.49636
vertex 31.8532 0.876013 1.44469
vertex 32.7016 0.733223 1.45939
endloop
endfacet
facet normal -0.0735967 -0.524562 -0.848185
outer loop
vertex 32.7016 0.733223 1.45939
vertex 31.8532 0.876013 1.44469
vertex 32.7016 0.814692 1.40901
endloop
endfacet
facet normal -0.0751527 -0.559234 -0.825596
outer loop
vertex 31.8532 0.876013 1.44469
vertex 31.8532 0.963614 1.38536
vertex 32.7016 0.814692 1.40901
endloop
endfacet
facet normal -0.078687 -0.577323 -0.812715
outer loop
vertex 32.7016 0.814692 1.40901
vertex 31.8532 0.963614 1.38536
vertex 32.7016 0.896161 1.35113
endloop
endfacet
facet normal -0.0803732 -0.6115 -0.787152
outer loop
vertex 31.8532 0.963614 1.38536
vertex 31.8532 1.05122 1.3173
vertex 32.7016 0.896161 1.35113
endloop
endfacet
facet normal -0.0842225 -0.62937 -0.772528
outer loop
vertex 32.7016 0.896161 1.35113
vertex 31.8532 1.05122 1.3173
vertex 32.7016 0.97763 1.28476
endloop
endfacet
facet normal -0.0860575 -0.663485 -0.743224
outer loop
vertex 31.8532 1.05122 1.3173
vertex 31.8532 1.13882 1.2391
vertex 32.7016 0.97763 1.28476
endloop
endfacet
facet normal -0.0901896 -0.680648 -0.727038
outer loop
vertex 32.7016 0.97763 1.28476
vertex 31.8532 1.13882 1.2391
vertex 32.7016 1.0591 1.20849
endloop
endfacet
facet normal -0.0921995 -0.715167 -0.692846
outer loop
vertex 31.8532 1.13882 1.2391
vertex 31.8532 1.22642 1.14868
vertex 32.7016 1.0591 1.20849
endloop
endfacet
facet normal -0.096574 -0.731108 -0.675392
outer loop
vertex 32.7016 1.0591 1.20849
vertex 31.8532 1.22642 1.14868
vertex 32.7016 1.14057 1.1203
endloop
endfacet
facet normal -0.0987928 -0.766528 -0.634567
outer loop
vertex 31.8532 1.22642 1.14868
vertex 31.8532 1.31402 1.04286
vertex 32.7016 1.14057 1.1203
endloop
endfacet
facet normal -0.10336 -0.780708 -0.616288
outer loop
vertex 32.7016 1.14057 1.1203
vertex 31.8532 1.31402 1.04286
vertex 32.7016 1.22204 1.0171
endloop
endfacet
facet normal -0.10583 -0.817567 -0.566025
outer loop
vertex 31.8532 1.31402 1.04286
vertex 31.8532 1.40162 0.916327
vertex 32.7016 1.22204 1.0171
endloop
endfacet
facet normal -0.110534 -0.829429 -0.547567
outer loop
vertex 32.7016 1.22204 1.0171
vertex 31.8532 1.40162 0.916327
vertex 32.7016 1.30351 0.893691
endloop
endfacet
facet normal -0.113307 -0.868338 -0.482857
outer loop
vertex 31.8532 1.40162 0.916327
vertex 31.8532 1.48922 0.758791
vertex 32.7016 1.30351 0.893691
endloop
endfacet
facet normal -0.11808 -0.877303 -0.465185
outer loop
vertex 32.7016 1.30351 0.893691
vertex 31.8532 1.48922 0.758791
vertex 32.7016 1.38498 0.740046
endloop
endfacet
facet normal -0.123741 -0.966875 -0.223249
outer loop
vertex 31.8532 1.48922 0.758791
vertex 31.8532 1.66442 1.95045e-15
vertex 32.7016 1.38498 0.740046
endloop
endfacet
facet normal -0.132932 -0.967942 -0.213115
outer loop
vertex 32.7016 1.38498 0.740046
vertex 31.8532 1.66442 1.95045e-15
vertex 32.7016 1.54791 2.0024e-15
endloop
endfacet
facet normal -0.135178 -0.984293 0.113556
outer loop
vertex 31.8532 1.66442 1.95045e-15
vertex 31.8532 1.57682 -0.759316
vertex 32.7016 1.54791 2.0024e-15
endloop
endfacet
facet normal -0.141479 -0.98256 0.120663
outer loop
vertex 32.7016 1.54791 2.0024e-15
vertex 31.8532 1.57682 -0.759316
vertex 32.7016 1.46645 -0.663403
endloop
endfacet
facet normal -0.154702 -0.948334 0.277002
outer loop
vertex 31.8532 1.57682 -0.759316
vertex 31.8532 1.48922 -1.05923
vertex 32.7016 1.46645 -0.663403
endloop
endfacet
facet normal -0.161994 -0.942296 0.292979
outer loop
vertex 32.7016 1.46645 -0.663403
vertex 31.8532 1.48922 -1.05923
vertex 32.7016 1.38498 -0.925428
endloop
endfacet
facet normal -0.170007 -0.915481 0.364681
outer loop
vertex 31.8532 1.48922 -1.05923
vertex 31.8532 1.40162 -1.27914
vertex 32.7016 1.38498 -0.925428
endloop
endfacet
facet normal -0.177938 -0.905961 0.384151
outer loop
vertex 32.7016 1.38498 -0.925428
vertex 31.8532 1.40162 -1.27914
vertex 32.7016 1.30351 -1.11756
endloop
endfacet
facet normal -0.184981 -0.880409 0.436648
outer loop
vertex 31.8532 1.40162 -1.27914
vertex 31.8532 1.31402 -1.45577
vertex 32.7016 1.30351 -1.11756
endloop
endfacet
facet normal -0.193356 -0.867641 0.458052
outer loop
vertex 32.7016 1.30351 -1.11756
vertex 31.8532 1.31402 -1.45577
vertex 32.7016 1.22204 -1.27188
endloop
endfacet
facet normal -0.199713 -0.842795 0.49981
outer loop
vertex 31.8532 1.31402 -1.45577
vertex 31.8532 1.22642 -1.60348
vertex 32.7016 1.22204 -1.27188
endloop
endfacet
facet normal -0.20834 -0.827053 0.522089
outer loop
vertex 32.7016 1.22204 -1.27188
vertex 31.8532 1.22642 -1.60348
vertex 32.7016 1.14057 -1.40094
endloop
endfacet
facet normal -0.214169 -0.802476 0.556923
outer loop
vertex 31.8532 1.22642 -1.60348
vertex 31.8532 1.13882 -1.72971
vertex 32.7016 1.14057 -1.40094
endloop
endfacet
facet normal -0.222858 -0.784099 0.579244
outer loop
vertex 32.7016 1.14057 -1.40094
vertex 31.8532 1.13882 -1.72971
vertex 32.7016 1.0591 -1.51122
endloop
endfacet
facet normal -0.228281 -0.759339 0.609337
outer loop
vertex 31.8532 1.13882 -1.72971
vertex 31.8532 1.05122 -1.83887
vertex 32.7016 1.0591 -1.51122
endloop
endfacet
facet normal -0.236844 -0.738734 0.631013
outer loop
vertex 32.7016 1.0591 -1.51122
vertex 31.8532 1.05122 -1.83887
vertex 32.7016 0.97763 -1.6066
endloop
endfacet
facet normal -0.241963 -0.713303 0.657764
outer loop
vertex 31.8532 1.05122 -1.83887
vertex 31.8532 0.963614 -1.93387
vertex 32.7016 0.97763 -1.6066
endloop
endfacet
facet normal -0.250223 -0.690948 0.678218
outer loop
vertex 32.7016 0.97763 -1.6066
vertex 31.8532 0.963614 -1.93387
vertex 32.7016 0.896161 -1.68959
endloop
endfacet
facet normal -0.255115 -0.66432 0.702563
outer loop
vertex 31.8532 0.963614 -1.93387
vertex 31.8532 0.876013 -2.0167
vertex 32.7016 0.896161 -1.68959
endloop
endfacet
facet normal -0.262909 -0.640758 0.721324
outer loop
vertex 32.7016 0.896161 -1.68959
vertex 31.8532 0.876013 -2.0167
vertex 32.7016 0.814692 -1.76196
endloop
endfacet
facet normal -0.267631 -0.612382 0.743882
outer loop
vertex 31.8532 0.876013 -2.0167
vertex 31.8532 0.788412 -2.08882
vertex 32.7016 0.814692 -1.76196
endloop
endfacet
facet normal -0.274813 -0.588214 0.76058
outer loop
vertex 32.7016 0.814692 -1.76196
vertex 31.8532 0.788412 -2.08882
vertex 32.7016 0.733223 -1.82497
endloop
endfacet
facet normal -0.279395 -0.557523 0.781733
outer loop
vertex 31.8532 0.788412 -2.08882
vertex 31.8532 0.70081 -2.1513
vertex 32.7016 0.733223 -1.82497
endloop
endfacet
facet normal -0.285846 -0.533393 0.796106
outer loop
vertex 32.7016 0.733223 -1.82497
vertex 31.8532 0.70081 -2.1513
vertex 32.7016 0.651753 -1.87955
endloop
endfacet
facet normal -0.290287 -0.499826 0.816031
outer loop
vertex 31.8532 0.70081 -2.1513
vertex 31.8532 0.613209 -2.20495
vertex 32.7016 0.651753 -1.87955
endloop
endfacet
facet normal -0.295916 -0.476407 0.827931
outer loop
vertex 32.7016 0.651753 -1.87955
vertex 31.8532 0.613209 -2.20495
vertex 32.7016 0.570284 -1.92643
endloop
endfacet
facet normal -0.300185 -0.439429 0.846635
outer loop
vertex 31.8532 0.613209 -2.20495
vertex 31.8532 0.525608 -2.25042
vertex 32.7016 0.570284 -1.92643
endloop
endfacet
facet normal -0.304934 -0.417402 0.856032
outer loop
vertex 32.7016 0.570284 -1.92643
vertex 31.8532 0.525608 -2.25042
vertex 32.7016 0.488815 -1.96616
endloop
endfacet
facet normal -0.308969 -0.376529 0.873364
outer loop
vertex 31.8532 0.525608 -2.25042
vertex 31.8532 0.438006 -2.28819
vertex 32.7016 0.488815 -1.96616
endloop
endfacet
facet normal -0.312816 -0.356558 0.880348
outer loop
vertex 32.7016 0.488815 -1.96616
vertex 31.8532 0.438006 -2.28819
vertex 32.7016 0.407346 -1.99915
endloop
endfacet
facet normal -0.316523 -0.311382 0.896021
outer loop
vertex 31.8532 0.438006 -2.28819
vertex 31.8532 0.350405 -2.31863
vertex 32.7016 0.407346 -1.99915
endloop
endfacet
facet normal -0.319484 -0.294087 0.900801
outer loop
vertex 32.7016 0.407346 -1.99915
vertex 31.8532 0.350405 -2.31863
vertex 32.7016 0.325877 -2.02575
endloop
endfacet
facet normal -0.322744 -0.244302 0.914414
outer loop
vertex 31.8532 0.350405 -2.31863
vertex 31.8532 0.262804 -2.34203
vertex 32.7016 0.325877 -2.02575
endloop
endfacet
facet normal -0.324868 -0.230234 0.917307
outer loop
vertex 32.7016 0.325877 -2.02575
vertex 31.8532 0.262804 -2.34203
vertex 32.7016 0.244408 -2.0462
endloop
endfacet
facet normal -0.327541 -0.175657 0.928365
outer loop
vertex 31.8532 0.262804 -2.34203
vertex 31.8532 0.175203 -2.35861
vertex 32.7016 0.244408 -2.0462
endloop
endfacet
facet normal -0.328911 -0.165273 0.929786
outer loop
vertex 32.7016 0.244408 -2.0462
vertex 31.8532 0.175203 -2.35861
vertex 32.7016 0.162938 -2.06068
endloop
endfacet
facet normal -0.330842 -0.105861 0.93773
outer loop
vertex 31.8532 0.175203 -2.35861
vertex 31.8532 0.0876013 -2.3685
vertex 32.7016 0.162938 -2.06068
endloop
endfacet
facet normal -0.331567 -0.0994976 0.93817
outer loop
vertex 32.7016 0.162938 -2.06068
vertex 31.8532 0.0876013 -2.3685
vertex 32.7016 0.0814692 -2.06932
endloop
endfacet
facet normal -0.332597 -0.0353644 0.942406
outer loop
vertex 31.8532 0.0876013 -2.3685
vertex 31.8532 -1.95045e-15 -2.37179
vertex 32.7016 0.0814692 -2.06932
endloop
endfacet
facet normal -0.332804 -0.0332232 0.94241
outer loop
vertex 32.7016 0.0814692 -2.06932
vertex 31.8532 -1.95045e-15 -2.37179
vertex 32.7016 -2.0024e-15 -2.07219
endloop
endfacet
facet normal -0.33278 0.035362 0.942341
outer loop
vertex 31.8532 -1.95045e-15 -2.37179
vertex 31.8532 -0.0876013 -2.3685
vertex 32.7016 -2.0024e-15 -2.07219
endloop
endfacet
facet normal -0.332608 0.0332256 0.94248
outer loop
vertex 32.7016 -2.0024e-15 -2.07219
vertex 31.8532 -0.0876013 -2.3685
vertex 32.7016 -0.0814692 -2.06932
endloop
endfacet
facet normal -0.33139 0.10584 0.937539
outer loop
vertex 31.8532 -0.0876013 -2.3685
vertex 31.8532 -0.175203 -2.35861
vertex 32.7016 -0.0814692 -2.06932
endloop
endfacet
facet normal -0.330977 0.0995194 0.938376
outer loop
vertex 32.7016 -0.0814692 -2.06932
vertex 31.8532 -0.175203 -2.35861
vertex 32.7016 -0.162938 -2.06068
endloop
endfacet
facet normal -0.328452 0.175598 0.928054
outer loop
vertex 31.8532 -0.175203 -2.35861
vertex 31.8532 -0.262804 -2.34203
vertex 32.7016 -0.162938 -2.06068
endloop
endfacet
facet normal -0.32793 0.165332 0.930122
outer loop
vertex 32.7016 -0.162938 -2.06068
vertex 31.8532 -0.262804 -2.34203
vertex 32.7016 -0.244408 -2.0462
endloop
endfacet
facet normal -0.324016 0.24419 0.913994
outer loop
vertex 31.8532 -0.262804 -2.34203
vertex 31.8532 -0.350405 -2.31863
vertex 32.7016 -0.244408 -2.0462
endloop
endfacet
facet normal -0.323497 0.230349 0.917763
outer loop
vertex 32.7016 -0.244408 -2.0462
vertex 31.8532 -0.350405 -2.31863
vertex 32.7016 -0.325877 -2.02575
endloop
endfacet
facet normal -0.318151 0.311203 0.895507
outer loop
vertex 31.8532 -0.350405 -2.31863
vertex 31.8532 -0.438006 -2.28819
vertex 32.7016 -0.325877 -2.02575
endloop
endfacet
facet normal -0.317725 0.29427 0.901363
outer loop
vertex 32.7016 -0.325877 -2.02575
vertex 31.8532 -0.438006 -2.28819
vertex 32.7016 -0.407346 -1.99915
endloop
endfacet
facet normal -0.310947 0.376274 0.872771
outer loop
vertex 31.8532 -0.438006 -2.28819
vertex 31.8532 -0.525608 -2.25042
vertex 32.7016 -0.407346 -1.99915
endloop
endfacet
facet normal -0.310673 0.356822 0.881
outer loop
vertex 32.7016 -0.407346 -1.99915
vertex 31.8532 -0.525608 -2.25042
vertex 32.7016 -0.488815 -1.96616
endloop
endfacet
facet normal -0.302508 0.439091 0.845984
outer loop
vertex 31.8532 -0.525608 -2.25042
vertex 31.8532 -0.613209 -2.20495
vertex 32.7016 -0.488815 -1.96616
endloop
endfacet
facet normal -0.302411 0.417754 0.856755
outer loop
vertex 32.7016 -0.488815 -1.96616
vertex 31.8532 -0.613209 -2.20495
vertex 32.7016 -0.570284 -1.92643
endloop
endfacet
facet normal -0.292946 0.499403 0.81534
outer loop
vertex 31.8532 -0.613209 -2.20495
vertex 31.8532 -0.70081 -2.1513
vertex 32.7016 -0.570284 -1.92643
endloop
endfacet
facet normal -0.293018 0.476852 0.828705
outer loop
vertex 32.7016 -0.570284 -1.92643
vertex 31.8532 -0.70081 -2.1513
vertex 32.7016 -0.651753 -1.87955
endloop
endfacet
facet normal -0.28238 0.557016 0.781022
outer loop
vertex 31.8532 -0.70081 -2.1513
vertex 31.8532 -0.788412 -2.08882
vertex 32.7016 -0.651753 -1.87955
endloop
endfacet
facet normal -0.282581 0.533932 0.79691
outer loop
vertex 32.7016 -0.651753 -1.87955
vertex 31.8532 -0.788412 -2.08882
vertex 32.7016 -0.733223 -1.82497
endloop
endfacet
facet normal -0.270933 0.611796 0.74317
outer loop
vertex 31.8532 -0.788412 -2.08882
vertex 31.8532 -0.876013 -2.0167
vertex 32.7016 -0.733223 -1.82497
endloop
endfacet
facet normal -0.271188 0.588843 0.761394
outer loop
vertex 32.7016 -0.733223 -1.82497
vertex 31.8532 -0.876013 -2.0167
vertex 32.7016 -0.814692 -1.76196
endloop
endfacet
facet normal -0.258722 0.663662 0.701866
outer loop
vertex 31.8532 -0.876013 -2.0167
vertex 31.8532 -0.963614 -1.93387
vertex 32.7016 -0.814692 -1.76196
endloop
endfacet
facet normal -0.258932 0.641472 0.722127
outer loop
vertex 32.7016 -0.814692 -1.76196
vertex 31.8532 -0.963614 -1.93387
vertex 32.7016 -0.896161 -1.68959
endloop
endfacet
facet normal -0.245862 0.712582 0.657099
outer loop
vertex 31.8532 -0.963614 -1.93387
vertex 31.8532 -1.05122 -1.83887
vertex 32.7016 -0.896161 -1.68959
endloop
endfacet
facet normal -0.245904 0.691737 0.678993
outer loop
vertex 32.7016 -0.896161 -1.68959
vertex 31.8532 -1.05122 -1.83887
vertex 32.7016 -0.97763 -1.6066
endloop
endfacet
facet normal -0.23246 0.758567 0.608718
outer loop
vertex 31.8532 -1.05122 -1.83887
vertex 31.8532 -1.13882 -1.72971
vertex 32.7016 -0.97763 -1.6066
endloop
endfacet
facet normal -0.232195 0.739587 0.631741
outer loop
vertex 32.7016 -0.97763 -1.6066
vertex 31.8532 -1.13882 -1.72971
vertex 32.7016 -1.0591 -1.51122
endloop
endfacet
facet normal -0.218615 0.801667 0.556361
outer loop
vertex 31.8532 -1.13882 -1.72971
vertex 31.8532 -1.22642 -1.60348
vertex 32.7016 -1.0591 -1.51122
endloop
endfacet
facet normal -0.217889 0.785002 0.579911
outer loop
vertex 32.7016 -1.0591 -1.51122
vertex 31.8532 -1.22642 -1.60348
vertex 32.7016 -1.14057 -1.40094
endloop
endfacet
facet normal -0.204412 0.841962 0.499316
outer loop
vertex 31.8532 -1.22642 -1.60348
vertex 31.8532 -1.31402 -1.45577
vertex 32.7016 -1.14057 -1.40094
endloop
endfacet
facet normal -0.203065 0.827991 0.522681
outer loop
vertex 32.7016 -1.14057 -1.40094
vertex 31.8532 -1.31402 -1.45577
vertex 32.7016 -1.22204 -1.27188
endloop
endfacet
facet normal -0.189918 0.879565 0.436229
outer loop
vertex 31.8532 -1.31402 -1.45577
vertex 31.8532 -1.40162 -1.27914
vertex 32.7016 -1.22204 -1.27188
endloop
endfacet
facet normal -0.187788 0.868597 0.458557
outer loop
vertex 32.7016 -1.22204 -1.27188
vertex 31.8532 -1.40162 -1.27914
vertex 32.7016 -1.30351 -1.11756
endloop
endfacet
facet normal -0.17517 0.91464 0.364346
outer loop
vertex 31.8532 -1.40162 -1.27914
vertex 31.8532 -1.48922 -1.05923
vertex 32.7016 -1.30351 -1.11756
endloop
endfacet
facet normal -0.17209 0.906919 0.384557
outer loop
vertex 32.7016 -1.30351 -1.11756
vertex 31.8532 -1.48922 -1.05923
vertex 32.7016 -1.38498 -0.925428
endloop
endfacet
facet normal -0.145406 0.976109 0.161455
outer loop
vertex 31.8532 -1.48922 -1.05923
vertex 31.8532 -1.66442 1.95045e-15
vertex 32.7016 -1.38498 -0.925428
endloop
endfacet
facet normal -0.134034 0.975965 0.171836
outer loop
vertex 32.7016 -1.38498 -0.925428
vertex 31.8532 -1.66442 1.95045e-15
vertex 32.7016 -1.54791 2.0024e-15
endloop
endfacet
facet normal -0.181174 0.972056 -0.149276
outer loop
vertex 32.7016 -1.54791 2.0024e-15
vertex 32.7016 -1.46645 0.53051
vertex 34.3983 -1.23167 2.10629e-15
endloop
endfacet
facet normal -0.174385 0.976643 -0.125533
outer loop
vertex 34.3983 -1.23167 2.10629e-15
vertex 32.7016 -1.46645 0.53051
vertex 34.3983 -1.16685 0.504336
endloop
endfacet
facet normal -0.16775 0.918823 -0.357245
outer loop
vertex 32.7016 -1.46645 0.53051
vertex 32.7016 -1.38498 0.740046
vertex 34.3983 -1.16685 0.504336
endloop
endfacet
facet normal -0.163026 0.938193 -0.305315
outer loop
vertex 34.3983 -1.16685 0.504336
vertex 32.7016 -1.38498 0.740046
vertex 34.3983 -1.10202 0.703535
endloop
endfacet
facet normal -0.155498 0.872737 -0.462764
outer loop
vertex 32.7016 -1.38498 0.740046
vertex 32.7016 -1.30351 0.893691
vertex 34.3983 -1.10202 0.703535
endloop
endfacet
facet normal -0.152207 0.903377 -0.400929
outer loop
vertex 34.3983 -1.10202 0.703535
vertex 32.7016 -1.30351 0.893691
vertex 34.3983 -1.0372 0.849599
endloop
endfacet
facet normal -0.143791 0.82587 -0.545218
outer loop
vertex 32.7016 -1.30351 0.893691
vertex 32.7016 -1.22204 1.0171
vertex 34.3983 -1.0372 0.849599
endloop
endfacet
facet normal -0.141651 0.866442 -0.478762
outer loop
vertex 34.3983 -1.0372 0.849599
vertex 32.7016 -1.22204 1.0171
vertex 34.3983 -0.972374 0.966916
endloop
endfacet
facet normal -0.132637 0.777977 -0.614132
outer loop
vertex 32.7016 -1.22204 1.0171
vertex 32.7016 -1.14057 1.1203
vertex 34.3983 -0.972374 0.966916
endloop
endfacet
facet normal -0.131391 0.8271 -0.546481
outer loop
vertex 34.3983 -0.972374 0.966916
vertex 32.7016 -1.14057 1.1203
vertex 34.3983 -0.907549 1.06503
endloop
endfacet
facet normal -0.122063 0.729049 -0.67349
outer loop
vertex 32.7016 -1.14057 1.1203
vertex 32.7016 -1.0591 1.20849
vertex 34.3983 -0.907549 1.06503
endloop
endfacet
facet normal -0.121473 0.785242 -0.607156
outer loop
vertex 34.3983 -0.907549 1.06503
vertex 32.7016 -1.0591 1.20849
vertex 34.3983 -0.842724 1.14887
endloop
endfacet
facet normal -0.112096 0.679126 -0.725412
outer loop
vertex 32.7016 -1.0591 1.20849
vertex 32.7016 -0.97763 1.28476
vertex 34.3983 -0.842724 1.14887
endloop
endfacet
facet normal -0.111947 0.740814 -0.662316
outer loop
vertex 34.3983 -0.842724 1.14887
vertex 32.7016 -0.97763 1.28476
vertex 34.3983 -0.777899 1.22138
endloop
endfacet
facet normal -0.102766 0.62827 -0.771178
outer loop
vertex 32.7016 -0.97763 1.28476
vertex 32.7016 -0.896161 1.35113
vertex 34.3983 -0.777899 1.22138
endloop
endfacet
facet normal -0.102868 0.693794 -0.712789
outer loop
vertex 34.3983 -0.777899 1.22138
vertex 32.7016 -0.896161 1.35113
vertex 34.3983 -0.713074 1.28447
endloop
endfacet
facet normal -0.0940996 0.576549 -0.811626
outer loop
vertex 32.7016 -0.896161 1.35113
vertex 32.7016 -0.814692 1.40901
vertex 34.3983 -0.713074 1.28447
endloop
endfacet
facet normal -0.0942904 0.644194 -0.759028
outer loop
vertex 34.3983 -0.713074 1.28447
vertex 32.7016 -0.814692 1.40901
vertex 34.3983 -0.648249 1.33949
endloop
endfacet
facet normal -0.0861211 0.524034 -0.847332
outer loop
vertex 32.7016 -0.814692 1.40901
vertex 32.7016 -0.733223 1.45939
vertex 34.3983 -0.648249 1.33949
endloop
endfacet
facet normal -0.0862724 0.592054 -0.801267
outer loop
vertex 34.3983 -0.648249 1.33949
vertex 32.7016 -0.733223 1.45939
vertex 34.3983 -0.583424 1.38739
endloop
endfacet
facet normal -0.0788536 0.470801 -0.878708
outer loop
vertex 32.7016 -0.733223 1.45939
vertex 32.7016 -0.651753 1.50304
vertex 34.3983 -0.583424 1.38739
endloop
endfacet
facet normal -0.0788719 0.537454 -0.839597
outer loop
vertex 34.3983 -0.583424 1.38739
vertex 32.7016 -0.651753 1.50304
vertex 34.3983 -0.518599 1.42889
endloop
endfacet
facet normal -0.0723178 0.416924 -0.90606
outer loop
vertex 32.7016 -0.651753 1.50304
vertex 32.7016 -0.570284 1.54053
vertex 34.3983 -0.518599 1.42889
endloop
endfacet
facet normal -0.0721464 0.480506 -0.874019
outer loop
vertex 34.3983 -0.518599 1.42889
vertex 32.7016 -0.570284 1.54053
vertex 34.3983 -0.453774 1.46452
endloop
endfacet
facet normal -0.0665322 0.362479 -0.929614
outer loop
vertex 32.7016 -0.570284 1.54053
vertex 32.7016 -0.488815 1.5723
vertex 34.3983 -0.453774 1.46452
endloop
endfacet
facet normal -0.0661516 0.421363 -0.904476
outer loop
vertex 34.3983 -0.453774 1.46452
vertex 32.7016 -0.488815 1.5723
vertex 34.3983 -0.388949 1.49472
endloop
endfacet
facet normal -0.0615129 0.307543 -0.949544
outer loop
vertex 32.7016 -0.488815 1.5723
vertex 32.7016 -0.407346 1.59868
vertex 34.3983 -0.388949 1.49472
endloop
endfacet
facet normal -0.0609402 0.360215 -0.930877
outer loop
vertex 34.3983 -0.388949 1.49472
vertex 32.7016 -0.407346 1.59868
vertex 34.3983 -0.324125 1.51981
endloop
endfacet
facet normal -0.0572737 0.252192 -0.965981
outer loop
vertex 32.7016 -0.407346 1.59868
vertex 32.7016 -0.325877 1.61995
vertex 34.3983 -0.324125 1.51981
endloop
endfacet
facet normal -0.0565606 0.297292 -0.95311
outer loop
vertex 34.3983 -0.324125 1.51981
vertex 32.7016 -0.325877 1.61995
vertex 34.3983 -0.2593 1.54003
endloop
endfacet
facet normal -0.0538265 0.196501 -0.979025
outer loop
vertex 32.7016 -0.325877 1.61995
vertex 32.7016 -0.244408 1.6363
vertex 34.3983 -0.2593 1.54003
endloop
endfacet
facet normal -0.0530555 0.232861 -0.971062
outer loop
vertex 34.3983 -0.2593 1.54003
vertex 32.7016 -0.244408 1.6363
vertex 34.3983 -0.194475 1.55557
endloop
endfacet
facet normal -0.0511804 0.140547 -0.98875
outer loop
vertex 32.7016 -0.244408 1.6363
vertex 32.7016 -0.162938 1.64788
vertex 34.3983 -0.194475 1.55557
endloop
endfacet
facet normal -0.0504604 0.167218 -0.984628
outer loop
vertex 34.3983 -0.194475 1.55557
vertex 32.7016 -0.162938 1.64788
vertex 34.3983 -0.12965 1.56658
endloop
endfacet
facet normal -0.0493427 0.0844037 -0.995209
outer loop
vertex 32.7016 -0.162938 1.64788
vertex 32.7016 -0.0814692 1.65479
vertex 34.3983 -0.12965 1.56658
endloop
endfacet
facet normal -0.0488028 0.100691 -0.99372
outer loop
vertex 34.3983 -0.12965 1.56658
vertex 32.7016 -0.0814692 1.65479
vertex 34.3983 -0.0648249 1.57315
endloop
endfacet
facet normal -0.048318 0.0281473 -0.998435
outer loop
vertex 32.7016 -0.0814692 1.65479
vertex 32.7016 -2.0024e-15 1.65709
vertex 34.3983 -0.0648249 1.57315
endloop
endfacet
facet normal -0.048101 0.0336237 -0.998276
outer loop
vertex 34.3983 -0.0648249 1.57315
vertex 32.7016 -2.0024e-15 1.65709
vertex 34.3983 -2.10629e-15 1.57534
endloop
endfacet
facet normal -0.0481091 -0.0281476 -0.998445
outer loop
vertex 32.7016 -2.0024e-15 1.65709
vertex 32.7016 0.0814692 1.65479
vertex 34.3983 -2.10629e-15 1.57534
endloop
endfacet
facet normal -0.0483635 -0.0336233 -0.998264
outer loop
vertex 34.3983 -2.10629e-15 1.57534
vertex 32.7016 0.0814692 1.65479
vertex 34.3983 0.0648249 1.57315
endloop
endfacet
facet normal -0.0487162 -0.0844063 -0.99524
outer loop
vertex 32.7016 0.0814692 1.65479
vertex 32.7016 0.162938 1.64788
vertex 34.3983 0.0648249 1.57315
endloop
endfacet
facet normal -0.0495889 -0.100687 -0.993682
outer loop
vertex 34.3983 0.0648249 1.57315
vertex 32.7016 0.162938 1.64788
vertex 34.3983 0.12965 1.56658
endloop
endfacet
facet normal -0.0501373 -0.140554 -0.988803
outer loop
vertex 32.7016 0.162938 1.64788
vertex 32.7016 0.244408 1.6363
vertex 34.3983 0.12965 1.56658
endloop
endfacet
facet normal -0.0517657 -0.167207 -0.984562
outer loop
vertex 34.3983 0.12965 1.56658
vertex 32.7016 0.244408 1.6363
vertex 34.3983 0.194475 1.55557
endloop
endfacet
facet normal -0.0523685 -0.196517 -0.979101
outer loop
vertex 32.7016 0.244408 1.6363
vertex 32.7016 0.325877 1.61995
vertex 34.3983 0.194475 1.55557
endloop
endfacet
facet normal -0.0548727 -0.232838 -0.970966
outer loop
vertex 34.3983 0.194475 1.55557
vertex 32.7016 0.325877 1.61995
vertex 34.3983 0.2593 1.54003
endloop
endfacet
facet normal -0.0554031 -0.252219 -0.966083
outer loop
vertex 32.7016 0.325877 1.61995
vertex 32.7016 0.407346 1.59868
vertex 34.3983 0.2593 1.54003
endloop
endfacet
facet normal -0.0588796 -0.297253 -0.952982
outer loop
vertex 34.3983 0.2593 1.54003
vertex 32.7016 0.407346 1.59868
vertex 34.3983 0.324125 1.51981
endloop
endfacet
facet normal -0.0592327 -0.307586 -0.949675
outer loop
vertex 32.7016 0.407346 1.59868
vertex 32.7016 0.488815 1.5723
vertex 34.3983 0.324125 1.51981
endloop
endfacet
facet normal -0.0637483 -0.360152 -0.930713
outer loop
vertex 34.3983 0.324125 1.51981
vertex 32.7016 0.488815 1.5723
vertex 34.3983 0.388949 1.49472
endloop
endfacet
facet normal -0.0638463 -0.362543 -0.929777
outer loop
vertex 32.7016 0.488815 1.5723
vertex 32.7016 0.570284 1.54053
vertex 34.3983 0.388949 1.49472
endloop
endfacet
facet normal -0.069434 -0.421268 -0.904274
outer loop
vertex 34.3983 0.388949 1.49472
vertex 32.7016 0.570284 1.54053
vertex 34.3983 0.453774 1.46452
endloop
endfacet
facet normal -0.0692308 -0.417016 -0.906259
outer loop
vertex 32.7016 0.570284 1.54053
vertex 32.7016 0.651753 1.50304
vertex 34.3983 0.453774 1.46452
endloop
endfacet
facet normal -0.0758861 -0.480372 -0.873776
outer loop
vertex 34.3983 0.453774 1.46452
vertex 32.7016 0.651753 1.50304
vertex 34.3983 0.518599 1.42889
endloop
endfacet
facet normal -0.0753709 -0.470928 -0.878946
outer loop
vertex 32.7016 0.651753 1.50304
vertex 32.7016 0.733223 1.45939
vertex 34.3983 0.518599 1.42889
endloop
endfacet
facet normal -0.0830501 -0.537271 -0.839311
outer loop
vertex 34.3983 0.518599 1.42889
vertex 32.7016 0.733223 1.45939
vertex 34.3983 0.583424 1.38739
endloop
endfacet
facet normal -0.0822489 -0.524207 -0.84761
outer loop
vertex 32.7016 0.733223 1.45939
vertex 32.7016 0.814692 1.40901
vertex 34.3983 0.583424 1.38739
endloop
endfacet
facet normal -0.090869 -0.591812 -0.800938
outer loop
vertex 34.3983 0.583424 1.38739
vertex 32.7016 0.814692 1.40901
vertex 34.3983 0.648249 1.33949
endloop
endfacet
facet normal -0.0898451 -0.576777 -0.811946
outer loop
vertex 32.7016 0.814692 1.40901
vertex 32.7016 0.896161 1.35113
vertex 34.3983 0.648249 1.33949
endloop
endfacet
facet normal -0.0992839 -0.643879 -0.758658
outer loop
vertex 34.3983 0.648249 1.33949
vertex 32.7016 0.896161 1.35113
vertex 34.3983 0.713074 1.28447
endloop
endfacet
facet normal -0.0981376 -0.628565 -0.77154
outer loop
vertex 32.7016 0.896161 1.35113
vertex 32.7016 0.97763 1.28476
vertex 34.3983 0.713074 1.28447
endloop
endfacet
facet normal -0.108236 -0.693397 -0.71238
outer loop
vertex 34.3983 0.713074 1.28447
vertex 32.7016 0.97763 1.28476
vertex 34.3983 0.777899 1.22138
endloop
endfacet
facet normal -0.107102 -0.679502 -0.725814
outer loop
vertex 32.7016 0.97763 1.28476
vertex 32.7016 1.0591 1.20849
vertex 34.3983 0.777899 1.22138
endloop
endfacet
facet normal -0.117667 -0.740321 -0.661875
outer loop
vertex 34.3983 0.777899 1.22138
vertex 32.7016 1.0591 1.20849
vertex 34.3983 0.842724 1.14887
endloop
endfacet
facet normal -0.116714 -0.729521 -0.673927
outer loop
vertex 32.7016 1.0591 1.20849
vertex 32.7016 1.14057 1.1203
vertex 34.3983 0.842724 1.14887
endloop
endfacet
facet normal -0.127522 -0.784642 -0.606692
outer loop
vertex 34.3983 0.842724 1.14887
vertex 32.7016 1.14057 1.1203
vertex 34.3983 0.907549 1.06503
endloop
endfacet
facet normal -0.126944 -0.778562 -0.614594
outer loop
vertex 32.7016 1.14057 1.1203
vertex 32.7016 1.22204 1.0171
vertex 34.3983 0.907549 1.06503
endloop
endfacet
facet normal -0.137745 -0.82638 -0.546005
outer loop
vertex 34.3983 0.907549 1.06503
vertex 32.7016 1.22204 1.0171
vertex 34.3983 0.972374 0.966916
endloop
endfacet
facet normal -0.137765 -0.826585 -0.54569
outer loop
vertex 32.7016 1.22204 1.0171
vertex 32.7016 1.30351 0.893691
vertex 34.3983 0.972374 0.966916
endloop
endfacet
facet normal -0.148286 -0.865591 -0.478292
outer loop
vertex 34.3983 0.972374 0.966916
vertex 32.7016 1.30351 0.893691
vertex 34.3983 1.0372 0.849599
endloop
endfacet
facet normal -0.149152 -0.873601 -0.463222
outer loop
vertex 32.7016 1.30351 0.893691
vertex 32.7016 1.38498 0.740046
vertex 34.3983 1.0372 0.849599
endloop
endfacet
facet normal -0.159102 -0.902384 -0.400488
outer loop
vertex 34.3983 1.0372 0.849599
vertex 32.7016 1.38498 0.740046
vertex 34.3983 1.10202 0.703535
endloop
endfacet
facet normal -0.165188 -0.963192 -0.212069
outer loop
vertex 32.7016 1.38498 0.740046
vertex 32.7016 1.54791 2.0024e-15
vertex 34.3983 1.10202 0.703535
endloop
endfacet
facet normal -0.180292 -0.967325 -0.178262
outer loop
vertex 34.3983 1.10202 0.703535
vertex 32.7016 1.54791 2.0024e-15
vertex 34.3983 1.23167 2.10629e-15
endloop
endfacet
facet normal -0.181906 -0.975984 0.119856
outer loop
vertex 32.7016 1.54791 2.0024e-15
vertex 32.7016 1.46645 -0.663403
vertex 34.3983 1.23167 2.10629e-15
endloop
endfacet
facet normal -0.193867 -0.969039 0.152904
outer loop
vertex 34.3983 1.23167 2.10629e-15
vertex 32.7016 1.46645 -0.663403
vertex 34.3983 1.16685 -0.410831
endloop
endfacet
facet normal -0.208146 -0.933994 0.290398
outer loop
vertex 32.7016 1.46645 -0.663403
vertex 32.7016 1.38498 -0.925428
vertex 34.3983 1.16685 -0.410831
endloop
endfacet
facet normal -0.225904 -0.904632 0.361397
outer loop
vertex 34.3983 1.16685 -0.410831
vertex 32.7016 1.38498 -0.925428
vertex 34.3983 1.10202 -0.573097
endloop
endfacet
facet normal -0.228394 -0.896319 0.380063
outer loop
vertex 32.7016 1.38498 -0.925428
vertex 32.7016 1.30351 -1.11756
vertex 34.3983 1.10202 -0.573097
endloop
endfacet
facet normal -0.249635 -0.850327 0.463278
outer loop
vertex 34.3983 1.10202 -0.573097
vertex 32.7016 1.30351 -1.11756
vertex 34.3983 1.0372 -0.692081
endloop
endfacet
facet normal -0.247885 -0.856729 0.452291
outer loop
vertex 32.7016 1.30351 -1.11756
vertex 32.7016 1.22204 -1.27188
vertex 34.3983 1.0372 -0.692081
endloop
endfacet
facet normal -0.271396 -0.79651 0.540293
outer loop
vertex 34.3983 1.0372 -0.692081
vertex 32.7016 1.22204 -1.27188
vertex 34.3983 0.972374 -0.787647
endloop
endfacet
facet normal -0.266741 -0.814971 0.514462
outer loop
vertex 32.7016 1.22204 -1.27188
vertex 32.7016 1.14057 -1.40094
vertex 34.3983 0.972374 -0.787647
endloop
endfacet
facet normal -0.291453 -0.742928 0.602589
outer loop
vertex 34.3983 0.972374 -0.787647
vertex 32.7016 1.14057 -1.40094
vertex 34.3983 0.907549 -0.867569
endloop
endfacet
facet normal -0.284923 -0.770988 0.569558
outer loop
vertex 32.7016 1.14057 -1.40094
vertex 32.7016 1.0591 -1.51122
vertex 34.3983 0.907549 -0.867569
endloop
endfacet
facet normal -0.309894 -0.689587 0.65455
outer loop
vertex 34.3983 0.907549 -0.867569
vertex 32.7016 1.0591 -1.51122
vertex 34.3983 0.842724 -0.935864
endloop
endfacet
facet normal -0.302358 -0.724778 0.619093
outer loop
vertex 32.7016 1.0591 -1.51122
vertex 32.7016 0.97763 -1.6066
vertex 34.3983 0.842724 -0.935864
endloop
endfacet
facet normal -0.326774 -0.636529 0.698605
outer loop
vertex 34.3983 0.842724 -0.935864
vertex 32.7016 0.97763 -1.6066
vertex 34.3983 0.777899 -0.994929
endloop
endfacet
facet normal -0.318958 -0.676375 0.663914
outer loop
vertex 32.7016 0.97763 -1.6066
vertex 32.7016 0.896161 -1.68959
vertex 34.3983 0.777899 -0.994929
endloop
endfacet
facet normal -0.342137 -0.583797 0.73629
outer loop
vertex 34.3983 0.777899 -0.994929
vertex 32.7016 0.896161 -1.68959
vertex 34.3983 0.713074 -1.04633
endloop
endfacet
facet normal -0.33463 -0.625835 0.704524
outer loop
vertex 32.7016 0.896161 -1.68959
vertex 32.7016 0.814692 -1.76196
vertex 34.3983 0.713074 -1.04633
endloop
endfacet
facet normal -0.356027 -0.531418 0.768661
outer loop
vertex 34.3983 0.713074 -1.04633
vertex 32.7016 0.814692 -1.76196
vertex 34.3983 0.648249 -1.09114
endloop
endfacet
facet normal -0.349279 -0.573238 0.741217
outer loop
vertex 32.7016 0.814692 -1.76196
vertex 32.7016 0.733223 -1.82497
vertex 34.3983 0.648249 -1.09114
endloop
endfacet
facet normal -0.368483 -0.479408 0.796485
outer loop
vertex 34.3983 0.648249 -1.09114
vertex 32.7016 0.733223 -1.82497
vertex 34.3983 0.583424 -1.13016
endloop
endfacet
facet normal -0.36281 -0.518691 0.774163
outer loop
vertex 32.7016 0.733223 -1.82497
vertex 32.7016 0.651753 -1.87955
vertex 34.3983 0.583424 -1.13016
endloop
endfacet
facet normal -0.379544 -0.427768 0.820342
outer loop
vertex 34.3983 0.583424 -1.13016
vertex 32.7016 0.651753 -1.87955
vertex 34.3983 0.518599 -1.16397
endloop
endfacet
facet normal -0.375133 -0.462321 0.803452
outer loop
vertex 32.7016 0.651753 -1.87955
vertex 32.7016 0.570284 -1.92643
vertex 34.3983 0.518599 -1.16397
endloop
endfacet
facet normal -0.389248 -0.376488 0.84068
outer loop
vertex 34.3983 0.518599 -1.16397
vertex 32.7016 0.570284 -1.92643
vertex 34.3983 0.453774 -1.193
endloop
endfacet
facet normal -0.386159 -0.40428 0.82912
outer loop
vertex 32.7016 0.570284 -1.92643
vertex 32.7016 0.488815 -1.96616
vertex 34.3983 0.453774 -1.193
endloop
endfacet
facet normal -0.397626 -0.325548 0.857853
outer loop
vertex 34.3983 0.453774 -1.193
vertex 32.7016 0.488815 -1.96616
vertex 34.3983 0.388949 -1.2176
endloop
endfacet
facet normal -0.395807 -0.34474 0.85117
outer loop
vertex 32.7016 0.488815 -1.96616
vertex 32.7016 0.407346 -1.99915
vertex 34.3983 0.388949 -1.2176
endloop
endfacet
facet normal -0.40471 -0.274915 0.872142
outer loop
vertex 34.3983 0.388949 -1.2176
vertex 32.7016 0.407346 -1.99915
vertex 34.3983 0.324125 -1.23803
endloop
endfacet
facet normal -0.404005 -0.283897 0.869588
outer loop
vertex 32.7016 0.407346 -1.99915
vertex 32.7016 0.325877 -2.02575
vertex 34.3983 0.324125 -1.23803
endloop
endfacet
facet normal -0.410526 -0.224554 0.883767
outer loop
vertex 34.3983 0.324125 -1.23803
vertex 32.7016 0.325877 -2.02575
vertex 34.3983 0.2593 -1.2545
endloop
endfacet
facet normal -0.410688 -0.221962 0.884346
outer loop
vertex 32.7016 0.325877 -2.02575
vertex 32.7016 0.244408 -2.0462
vertex 34.3983 0.2593 -1.2545
endloop
endfacet
facet normal -0.415097 -0.17442 0.892901
outer loop
vertex 34.3983 0.2593 -1.2545
vertex 32.7016 0.244408 -2.0462
vertex 34.3983 0.194475 -1.26717
endloop
endfacet
facet normal -0.415804 -0.159164 0.895418
outer loop
vertex 32.7016 0.244408 -2.0462
vertex 32.7016 0.162938 -2.06068
vertex 34.3983 0.194475 -1.26717
endloop
endfacet
facet normal -0.41844 -0.124463 0.899676
outer loop
vertex 34.3983 0.194475 -1.26717
vertex 32.7016 0.162938 -2.06068
vertex 34.3983 0.12965 -1.27613
endloop
endfacet
facet normal -0.419312 -0.0957442 0.90278
outer loop
vertex 32.7016 0.162938 -2.06068
vertex 32.7016 0.0814692 -2.06932
vertex 34.3983 0.12965 -1.27613
endloop
endfacet
facet normal -0.420569 -0.0746321 0.904186
outer loop
vertex 34.3983 0.12965 -1.27613
vertex 32.7016 0.0814692 -2.06932
vertex 34.3983 0.0648249 -1.28148
endloop
endfacet
facet normal -0.421184 -0.0319541 0.906412
outer loop
vertex 32.7016 0.0814692 -2.06932
vertex 32.7016 -2.0024e-15 -2.07219
vertex 34.3983 0.0648249 -1.28148
endloop
endfacet
facet normal -0.421491 -0.0248715 0.906491
outer loop
vertex 34.3983 0.0648249 -1.28148
vertex 32.7016 -2.0024e-15 -2.07219
vertex 34.3983 -2.10629e-15 -1.28326
endloop
endfacet
facet normal -0.421406 0.0319505 0.906309
outer loop
vertex 32.7016 -2.0024e-15 -2.07219
vertex 32.7016 -0.0814692 -2.06932
vertex 34.3983 -2.10629e-15 -1.28326
endloop
endfacet
facet normal -0.421211 0.024875 0.906621
outer loop
vertex 34.3983 -2.10629e-15 -1.28326
vertex 32.7016 -0.0814692 -2.06932
vertex 34.3983 -0.0648249 -1.28148
endloop
endfacet
facet normal -0.41998 0.0957117 0.902472
outer loop
vertex 32.7016 -0.0814692 -2.06932
vertex 32.7016 -0.162938 -2.06068
vertex 34.3983 -0.0648249 -1.28148
endloop
endfacet
facet normal -0.419728 0.0746641 0.904574
outer loop
vertex 34.3983 -0.0648249 -1.28148
vertex 32.7016 -0.162938 -2.06068
vertex 34.3983 -0.12965 -1.27613
endloop
endfacet
facet normal -0.416918 0.159074 0.894916
outer loop
vertex 32.7016 -0.162938 -2.06068
vertex 32.7016 -0.244408 -2.0462
vertex 34.3983 -0.12965 -1.27613
endloop
endfacet
facet normal -0.417034 0.124552 0.900316
outer loop
vertex 34.3983 -0.12965 -1.27613
vertex 32.7016 -0.244408 -2.0462
vertex 34.3983 -0.194475 -1.26717
endloop
endfacet
facet normal -0.412249 0.22179 0.883663
outer loop
vertex 32.7016 -0.244408 -2.0462
vertex 32.7016 -0.325877 -2.02575
vertex 34.3983 -0.194475 -1.26717
endloop
endfacet
facet normal -0.413119 0.174592 0.893784
outer loop
vertex 34.3983 -0.194475 -1.26717
vertex 32.7016 -0.325877 -2.02575
vertex 34.3983 -0.2593 -1.2545
endloop
endfacet
facet normal -0.406014 0.28362 0.868742
outer loop
vertex 32.7016 -0.325877 -2.02575
vertex 32.7016 -0.407346 -1.99915
vertex 34.3983 -0.2593 -1.2545
endloop
endfacet
facet normal -0.407968 0.224837 0.884879
outer loop
vertex 34.3983 -0.2593 -1.2545
vertex 32.7016 -0.407346 -1.99915
vertex 34.3983 -0.324125 -1.23803
endloop
endfacet
facet normal -0.398266 0.344341 0.850185
outer loop
vertex 32.7016 -0.407346 -1.99915
vertex 32.7016 -0.488815 -1.96616
vertex 34.3983 -0.324125 -1.23803
endloop
endfacet
facet normal -0.401558 0.275333 0.873466
outer loop
vertex 34.3983 -0.324125 -1.23803
vertex 32.7016 -0.488815 -1.96616
vertex 34.3983 -0.388949 -1.2176
endloop
endfacet
facet normal -0.389067 0.403744 0.828021
outer loop
vertex 32.7016 -0.488815 -1.96616
vertex 32.7016 -0.570284 -1.92643
vertex 34.3983 -0.388949 -1.2176
endloop
endfacet
facet normal -0.393867 0.326122 0.859368
outer loop
vertex 34.3983 -0.388949 -1.2176
vertex 32.7016 -0.570284 -1.92643
vertex 34.3983 -0.453774 -1.193
endloop
endfacet
facet normal -0.37849 0.46164 0.802268
outer loop
vertex 32.7016 -0.570284 -1.92643
vertex 32.7016 -0.651753 -1.87955
vertex 34.3983 -0.453774 -1.193
endloop
endfacet
facet normal -0.384865 0.37724 0.842359
outer loop
vertex 34.3983 -0.453774 -1.193
vertex 32.7016 -0.651753 -1.87955
vertex 34.3983 -0.518599 -1.16397
endloop
endfacet
facet normal -0.366617 0.517861 0.772924
outer loop
vertex 32.7016 -0.651753 -1.87955
vertex 32.7016 -0.733223 -1.82497
vertex 34.3983 -0.518599 -1.16397
endloop
endfacet
facet normal -0.374519 0.428714 0.822156
outer loop
vertex 34.3983 -0.518599 -1.16397
vertex 32.7016 -0.733223 -1.82497
vertex 34.3983 -0.583424 -1.13016
endloop
endfacet
facet normal -0.353531 0.572262 0.739954
outer loop
vertex 32.7016 -0.733223 -1.82497
vertex 32.7016 -0.814692 -1.76196
vertex 34.3983 -0.583424 -1.13016
endloop
endfacet
facet normal -0.362795 0.48056 0.7984
outer loop
vertex 34.3983 -0.583424 -1.13016
vertex 32.7016 -0.814692 -1.76196
vertex 34.3983 -0.648249 -1.09114
endloop
endfacet
facet normal -0.339325 0.624719 0.703267
outer loop
vertex 32.7016 -0.814692 -1.76196
vertex 32.7016 -0.896161 -1.68959
vertex 34.3983 -0.648249 -1.09114
endloop
endfacet
facet normal -0.349655 0.532784 0.770638
outer loop
vertex 34.3983 -0.648249 -1.09114
vertex 32.7016 -0.896161 -1.68959
vertex 34.3983 -0.713074 -1.04633
endloop
endfacet
facet normal -0.324091 0.675131 0.662694
outer loop
vertex 32.7016 -0.896161 -1.68959
vertex 32.7016 -0.97763 -1.6066
vertex 34.3983 -0.713074 -1.04633
endloop
endfacet
facet normal -0.335058 0.58538 0.738287
outer loop
vertex 34.3983 -0.713074 -1.04633
vertex 32.7016 -0.97763 -1.6066
vertex 34.3983 -0.777899 -0.994929
endloop
endfacet
facet normal -0.307921 0.723423 0.617935
outer loop
vertex 32.7016 -0.97763 -1.6066
vertex 32.7016 -1.0591 -1.51122
vertex 34.3983 -0.777899 -0.994929
endloop
endfacet
facet normal -0.318964 0.638324 0.700575
outer loop
vertex 34.3983 -0.777899 -0.994929
vertex 32.7016 -1.0591 -1.51122
vertex 34.3983 -0.842724 -0.935864
endloop
endfacet
facet normal -0.290907 0.769541 0.568489
outer loop
vertex 32.7016 -1.0591 -1.51122
vertex 32.7016 -1.14057 -1.40094
vertex 34.3983 -0.842724 -0.935864
endloop
endfacet
facet normal -0.30133 0.69158 0.656442
outer loop
vertex 34.3983 -0.842724 -0.935864
vertex 32.7016 -1.14057 -1.40094
vertex 34.3983 -0.907549 -0.867569
endloop
endfacet
facet normal -0.273135 0.813455 0.513505
outer loop
vertex 32.7016 -1.14057 -1.40094
vertex 32.7016 -1.22204 -1.27188
vertex 34.3983 -0.907549 -0.867569
endloop
endfacet
facet normal -0.282113 0.745099 0.60435
outer loop
vertex 34.3983 -0.907549 -0.867569
vertex 32.7016 -1.22204 -1.27188
vertex 34.3983 -0.972374 -0.787647
endloop
endfacet
facet normal -0.254678 0.85517 0.451468
outer loop
vertex 32.7016 -1.22204 -1.27188
vertex 32.7016 -1.30351 -1.11756
vertex 34.3983 -0.972374 -0.787647
endloop
endfacet
facet normal -0.261259 0.798828 0.541865
outer loop
vertex 34.3983 -0.972374 -0.787647
vertex 32.7016 -1.30351 -1.11756
vertex 34.3983 -1.0372 -0.692081
endloop
endfacet
facet normal -0.235572 0.894744 0.379394
outer loop
vertex 32.7016 -1.30351 -1.11756
vertex 32.7016 -1.38498 -0.925428
vertex 34.3983 -1.0372 -0.692081
endloop
endfacet
facet normal -0.238682 0.852749 0.464597
outer loop
vertex 34.3983 -1.0372 -0.692081
vertex 32.7016 -1.38498 -0.925428
vertex 34.3983 -1.10202 -0.573097
endloop
endfacet
facet normal -0.196346 0.965681 0.170026
outer loop
vertex 32.7016 -1.38498 -0.925428
vertex 32.7016 -1.54791 2.0024e-15
vertex 34.3983 -1.10202 -0.573097
endloop
endfacet
facet normal -0.178857 0.959625 0.217093
outer loop
vertex 34.3983 -1.10202 -0.573097
vertex 32.7016 -1.54791 2.0024e-15
vertex 34.3983 -1.23167 2.10629e-15
endloop
endfacet
facet normal -0.268857 0.955321 -0.122792
outer loop
vertex 34.3983 -1.23167 2.10629e-15
vertex 34.3983 -1.16685 0.504336
vertex 37.3593 -0.279575 0.924292
endloop
endfacet
facet normal -0.275186 0.957771 -0.0833469
outer loop
vertex 37.3593 -0.279575 0.924292
vertex 34.3983 -1.16685 0.504336
vertex 37.3593 -0.264861 1.09338
endloop
endfacet
facet normal -0.222402 0.927099 -0.301704
outer loop
vertex 34.3983 -1.16685 0.504336
vertex 34.3983 -1.10202 0.703535
vertex 37.3593 -0.264861 1.09338
endloop
endfacet
facet normal -0.240513 0.947912 -0.208848
outer loop
vertex 37.3593 -0.264861 1.09338
vertex 34.3983 -1.10202 0.703535
vertex 37.3593 -0.250146 1.16017
endloop
endfacet
facet normal -0.196505 0.896205 -0.397746
outer loop
vertex 34.3983 -1.10202 0.703535
vertex 34.3983 -1.0372 0.849599
vertex 37.3593 -0.250146 1.16017
endloop
endfacet
facet normal -0.218943 0.934466 -0.280781
outer loop
vertex 37.3593 -0.250146 1.16017
vertex 34.3983 -1.0372 0.849599
vertex 37.3593 -0.235432 1.20914
endloop
endfacet
facet normal -0.175513 0.861681 -0.476132
outer loop
vertex 34.3983 -1.0372 0.849599
vertex 34.3983 -0.972374 0.966916
vertex 37.3593 -0.235432 1.20914
endloop
endfacet
facet normal -0.200305 0.917625 -0.343282
outer loop
vertex 37.3593 -0.235432 1.20914
vertex 34.3983 -0.972374 0.966916
vertex 37.3593 -0.220717 1.24847
endloop
endfacet
facet normal -0.157397 0.823934 -0.544389
outer loop
vertex 34.3983 -0.972374 0.966916
vertex 34.3983 -0.907549 1.06503
vertex 37.3593 -0.220717 1.24847
endloop
endfacet
facet normal -0.183289 0.897369 -0.401415
outer loop
vertex 37.3593 -0.220717 1.24847
vertex 34.3983 -0.907549 1.06503
vertex 37.3593 -0.206003 1.28137
endloop
endfacet
facet normal -0.141315 0.783162 -0.605547
outer loop
vertex 34.3983 -0.907549 1.06503
vertex 34.3983 -0.842724 1.14887
vertex 37.3593 -0.206003 1.28137
endloop
endfacet
facet normal -0.167368 0.873454 -0.457238
outer loop
vertex 37.3593 -0.206003 1.28137
vertex 34.3983 -0.842724 1.14887
vertex 37.3593 -0.191288 1.30948
endloop
endfacet
facet normal -0.126833 0.73948 -0.661123
outer loop
vertex 34.3983 -0.842724 1.14887
vertex 34.3983 -0.777899 1.22138
vertex 37.3593 -0.191288 1.30948
endloop
endfacet
facet normal -0.152284 0.845513 -0.511779
outer loop
vertex 37.3593 -0.191288 1.30948
vertex 34.3983 -0.777899 1.22138
vertex 37.3593 -0.176574 1.33379
endloop
endfacet
facet normal -0.113705 0.692971 -0.711943
outer loop
vertex 34.3983 -0.777899 1.22138
vertex 34.3983 -0.713074 1.28447
vertex 37.3593 -0.176574 1.33379
endloop
endfacet
facet normal -0.137909 0.813096 -0.565559
outer loop
vertex 37.3593 -0.176574 1.33379
vertex 34.3983 -0.713074 1.28447
vertex 37.3593 -0.161859 1.35494
endloop
endfacet
facet normal -0.101786 0.643716 -0.758465
outer loop
vertex 34.3983 -0.713074 1.28447
vertex 34.3983 -0.648249 1.33949
vertex 37.3593 -0.161859 1.35494
endloop
endfacet
facet normal -0.124194 0.775687 -0.618777
outer loop
vertex 37.3593 -0.161859 1.35494
vertex 34.3983 -0.648249 1.33949
vertex 37.3593 -0.147145 1.37339
endloop
endfacet
facet normal -0.0909882 0.591805 -0.800929
outer loop
vertex 34.3983 -0.648249 1.33949
vertex 34.3983 -0.583424 1.38739
vertex 37.3593 -0.147145 1.37339
endloop
endfacet
facet normal -0.111141 0.732733 -0.671379
outer loop
vertex 37.3593 -0.147145 1.37339
vertex 34.3983 -0.583424 1.38739
vertex 37.3593 -0.13243 1.38945
endloop
endfacet
facet normal -0.0812642 0.53735 -0.839435
outer loop
vertex 34.3983 -0.583424 1.38739
vertex 34.3983 -0.518599 1.42889
vertex 37.3593 -0.13243 1.38945
endloop
endfacet
facet normal -0.0987975 0.68367 -0.723073
outer loop
vertex 37.3593 -0.13243 1.38945
vertex 34.3983 -0.518599 1.42889
vertex 37.3593 -0.117716 1.40336
endloop
endfacet
facet normal -0.0725899 0.480491 -0.873991
outer loop
vertex 34.3983 -0.518599 1.42889
vertex 34.3983 -0.453774 1.46452
vertex 37.3593 -0.117716 1.40336
endloop
endfacet
facet normal -0.087249 0.627969 -0.773332
outer loop
vertex 37.3593 -0.117716 1.40336
vertex 34.3983 -0.453774 1.46452
vertex 37.3593 -0.103001 1.41531
endloop
endfacet
facet normal -0.0649579 0.421396 -0.904547
outer loop
vertex 34.3983 -0.453774 1.46452
vertex 34.3983 -0.388949 1.49472
vertex 37.3593 -0.103001 1.41531
endloop
endfacet
facet normal -0.0766151 0.565199 -0.821389
outer loop
vertex 37.3593 -0.103001 1.41531
vertex 34.3983 -0.388949 1.49472
vertex 37.3593 -0.088287 1.42543
endloop
endfacet
facet normal -0.0583715 0.36027 -0.93102
outer loop
vertex 34.3983 -0.388949 1.49472
vertex 34.3983 -0.324125 1.51981
vertex 37.3593 -0.088287 1.42543
endloop
endfacet
facet normal -0.0670466 0.49511 -0.86624
outer loop
vertex 37.3593 -0.088287 1.42543
vertex 34.3983 -0.324125 1.51981
vertex 37.3593 -0.0735725 1.43384
endloop
endfacet
facet normal -0.0528404 0.297353 -0.953304
outer loop
vertex 34.3983 -0.324125 1.51981
vertex 34.3983 -0.2593 1.54003
vertex 37.3593 -0.0735725 1.43384
endloop
endfacet
facet normal -0.0587184 0.417722 -0.906676
outer loop
vertex 37.3593 -0.0735725 1.43384
vertex 34.3983 -0.2593 1.54003
vertex 37.3593 -0.058858 1.44062
endloop
endfacet
facet normal -0.0483773 0.232916 -0.971293
outer loop
vertex 34.3983 -0.2593 1.54003
vertex 34.3983 -0.194475 1.55557
vertex 37.3593 -0.058858 1.44062
endloop
endfacet
facet normal -0.0518183 0.333423 -0.941352
outer loop
vertex 37.3593 -0.058858 1.44062
vertex 34.3983 -0.194475 1.55557
vertex 37.3593 -0.0441435 1.44583
endloop
endfacet
facet normal -0.0449955 0.167262 -0.984885
outer loop
vertex 34.3983 -0.194475 1.55557
vertex 34.3983 -0.12965 1.56658
vertex 37.3593 -0.0441435 1.44583
endloop
endfacet
facet normal -0.046532 0.243044 -0.968899
outer loop
vertex 37.3593 -0.0441435 1.44583
vertex 34.3983 -0.12965 1.56658
vertex 37.3593 -0.029429 1.44952
endloop
endfacet
facet normal -0.0427069 0.100719 -0.993998
outer loop
vertex 34.3983 -0.12965 1.56658
vertex 34.3983 -0.0648249 1.57315
vertex 37.3593 -0.029429 1.44952
endloop
endfacet
facet normal -0.0430231 0.147879 -0.988069
outer loop
vertex 37.3593 -0.029429 1.44952
vertex 34.3983 -0.0648249 1.57315
vertex 37.3593 -0.0147145 1.45173
endloop
endfacet
facet normal -0.0415203 0.0336337 -0.998571
outer loop
vertex 34.3983 -0.0648249 1.57315
vertex 34.3983 -2.10629e-15 1.57534
vertex 37.3593 -0.0147145 1.45173
endloop
endfacet
facet normal -0.041413 0.0496454 -0.997908
outer loop
vertex 37.3593 -0.0147145 1.45173
vertex 34.3983 -2.10629e-15 1.57534
vertex 37.3593 -2.28759e-15 1.45246
endloop
endfacet
facet normal -0.0414407 -0.0336338 -0.998575
outer loop
vertex 34.3983 -2.10629e-15 1.57534
vertex 34.3983 0.0648249 1.57315
vertex 37.3593 -2.28759e-15 1.45246
endloop
endfacet
facet normal -0.0417635 -0.0496447 -0.997893
outer loop
vertex 37.3593 -2.28759e-15 1.45246
vertex 34.3983 0.0648249 1.57315
vertex 37.3593 0.0147145 1.45173
endloop
endfacet
facet normal -0.0424685 -0.10072 -0.994008
outer loop
vertex 34.3983 0.0648249 1.57315
vertex 34.3983 0.12965 1.56658
vertex 37.3593 0.0147145 1.45173
endloop
endfacet
facet normal -0.0440667 -0.147872 -0.988024
outer loop
vertex 37.3593 0.0147145 1.45173
vertex 34.3983 0.12965 1.56658
vertex 37.3593 0.029429 1.44952
endloop
endfacet
facet normal -0.0445997 -0.167265 -0.984903
outer loop
vertex 34.3983 0.12965 1.56658
vertex 34.3983 0.194475 1.55557
vertex 37.3593 0.029429 1.44952
endloop
endfacet
facet normal -0.0482466 -0.243024 -0.96882
outer loop
vertex 37.3593 0.029429 1.44952
vertex 34.3983 0.194475 1.55557
vertex 37.3593 0.0441435 1.44583
endloop
endfacet
facet normal -0.0478263 -0.232922 -0.971319
outer loop
vertex 34.3983 0.194475 1.55557
vertex 34.3983 0.2593 1.54003
vertex 37.3593 0.0441435 1.44583
endloop
endfacet
facet normal -0.0541692 -0.333381 -0.941235
outer loop
vertex 37.3593 0.0441435 1.44583
vertex 34.3983 0.2593 1.54003
vertex 37.3593 0.058858 1.44062
endloop
endfacet
facet normal -0.0521373 -0.297364 -0.95334
outer loop
vertex 34.3983 0.2593 1.54003
vertex 34.3983 0.324125 1.51981
vertex 37.3593 0.058858 1.44062
endloop
endfacet
facet normal -0.0616611 -0.417647 -0.906515
outer loop
vertex 37.3593 0.058858 1.44062
vertex 34.3983 0.324125 1.51981
vertex 37.3593 0.0735725 1.43384
endloop
endfacet
facet normal -0.0575202 -0.360288 -0.931066
outer loop
vertex 34.3983 0.324125 1.51981
vertex 34.3983 0.388949 1.49472
vertex 37.3593 0.0735725 1.43384
endloop
endfacet
facet normal -0.0705306 -0.494991 -0.866031
outer loop
vertex 37.3593 0.0735725 1.43384
vertex 34.3983 0.388949 1.49472
vertex 37.3593 0.088287 1.42543
endloop
endfacet
facet normal -0.063963 -0.421423 -0.904606
outer loop
vertex 34.3983 0.388949 1.49472
vertex 34.3983 0.453774 1.46452
vertex 37.3593 0.088287 1.42543
endloop
endfacet
facet normal -0.0805863 -0.565022 -0.821131
outer loop
vertex 37.3593 0.088287 1.42543
vertex 34.3983 0.453774 1.46452
vertex 37.3593 0.103001 1.41531
endloop
endfacet
facet normal -0.0714566 -0.48053 -0.874062
outer loop
vertex 34.3983 0.453774 1.46452
vertex 34.3983 0.518599 1.42889
vertex 37.3593 0.103001 1.41531
endloop
endfacet
facet normal -0.091653 -0.62772 -0.773025
outer loop
vertex 37.3593 0.103001 1.41531
vertex 34.3983 0.518599 1.42889
vertex 37.3593 0.117716 1.40336
endloop
endfacet
facet normal -0.0799985 -0.537406 -0.839521
outer loop
vertex 34.3983 0.518599 1.42889
vertex 34.3983 0.583424 1.38739
vertex 37.3593 0.117716 1.40336
endloop
endfacet
facet normal -0.103581 -0.683336 -0.722719
outer loop
vertex 37.3593 0.117716 1.40336
vertex 34.3983 0.583424 1.38739
vertex 37.3593 0.13243 1.38945
endloop
endfacet
facet normal -0.0895966 -0.59188 -0.801031
outer loop
vertex 34.3983 0.583424 1.38739
vertex 34.3983 0.648249 1.33949
vertex 37.3593 0.13243 1.38945
endloop
endfacet
facet normal -0.116253 -0.732302 -0.670983
outer loop
vertex 37.3593 0.13243 1.38945
vertex 34.3983 0.648249 1.33949
vertex 37.3593 0.147145 1.37339
endloop
endfacet
facet normal -0.100275 -0.643815 -0.758582
outer loop
vertex 34.3983 0.648249 1.33949
vertex 34.3983 0.713074 1.28447
vertex 37.3593 0.147145 1.37339
endloop
endfacet
facet normal -0.129588 -0.775148 -0.618347
outer loop
vertex 37.3593 0.147145 1.37339
vertex 34.3983 0.713074 1.28447
vertex 37.3593 0.161859 1.35494
endloop
endfacet
facet normal -0.112083 -0.693099 -0.712075
outer loop
vertex 34.3983 0.713074 1.28447
vertex 34.3983 0.777899 1.22138
vertex 37.3593 0.161859 1.35494
endloop
endfacet
facet normal -0.143542 -0.812438 -0.565102
outer loop
vertex 37.3593 0.161859 1.35494
vertex 34.3983 0.777899 1.22138
vertex 37.3593 0.176574 1.33379
endloop
endfacet
facet normal -0.125108 -0.739643 -0.661269
outer loop
vertex 34.3983 0.777899 1.22138
vertex 34.3983 0.842724 1.14887
vertex 37.3593 0.176574 1.33379
endloop
endfacet
facet normal -0.158116 -0.844729 -0.511304
outer loop
vertex 37.3593 0.176574 1.33379
vertex 34.3983 0.842724 1.14887
vertex 37.3593 0.191288 1.30948
endloop
endfacet
facet normal -0.139495 -0.783366 -0.605705
outer loop
vertex 34.3983 0.842724 1.14887
vertex 34.3983 0.907549 1.06503
vertex 37.3593 0.191288 1.30948
endloop
endfacet
facet normal -0.173362 -0.872535 -0.456758
outer loop
vertex 37.3593 0.191288 1.30948
vertex 34.3983 0.907549 1.06503
vertex 37.3593 0.206003 1.28137
endloop
endfacet
facet normal -0.155491 -0.824186 -0.544555
outer loop
vertex 34.3983 0.907549 1.06503
vertex 34.3983 0.972374 0.966916
vertex 37.3593 0.206003 1.28137
endloop
endfacet
facet normal -0.189411 -0.896309 -0.400941
outer loop
vertex 37.3593 0.206003 1.28137
vertex 34.3983 0.972374 0.966916
vertex 37.3593 0.220717 1.24847
endloop
endfacet
facet normal -0.173532 -0.861988 -0.476301
outer loop
vertex 34.3983 0.972374 0.966916
vertex 34.3983 1.0372 0.849599
vertex 37.3593 0.220717 1.24847
endloop
endfacet
facet normal -0.206521 -0.916415 -0.34283
outer loop
vertex 37.3593 0.220717 1.24847
vertex 34.3983 1.0372 0.849599
vertex 37.3593 0.235432 1.20914
endloop
endfacet
facet normal -0.194461 -0.896578 -0.397911
outer loop
vertex 34.3983 1.0372 0.849599
vertex 34.3983 1.10202 0.703535
vertex 37.3593 0.235432 1.20914
endloop
endfacet
facet normal -0.22522 -0.933096 -0.280369
outer loop
vertex 37.3593 0.235432 1.20914
vertex 34.3983 1.10202 0.703535
vertex 37.3593 0.250146 1.16017
endloop
endfacet
facet normal -0.247087 -0.952947 -0.175612
outer loop
vertex 34.3983 1.10202 0.703535
vertex 34.3983 1.23167 2.10629e-15
vertex 37.3593 0.250146 1.16017
endloop
endfacet
facet normal -0.270017 -0.955448 -0.119206
outer loop
vertex 37.3593 0.250146 1.16017
vertex 34.3983 1.23167 2.10629e-15
vertex 37.3593 0.279575 0.924292
endloop
endfacet
facet normal -0.343935 -0.927518 0.146353
outer loop
vertex 34.3983 1.23167 2.10629e-15
vertex 34.3983 1.16685 -0.410831
vertex 37.3593 0.279575 0.924292
endloop
endfacet
facet normal -0.308127 -0.94992 0.0520557
outer loop
vertex 37.3593 0.279575 0.924292
vertex 34.3983 1.16685 -0.410831
vertex 37.3593 0.264861 0.65578
endloop
endfacet
facet normal -0.38451 -0.857245 0.342466
outer loop
vertex 34.3983 1.16685 -0.410831
vertex 34.3983 1.10202 -0.573097
vertex 37.3593 0.264861 0.65578
endloop
endfacet
facet normal -0.319432 -0.938618 0.130228
outer loop
vertex 37.3593 0.264861 0.65578
vertex 34.3983 1.10202 -0.573097
vertex 37.3593 0.250146 0.549725
endloop
endfacet
facet normal -0.398176 -0.805515 0.438863
outer loop
vertex 34.3983 1.10202 -0.573097
vertex 34.3983 1.0372 -0.692081
vertex 37.3593 0.250146 0.549725
endloop
endfacet
facet normal -0.321184 -0.930506 0.176067
outer loop
vertex 37.3593 0.250146 0.549725
vertex 34.3983 1.0372 -0.692081
vertex 37.3593 0.235432 0.471959
endloop
endfacet
facet normal -0.406397 -0.756148 0.512914
outer loop
vertex 34.3983 1.0372 -0.692081
vertex 34.3983 0.972374 -0.787647
vertex 37.3593 0.235432 0.471959
endloop
endfacet
facet normal -0.321739 -0.9216 0.217111
outer loop
vertex 37.3593 0.235432 0.471959
vertex 34.3983 0.972374 -0.787647
vertex 37.3593 0.220717 0.409499
endloop
endfacet
facet normal -0.411768 -0.707748 0.574055
outer loop
vertex 34.3983 0.972374 -0.787647
vertex 34.3983 0.907549 -0.867569
vertex 37.3593 0.220717 0.409499
endloop
endfacet
facet normal -0.322091 -0.911245 0.256692
outer loop
vertex 37.3593 0.220717 0.409499
vertex 34.3983 0.907549 -0.867569
vertex 37.3593 0.206003 0.357263
endloop
endfacet
facet normal -0.415376 -0.659762 0.626241
outer loop
vertex 34.3983 0.907549 -0.867569
vertex 34.3983 0.842724 -0.935864
vertex 37.3593 0.206003 0.357263
endloop
endfacet
facet normal -0.32272 -0.898911 0.296328
outer loop
vertex 37.3593 0.206003 0.357263
vertex 34.3983 0.842724 -0.935864
vertex 37.3593 0.191288 0.312627
endloop
endfacet
facet normal -0.417801 -0.611903 0.671578
outer loop
vertex 34.3983 0.842724 -0.935864
vertex 34.3983 0.777899 -0.994929
vertex 37.3593 0.191288 0.312627
endloop
endfacet
facet normal -0.323948 -0.884032 0.336964
outer loop
vertex 37.3593 0.191288 0.312627
vertex 34.3983 0.777899 -0.994929
vertex 37.3593 0.176574 0.274023
endloop
endfacet
facet normal -0.419398 -0.56401 0.711335
outer loop
vertex 34.3983 0.777899 -0.994929
vertex 34.3983 0.713074 -1.04633
vertex 37.3593 0.176574 0.274023
endloop
endfacet
facet normal -0.326038 -0.865931 0.379292
outer loop
vertex 37.3593 0.176574 0.274023
vertex 34.3983 0.713074 -1.04633
vertex 37.3593 0.161859 0.240429
endloop
endfacet
facet normal -0.420402 -0.515985 0.746339
outer loop
vertex 34.3983 0.713074 -1.04633
vertex 34.3983 0.648249 -1.09114
vertex 37.3593 0.161859 0.240429
endloop
endfacet
facet normal -0.329225 -0.843772 0.423863
outer loop
vertex 37.3593 0.161859 0.240429
vertex 34.3983 0.648249 -1.09114
vertex 37.3593 0.147145 0.211138
endloop
endfacet
facet normal -0.420977 -0.467772 0.777154
outer loop
vertex 34.3983 0.648249 -1.09114
vertex 34.3983 0.583424 -1.13016
vertex 37.3593 0.147145 0.211138
endloop
endfacet
facet normal -0.333726 -0.8165 0.47112
outer loop
vertex 37.3593 0.147145 0.211138
vertex 34.3983 0.583424 -1.13016
vertex 37.3593 0.13243 0.185636
endloop
endfacet
facet normal -0.421242 -0.419341 0.804182
outer loop
vertex 34.3983 0.583424 -1.13016
vertex 34.3983 0.518599 -1.16397
vertex 37.3593 0.13243 0.185636
endloop
endfacet
facet normal -0.339732 -0.782795 0.521359
outer loop
vertex 37.3593 0.13243 0.185636
vertex 34.3983 0.518599 -1.16397
vertex 37.3593 0.117716 0.163543
endloop
endfacet
facet normal -0.421288 -0.370682 0.827715
outer loop
vertex 34.3983 0.518599 -1.16397
vertex 34.3983 0.453774 -1.193
vertex 37.3593 0.117716 0.163543
endloop
endfacet
facet normal -0.347381 -0.741012 0.574654
outer loop
vertex 37.3593 0.117716 0.163543
vertex 34.3983 0.453774 -1.193
vertex 37.3593 0.103001 0.144568
endloop
endfacet
facet normal -0.421184 -0.321796 0.847969
outer loop
vertex 34.3983 0.453774 -1.193
vertex 34.3983 0.388949 -1.2176
vertex 37.3593 0.103001 0.144568
endloop
endfacet
facet normal -0.356714 -0.689174 0.63071
outer loop
vertex 37.3593 0.103001 0.144568
vertex 34.3983 0.388949 -1.2176
vertex 37.3593 0.088287 0.12849
endloop
endfacet
facet normal -0.420984 -0.272698 0.865106
outer loop
vertex 34.3983 0.388949 -1.2176
vertex 34.3983 0.324125 -1.23803
vertex 37.3593 0.088287 0.12849
endloop
endfacet
facet normal -0.367601 -0.625025 0.688632
outer loop
vertex 37.3593 0.088287 0.12849
vertex 34.3983 0.324125 -1.23803
vertex 37.3593 0.0735725 0.115135
endloop
endfacet
facet normal -0.420729 -0.223406 0.879248
outer loop
vertex 34.3983 0.324125 -1.23803
vertex 34.3983 0.2593 -1.2545
vertex 37.3593 0.0735725 0.115135
endloop
endfacet
facet normal -0.379642 -0.546255 0.746644
outer loop
vertex 37.3593 0.0735725 0.115135
vertex 34.3983 0.2593 -1.2545
vertex 37.3593 0.058858 0.104369
endloop
endfacet
facet normal -0.420451 -0.173948 0.890485
outer loop
vertex 34.3983 0.2593 -1.2545
vertex 34.3983 0.194475 -1.26717
vertex 37.3593 0.058858 0.104369
endloop
endfacet
facet normal -0.392065 -0.450984 0.801809
outer loop
vertex 37.3593 0.058858 0.104369
vertex 34.3983 0.194475 -1.26717
vertex 37.3593 0.0441435 0.096093
endloop
endfacet
facet normal -0.420175 -0.124353 0.898882
outer loop
vertex 34.3983 0.194475 -1.26717
vertex 34.3983 0.12965 -1.27613
vertex 37.3593 0.0441435 0.096093
endloop
endfacet
facet normal -0.403683 -0.338567 0.849948
outer loop
vertex 37.3593 0.0441435 0.096093
vertex 34.3983 0.12965 -1.27613
vertex 37.3593 0.029429 0.0902316
endloop
endfacet
facet normal -0.419918 -0.0746569 0.904486
outer loop
vertex 34.3983 0.12965 -1.27613
vertex 34.3983 0.0648249 -1.28148
vertex 37.3593 0.029429 0.0902316
endloop
endfacet
facet normal -0.413002 -0.210583 0.88605
outer loop
vertex 37.3593 0.029429 0.0902316
vertex 34.3983 0.0648249 -1.28148
vertex 37.3593 0.0147145 0.0867345
endloop
endfacet
facet normal -0.41969 -0.0248944 0.907326
outer loop
vertex 34.3983 0.0648249 -1.28148
vertex 34.3983 -2.10629e-15 -1.28326
vertex 37.3593 0.0147145 0.0867345
endloop
endfacet
facet normal -0.418554 -0.0715257 0.905371
outer loop
vertex 37.3593 0.0147145 0.0867345
vertex 34.3983 -2.10629e-15 -1.28326
vertex 37.3593 -2.28759e-15 0.0855721
endloop
endfacet
facet normal -0.419499 0.0248968 0.907414
outer loop
vertex 34.3983 -2.10629e-15 -1.28326
vertex 34.3983 -0.0648249 -1.28148
vertex 37.3593 -2.28759e-15 0.0855721
endloop
endfacet
facet normal -0.419397 0.0714951 0.904983
outer loop
vertex 37.3593 -2.28759e-15 0.0855721
vertex 34.3983 -0.0648249 -1.28148
vertex 37.3593 -0.0147145 0.0867345
endloop
endfacet
facet normal -0.419343 0.0746787 0.904751
outer loop
vertex 34.3983 -0.0648249 -1.28148
vertex 34.3983 -0.12965 -1.27613
vertex 37.3593 -0.0147145 0.0867345
endloop
endfacet
facet normal -0.415493 0.210321 0.884947
outer loop
vertex 37.3593 -0.0147145 0.0867345
vertex 34.3983 -0.12965 -1.27613
vertex 37.3593 -0.029429 0.0902316
endloop
endfacet
facet normal -0.419218 0.124414 0.89932
outer loop
vertex 34.3983 -0.12965 -1.27613
vertex 34.3983 -0.194475 -1.26717
vertex 37.3593 -0.029429 0.0902316
endloop
endfacet
facet normal -0.407721 0.337904 0.848283
outer loop
vertex 37.3593 -0.029429 0.0902316
vertex 34.3983 -0.194475 -1.26717
vertex 37.3593 -0.0441435 0.096093
endloop
endfacet
facet normal -0.419113 0.174066 0.891092
outer loop
vertex 34.3983 -0.194475 -1.26717
vertex 34.3983 -0.2593 -1.2545
vertex 37.3593 -0.0441435 0.096093
endloop
endfacet
facet normal -0.397498 0.44984 0.799775
outer loop
vertex 37.3593 -0.0441435 0.096093
vertex 34.3983 -0.2593 -1.2545
vertex 37.3593 -0.058858 0.104369
endloop
endfacet
facet normal -0.41901 0.223602 0.880019
outer loop
vertex 34.3983 -0.2593 -1.2545
vertex 34.3983 -0.324125 -1.23803
vertex 37.3593 -0.058858 0.104369
endloop
endfacet
facet normal -0.386293 0.544627 0.744419
outer loop
vertex 37.3593 -0.058858 0.104369
vertex 34.3983 -0.324125 -1.23803
vertex 37.3593 -0.0735725 0.115135
endloop
endfacet
facet normal -0.418885 0.27299 0.866032
outer loop
vertex 34.3983 -0.324125 -1.23803
vertex 34.3983 -0.388949 -1.2176
vertex 37.3593 -0.0735725 0.115135
endloop
endfacet
facet normal -0.375287 0.622958 0.686355
outer loop
vertex 37.3593 -0.0735725 0.115135
vertex 34.3983 -0.388949 -1.2176
vertex 37.3593 -0.088287 0.12849
endloop
endfacet
facet normal -0.418707 0.322203 0.84904
outer loop
vertex 34.3983 -0.388949 -1.2176
vertex 34.3983 -0.453774 -1.193
vertex 37.3593 -0.088287 0.12849
endloop
endfacet
facet normal -0.365263 0.686732 0.628475
outer loop
vertex 37.3593 -0.088287 0.12849
vertex 34.3983 -0.453774 -1.193
vertex 37.3593 -0.103001 0.144568
endloop
endfacet
facet normal -0.418434 0.371221 0.828919
outer loop
vertex 34.3983 -0.453774 -1.193
vertex 34.3983 -0.518599 -1.16397
vertex 37.3593 -0.103001 0.144568
endloop
endfacet
facet normal -0.35664 0.73826 0.57252
outer loop
vertex 37.3593 -0.103001 0.144568
vertex 34.3983 -0.518599 -1.16397
vertex 37.3593 -0.117716 0.163543
endloop
endfacet
facet normal -0.418012 0.420031 0.805506
outer loop
vertex 34.3983 -0.518599 -1.16397
vertex 34.3983 -0.583424 -1.13016
vertex 37.3593 -0.117716 0.163543
endloop
endfacet
facet normal -0.34957 0.779788 0.519356
outer loop
vertex 37.3593 -0.117716 0.163543
vertex 34.3983 -0.583424 -1.13016
vertex 37.3593 -0.13243 0.185636
endloop
endfacet
facet normal -0.417372 0.46863 0.77858
outer loop
vertex 34.3983 -0.583424 -1.13016
vertex 34.3983 -0.648249 -1.09114
vertex 37.3593 -0.13243 0.185636
endloop
endfacet
facet normal -0.344034 0.813285 0.469264
outer loop
vertex 37.3593 -0.13243 0.185636
vertex 34.3983 -0.648249 -1.09114
vertex 37.3593 -0.147145 0.211138
endloop
endfacet
facet normal -0.416423 0.517027 0.747847
outer loop
vertex 34.3983 -0.648249 -1.09114
vertex 34.3983 -0.713074 -1.04633
vertex 37.3593 -0.147145 0.211138
endloop
endfacet
facet normal -0.339911 0.840381 0.42216
outer loop
vertex 37.3593 -0.147145 0.211138
vertex 34.3983 -0.713074 -1.04633
vertex 37.3593 -0.161859 0.240429
endloop
endfacet
facet normal -0.415043 0.565252 0.712902
outer loop
vertex 34.3983 -0.713074 -1.04633
vertex 34.3983 -0.777899 -0.994929
vertex 37.3593 -0.161859 0.240429
endloop
endfacet
facet normal -0.337029 0.862393 0.377742
outer loop
vertex 37.3593 -0.161859 0.240429
vertex 34.3983 -0.777899 -0.994929
vertex 37.3593 -0.176574 0.274023
endloop
endfacet
facet normal -0.413067 0.61336 0.673176
outer loop
vertex 34.3983 -0.777899 -0.994929
vertex 34.3983 -0.842724 -0.935864
vertex 37.3593 -0.176574 0.274023
endloop
endfacet
facet normal -0.335185 0.880367 0.335567
outer loop
vertex 37.3593 -0.176574 0.274023
vertex 34.3983 -0.842724 -0.935864
vertex 37.3593 -0.191288 0.312627
endloop
endfacet
facet normal -0.410257 0.661444 0.627838
outer loop
vertex 34.3983 -0.842724 -0.935864
vertex 34.3983 -0.907549 -0.867569
vertex 37.3593 -0.191288 0.312627
endloop
endfacet
facet normal -0.334155 0.895135 0.295083
outer loop
vertex 37.3593 -0.191288 0.312627
vertex 34.3983 -0.907549 -0.867569
vertex 37.3593 -0.206003 0.357263
endloop
endfacet
facet normal -0.406256 0.709667 0.575611
outer loop
vertex 34.3983 -0.907549 -0.867569
vertex 34.3983 -0.972374 -0.787647
vertex 37.3593 -0.206003 0.357263
endloop
endfacet
facet normal -0.333688 0.90737 0.2556
outer loop
vertex 37.3593 -0.206003 0.357263
vertex 34.3983 -0.972374 -0.787647
vertex 37.3593 -0.220717 0.409499
endloop
endfacet
facet normal -0.400476 0.758309 0.51438
outer loop
vertex 34.3983 -0.972374 -0.787647
vertex 34.3983 -1.0372 -0.692081
vertex 37.3593 -0.220717 0.409499
endloop
endfacet
facet normal -0.333469 0.917641 0.216179
outer loop
vertex 37.3593 -0.220717 0.409499
vertex 34.3983 -1.0372 -0.692081
vertex 37.3593 -0.235432 0.471959
endloop
endfacet
facet normal -0.391817 0.807916 0.440171
outer loop
vertex 34.3983 -1.0372 -0.692081
vertex 34.3983 -1.10202 -0.573097
vertex 37.3593 -0.235432 0.471959
endloop
endfacet
facet normal -0.333032 0.926476 0.175304
outer loop
vertex 37.3593 -0.235432 0.471959
vertex 34.3983 -1.10202 -0.573097
vertex 37.3593 -0.250146 0.549725
endloop
endfacet
facet normal -0.342286 0.916438 0.207323
outer loop
vertex 34.3983 -1.10202 -0.573097
vertex 34.3983 -1.23167 2.10629e-15
vertex 37.3593 -0.250146 0.549725
endloop
endfacet
facet normal -0.326152 0.942413 0.0740435
outer loop
vertex 37.3593 -0.250146 0.549725
vertex 34.3983 -1.23167 2.10629e-15
vertex 37.3593 -0.279575 0.924292
endloop
endfacet
endsolid
